Con,Grn,Lab,Lib,Nat,Oth,Ref,Prev_con,Prev_lab,Prev_lib,Prev_ref,Prev_nat,Prev_oth,Aged 15 years and under,Aged 16 to 24 years,Aged 25 to 34 years,Aged 35 to 49 years,Aged 50 to 64 years,Aged 65 years and over,Region,Total population,Latitude,Longitude
0.3546666666666667,,0.2803333333333333,0.27416666666666667,,0.08650000000000001,,0.132884713052311,0.575495175215846,0.151777552056882,0.0,0.107846622651092,0.0319959370238699,0.186065352416959,0.0955981636510937,0.124385633270321,0.179638131244936,0.208792870645423,0.205519848771266,Wales,92573,51.5979357,-3.7938665
0.3546666666666667,,0.2803333333333333,0.27416666666666667,,0.08650000000000001,,0.443371031792109,0.217203502008778,0.283319012563573,0.0,0.0,0.0561064536355402,0.185378523375628,0.0998211700587584,0.158247466575832,0.207732266030827,0.187737375457719,0.161083198501235,South East,117430,51.2494169,-0.7630148
0.3546666666666667,,0.2803333333333333,0.27416666666666667,,0.08650000000000001,,0.453867660764213,0.349767008387698,0.121318732525629,0.0,0.0,0.0750465983224604,0.177914044889805,0.0899291719636352,0.114617496554745,0.177711068616663,0.212078156548121,0.22775006142703,West Midlands,93607,52.5985756,-1.9269572
0.3546666666666667,,0.2803333333333333,0.27416666666666667,,0.08650000000000001,,0.468891246195,0.29323863112259,0.220874458075823,0.0,0.0,0.0169956646065861,0.212833419206532,0.0822599183544053,0.100719353176648,0.219046014823035,0.194859498236297,0.190281796203083,North West,100924,53.3984501,-2.35182278398903
0.3546666666666667,,0.2803333333333333,0.27416666666666667,,0.08650000000000001,,0.25406633348478,0.482280781462971,0.174920490686052,0.0,0.0442980463425715,0.0444343480236256,0.181959793087233,0.0899561094129633,0.130466729367505,0.19132573085665,0.208382318363508,0.19790931891214,Wales,102072,57.27409625,-5.51591617403947
0.3546666666666667,,0.2803333333333333,0.27416666666666667,,0.08650000000000001,,0.338850999884406,0.468454513929026,0.121188301930413,0.0,0.0,0.0715061842561553,0.169521173539994,0.0869526709106006,0.125004151674509,0.179086631608082,0.219529476889012,0.219905895377802,East Midlands,90322,53.029057,-1.46249535974619
0.3546666666666667,,0.2803333333333333,0.27416666666666667,,0.08650000000000001,,0.502062795848352,0.171472619099318,0.266621791809615,0.0,0.0,0.059842793242715,0.158648651429865,0.0752955946365909,0.0816551241548926,0.160922852115212,0.234736614631034,0.288741163032405,South East,97177,50.85453835,-0.564816299557614
0.3546666666666667,,0.2803333333333333,0.27416666666666667,,0.08650000000000001,,0.240293134481872,0.488686037541785,0.138878889174595,0.0,0.0,0.132141938801748,0.184915072299047,0.0924943697249058,0.128128222937846,0.183441729283745,0.211203721243501,0.199816884510955,East Midlands,95021,53.08977375,-1.25187674615571
0.3546666666666667,,0.2803333333333333,0.27416666666666667,,0.08650000000000001,,0.515795926065636,0.235901546586194,0.188348736325915,0.0,0.0,0.0599537910222557,0.205446749550629,0.0961840922708208,0.138340698022768,0.198060215698023,0.192433717795087,0.169534526662672,South East,106816,51.148555,0.8722566
0.3546666666666667,,0.2803333333333333,0.27416666666666667,,0.08650000000000001,,0.197120375935741,0.589967761324518,0.125457625266379,0.0,0.0,0.0874542374733621,0.20579973810214,0.0983116584532032,0.140535191275403,0.194034326612621,0.198102739931427,0.163216345625206,North West,100040,53.4865407,-2.098691
0.3546666666666667,,0.2803333333333333,0.27416666666666667,,0.08650000000000001,,0.502010431266227,0.189118397169313,0.263033338694483,0.0,0.0,0.0458378328699767,0.204788789008258,0.0920485273697288,0.138209822407367,0.214390119125923,0.19438354162099,0.156179200467734,South East,109464,51.8161412,-0.8130383
0.3546666666666667,,0.2803333333333333,0.27416666666666667,,0.08650000000000001,,0.473491285138612,0.272952371704617,0.182502306161091,0.0,0.0,0.0710540369956789,0.186671517916847,0.0896432364394445,0.1310034220981,0.196898477756362,0.201952955984738,0.193830389804508,South East,101692,52.0601807,-1.3402795
0.3546666666666667,,0.2803333333333333,0.27416666666666667,,0.08650000000000001,,0.263720994858969,0.339076467046454,0.177573989162151,0.0,0.181557130285767,0.0380714186466583,0.155804602061498,0.128025318925246,0.108038975537323,0.157896448197002,0.213780171899895,0.236454483379036,Wales,92264,53.2277163,-4.1268822
0.3546666666666667,,0.2803333333333333,0.27416666666666667,,0.08650000000000001,,0.159749906788654,0.467203946424986,0.121576275561419,0.0,0.0,0.25146987122494,0.264506968576019,0.116130478645892,0.156215670888914,0.236774651571199,0.149968239733961,0.0764039905840152,London,133816,51.5389922,0.0804245
0.3546666666666667,,0.2803333333333333,0.27416666666666667,,0.08650000000000001,,0.153161895519974,0.616340503531188,0.179524502668607,0.0,0.0,0.0509730982802307,0.183971291866029,0.0917416267942583,0.141732057416268,0.184210526315789,0.211062200956938,0.187282296650718,Wales,104500,53.5352272,-1.3789721
0.3546666666666667,,0.2803333333333333,0.27416666666666667,,0.08650000000000001,,0.129485961579058,0.672709520793751,0.152047709520794,0.0,0.0,0.0457568081063964,0.187507748057026,0.0935965288704524,0.142516568921947,0.18189100271778,0.209488389834549,0.184999761598245,Wales,104865,53.5527719,-1.4827755
0.3546666666666667,,0.2803333333333333,0.27416666666666667,,0.08650000000000001,,0.331975560081466,0.450788347559441,0.172017666308153,0.0,0.0,0.0452184260509393,0.165080831408776,0.0893302540415704,0.122966384398255,0.168447523736207,0.224172440338722,0.230002566076469,North West,97424,54.1162206,-3.228422940078
0.3546666666666667,,0.2803333333333333,0.27416666666666667,,0.08650000000000001,,0.419568784230351,0.337739468028563,0.123171492616643,0.0,0.0,0.119520255124442,0.217509551252995,0.095133255011517,0.137075512714961,0.198758568375871,0.187158305658597,0.164364806986059,Eastern,108102,51.5944857,0.3672374
0.3546666666666667,,0.2803333333333333,0.27416666666666667,,0.08650000000000001,,0.402260164598944,0.315022724481022,0.222527944969905,0.0,0.0,0.0601891659501289,0.192381800665297,0.0936596804391689,0.150273571701234,0.21832112409794,0.189446130914511,0.155917692181848,South East,110027,51.262826,-1.0861976
0.3546666666666667,,0.2803333333333333,0.27416666666666667,,0.08650000000000001,,0.359069981583794,0.517472375690608,0.123457642725599,0.0,0.0,0.0,0.1760426863208,0.087455135218134,0.125256712922976,0.178326711579432,0.217356672616648,0.215562081342009,East Midlands,104202,53.34945205,-0.961660401193982
0.3546666666666667,,0.2803333333333333,0.27416666666666667,,0.08650000000000001,,0.327617388974479,0.159242637372452,0.4405296179695,0.0,0.0,0.0726103556835689,0.147938758372879,0.214628859335638,0.122912883004277,0.168004374401937,0.17411681996602,0.172398304919249,South West,102411,51.3813864,-2.3596963
0.3546666666666667,,0.2803333333333333,0.27416666666666667,,0.08650000000000001,,0.398534837709213,0.40492487032779,0.145874552162986,0.0,0.0,0.0506657398000107,0.155903067924078,0.10502199245186,0.294772316140348,0.221614126592042,0.136674594356342,0.0860139025353302,London,108899,51.4707933,-0.172214
0.3546666666666667,,0.2803333333333333,0.27416666666666667,,0.08650000000000001,,0.540058714901274,0.189331881244377,0.221625076944931,0.0,0.0,0.048984326909418,0.187849827936482,0.0794912724408142,0.105228243293669,0.198225465400721,0.213845930594137,0.215359260334176,South East,96476,51.6082881,-0.6571233
0.3546666666666667,,0.2803333333333333,0.27416666666666667,,0.08650000000000001,,0.441558441558442,0.309813664596273,0.202484472049689,0.0,0.0,0.0461434217955957,0.187932804479701,0.0791133924405039,0.139085394307046,0.242426504899673,0.192543163789081,0.158898740083994,Wales,107150,51.4070938,-0.0303183
0.3546666666666667,,0.2803333333333333,0.27416666666666667,,0.08650000000000001,,0.3362765180947,0.413411504320595,0.219679310588401,0.0,0.0,0.0306326669963033,0.195489473923521,0.105524485063429,0.146055563133724,0.211276315191197,0.183749374801073,0.157904787887055,Eastern,109962,52.1363806,-0.4675041
0.3546666666666667,,0.2803333333333333,0.27416666666666667,,0.08650000000000001,,0.128381091440044,0.323672202956744,0.472567986858916,0.0,0.0,0.0753787187442964,0.140106941891173,0.148598837263557,0.275016097274195,0.218139061785538,0.145789979563461,0.072349082222077,London,107159,51.4945379,-0.0691595028998192
0.3546666666666667,,0.2803333333333333,0.27416666666666667,,0.08650000000000001,,0.128684875466249,0.336632174226928,0.123751654433883,0.0,0.0,0.410931295872939,0.186372350244957,0.171966834178783,0.259843637826708,0.212998098724331,0.108514717135937,0.0603043618892842,Wales,126756,51.51686765,-0.0416595381921766
0.3546666666666667,,0.2803333333333333,0.27416666666666667,,0.08650000000000001,,0.402940914753515,0.355512546716498,0.194563089517708,0.0,0.0,0.0469834490122797,0.15172675776231,0.084611688993665,0.0937622202607733,0.163201233478207,0.236170854608225,0.270527244896819,Yorkshire & the Humber,89503,53.8425488,-0.4315677
0.3546666666666667,,0.2803333333333333,0.27416666666666667,,0.08650000000000001,,0.536116929884435,0.185821545413891,0.221361828323958,0.0,0.0,0.0566996963777155,0.147224186109147,0.0768721453500768,0.0871068017820871,0.142533301911142,0.223927998294224,0.322335566553322,South East,89109,50.8419553,0.4709063
0.3546666666666667,,0.2803333333333333,0.27416666666666667,,0.08650000000000001,,0.436697467898716,0.369926797071883,0.130733229329173,0.0,0.0,0.062642505700228,0.205852244509086,0.0977671467520752,0.127180401974398,0.206065090256732,0.194135592876762,0.168999523630946,London,98663,51.4634854,0.1480552
0.3546666666666667,,0.2803333333333333,0.27416666666666667,,0.08650000000000001,,0.450099079146754,0.235854994754633,0.250495395733768,0.0,0.0,0.0635505303648443,0.185162119414788,0.0843416370106761,0.13582443653618,0.208580466587584,0.201937524713325,0.184153815737446,Wales,101160,51.8988832,-1.1518287
0.3546666666666667,,0.2803333333333333,0.27416666666666667,,0.08650000000000001,,0.199550224887556,0.596351824087956,0.195377311344328,0.0,0.0,0.0087206396801599,0.19313312857847,0.098993288590604,0.129725476813408,0.187208508702082,0.206963561217912,0.183976036097524,North West,105492,53.3895177,-3.0248007
0.3546666666666667,,0.2803333333333333,0.27416666666666667,,0.08650000000000001,,0.370096745822339,0.436311094358588,0.142203794446538,0.0,0.0,0.0513883653725342,0.19484055563247,0.149107019244081,0.151266786653745,0.198449397757165,0.160108911348009,0.14622732936453,Wales,108344,52.45046225,-1.93199500617883
0.3546666666666667,,0.2803333333333333,0.27416666666666667,,0.08650000000000001,,0.218985579575004,0.51955556722965,0.173754301174122,0.0,0.0,0.0877045520212235,0.219524818849509,0.109955472305746,0.147820443305236,0.193235405267741,0.188544388031744,0.140919472240022,Wales,121722,52.5284461,-1.8425676
0.3546666666666667,,0.2803333333333333,0.27416666666666667,,0.08650000000000001,,0.165050474911731,0.40198418618529,0.278059575314536,0.0,0.0,0.154905763588443,0.237599959078586,0.13113608075159,0.147231836859963,0.208281471124827,0.154461286637453,0.12128936554758,Wales,117298,52.4796992,-1.9026911
0.3546666666666667,,0.2803333333333333,0.27416666666666667,,0.08650000000000001,,0.202211090872293,0.424913985023275,0.251467314308844,0.0,0.0,0.121407609795588,0.259317709781347,0.128738940585801,0.138518651773595,0.18778517343451,0.159231033411287,0.126408491013459,Wales,122294,52.4796992,-1.9026911
0.3546666666666667,,0.2803333333333333,0.27416666666666667,,0.08650000000000001,,0.105185065285421,0.49196072083738,0.284719974101651,0.0,0.0,0.118134239775548,0.230196357315001,0.211620770942805,0.192393294088209,0.189575020083495,0.112026391687409,0.0641881658830811,Wales,151865,52.47971745,-1.91503442178895
0.3546666666666667,,0.2803333333333333,0.27416666666666667,,0.08650000000000001,,0.297526245927356,0.494630143598407,0.129383371545795,0.0,0.0,0.0784602389284421,0.219959550228226,0.101430585965042,0.137464281738227,0.191125171633206,0.184102126396259,0.16591828403904,Wales,107788,52.3960578,-1.98586937908393
0.3546666666666667,,0.2803333333333333,0.27416666666666667,,0.08650000000000001,,0.159677752530469,0.477148316463541,0.265699235695104,0.0,0.0,0.0974746953108861,0.239843102500349,0.13943526747249,0.146878051582515,0.205763849568778,0.158973601503328,0.109106127372541,Wales,121861,52.5315031,-1.90406171023003
0.3546666666666667,,0.2803333333333333,0.27416666666666667,,0.08650000000000001,,0.296219077961019,0.480978260869565,0.181292166416792,0.0,0.0,0.0415104947526236,0.179824805081764,0.212511806211456,0.130414652665889,0.17651906587403,0.160231123951331,0.14049854621553,Wales,107994,52.45046225,-1.93199500617883
0.3546666666666667,,0.2803333333333333,0.27416666666666667,,0.08650000000000001,,0.0991604625376207,0.36744284281113,0.410158931305771,0.0,0.0,0.123237763345478,0.245128440043694,0.127233165368759,0.141856654568519,0.195928327284259,0.164355685542126,0.125497727192642,Wales,113516,52.47809765,-1.82875869525344
0.3546666666666667,,0.2803333333333333,0.27416666666666667,,0.08650000000000001,,0.211602959625182,0.510560946260785,0.226580301595023,0.0,0.0,0.0512557925190097,0.168371548697499,0.0888344675133284,0.10224957739153,0.169140912834294,0.232478002687356,0.238925490875991,North East,92284,54.6640762,-1.6752864
0.3546666666666667,,0.2803333333333333,0.27416666666666667,,0.08650000000000001,,0.226338768160627,0.422880540687205,0.207764978663575,0.0,0.0,0.143015712488592,0.243750556000356,0.123707855173027,0.135477270705453,0.201948225246864,0.163063784360822,0.132052308513477,North West,112408,53.749326,-2.4840566
0.3546666666666667,,0.2803333333333333,0.27416666666666667,,0.08650000000000001,,0.141817143672829,0.586110912854186,0.20473199628863,0.0,0.0,0.0673399471843551,0.243913891497508,0.105910929711768,0.137759156252257,0.20457090226107,0.175549013942065,0.132296106335332,Wales,110744,53.5242138,-2.2281266
0.3546666666666667,,0.2803333333333333,0.27416666666666667,,0.08650000000000001,,0.380225909261342,0.418611736032996,0.150004686914136,0.0,0.0,0.051157667791526,0.159989895375029,0.0844262467633623,0.108540513230743,0.160758267898869,0.221775466812622,0.264509609919373,Wales,95006,53.8179442,-3.0509812
0.3546666666666667,,0.2803333333333333,0.27416666666666667,,0.08650000000000001,,0.325231809752373,0.478520781062507,0.152132649721828,0.0,0.0,0.0441147594632922,0.181807381955423,0.0973690703561213,0.133547779838982,0.180518875252447,0.218406455327198,0.188350437269828,North West,109429,53.7983538,-3.0488911
0.3546666666666667,,0.2803333333333333,0.27416666666666667,,0.08650000000000001,,0.0444691971553423,0.389769514180447,0.0630622911490018,0.0,0.0490960500385571,0.453602947476651,0.178931980211655,0.0945560863992203,0.134037436837255,0.176633227046897,0.215627284187332,0.200213985317641,Wales,94399,51.7497044,-3.23940277107558
0.3546666666666667,,0.2803333333333333,0.27416666666666667,,0.08650000000000001,,0.120063968507812,0.526190183294378,0.291967031615205,0.0,0.0,0.0617788165826054,0.172941613495324,0.0852416746787868,0.118007604230399,0.188051743728695,0.218446814089677,0.217310549777117,Wales,91527,54.9565368,-1.6890663
0.3546666666666667,,0.2803333333333333,0.27416666666666667,,0.08650000000000001,,0.14584944280191,0.550989310893791,0.28216966113259,0.0,0.0,0.0209915851717079,0.181208450288078,0.0928842271138031,0.124390604225144,0.176146156497759,0.214930812035259,0.210439749839957,Wales,101534,55.1270903,-1.5099726
0.3546666666666667,,0.2803333333333333,0.27416666666666667,,0.08650000000000001,,0.458579116824516,0.239618340344528,0.227233202509929,0.0,0.0,0.0745693403210265,0.158127761327866,0.0848130470114609,0.114740470208016,0.167776646522011,0.202925489683259,0.271616585247387,South East,107059,50.7834973,-0.6730718
0.3546666666666667,,0.2803333333333333,0.27416666666666667,,0.08650000000000001,,0.172329376854599,0.656033630069238,0.171414441147379,0.0,0.0,0.0002225519287833,0.173317492487246,0.0875872328105188,0.132324311372463,0.178189551031818,0.221948224394237,0.206633187903717,East Midlands,100166,53.228666,-1.2912756
0.3546666666666667,,0.2803333333333333,0.27416666666666667,,0.08650000000000001,,0.333365200764818,0.471247609942639,0.162786806883365,0.0,0.0,0.0326003824091778,0.208551690236045,0.102932785575716,0.126932293998367,0.193163563584652,0.187422642403813,0.180997024201406,North West,113918,54.6082822,-1.7299041
0.3546666666666667,,0.2803333333333333,0.27416666666666667,,0.08650000000000001,,0.257606185359976,0.542172908926599,0.168641429862436,0.0,0.0,0.031579475850989,0.243831757544359,0.115067672581272,0.146451236886414,0.193733000906618,0.167886284160083,0.133030047921254,Wales,123536,53.5782863,-2.4300367
0.3546666666666667,,0.2803333333333333,0.27416666666666667,,0.08650000000000001,,0.316781415622369,0.448907821090693,0.210188716627867,0.0,0.0,0.0241220466590717,0.1917268749364,0.0902309962348631,0.11886638852142,0.19327363386588,0.20687900681795,0.199023099623486,North West,98270,54.3146038,-1.96950644691168
0.3546666666666667,,0.2803333333333333,0.27416666666666667,,0.08650000000000001,,0.0795592665010833,0.693124768799873,0.172964117740316,0.0,0.0,0.0543518469587274,0.186558036771088,0.0974512743628185,0.139597964175807,0.188649096504379,0.213919356111418,0.173824272074489,North West,101382,53.4506931,-2.9948834
0.3546666666666667,,0.2803333333333333,0.27416666666666667,,0.08650000000000001,,0.464620501965528,0.310704566071968,0.100090716661627,0.0,0.0,0.124584215300877,0.167830001118867,0.0873232405821549,0.114158827427726,0.172228007814853,0.215424868102832,0.243035054953567,East Midlands,116189,52.9805831,-0.0302848
0.3546666666666667,,0.2803333333333333,0.27416666666666667,,0.08650000000000001,,0.449546608632572,0.184959497037843,0.309998790956354,0.0,0.0,0.0554951033732317,0.174761548531887,0.104759678324294,0.133878810547971,0.219309893398167,0.187002057228352,0.180288011969329,South West,106938,50.7263763,-1.8608305
0.3546666666666667,,0.2803333333333333,0.27416666666666667,,0.08650000000000001,,0.384133556976622,0.229007233462627,0.331009539784044,0.0,0.0,0.0558496697767061,0.148487702968635,0.17427556169034,0.144244131280253,0.184460133742457,0.170507643092305,0.17802482722601,South West,107224,50.72223285,-1.89366803185795
0.3546666666666667,,0.2803333333333333,0.27416666666666667,,0.08650000000000001,,0.493053358962505,0.279009221635563,0.189444998661768,0.0,0.0,0.0384924207401639,0.199736684384794,0.0986745792354022,0.143939319505988,0.220851059648847,0.192534805804734,0.144263551420234,South East,101779,51.4143513,-0.7449925
0.3546666666666667,,0.2803333333333333,0.27416666666666667,,0.08650000000000001,,0.162675799343121,0.43960362687028,0.312747382309182,0.0,0.0,0.0849731914774162,0.26214367352427,0.130655842409574,0.140177490923759,0.202853973376361,0.153968334005647,0.110200685760387,Yorkshire & the Humber,118992,53.5781957,-2.4141644
0.3546666666666667,,0.2803333333333333,0.27416666666666667,,0.08650000000000001,,0.238479137160911,0.489268983549406,0.148436648872426,0.0,0.0,0.123815230417257,0.23631271622339,0.108747780564149,0.135042375208215,0.195767970566162,0.18203034906921,0.142098808368875,Yorkshire & the Humber,109259,55.11022305,-1.89590789893185
0.3546666666666667,,0.2803333333333333,0.27416666666666667,,0.08650000000000001,,0.328328328328328,0.383438994550106,0.178205983761539,0.0,0.0,0.110026693360027,0.253380577644102,0.151308145523464,0.15120926208232,0.203510362160603,0.136360265337234,0.104231387252276,Yorkshire & the Humber,121355,53.9099363,-2.40008788748701
0.3546666666666667,,0.2803333333333333,0.27416666666666667,,0.08650000000000001,,0.481036498246526,0.333852881326579,0.120968091094081,0.0,0.0,0.0641425293328137,0.184030345224948,0.0917558937917126,0.115187016853123,0.188620540644356,0.214798098621981,0.205608104863879,Eastern,104135,51.8780637,0.5537161
0.3546666666666667,,0.2803333333333333,0.27416666666666667,,0.08650000000000001,,0.294374570307761,0.234581631415052,0.379504185707931,0.0,0.06687022283334,0.0246693897359162,0.156647185347731,0.0799096182675386,0.102830947052817,0.160318943228974,0.226464901036348,0.273828405066591,Wales,92055,51.9472048,-3.391696
0.3546666666666667,,0.2803333333333333,0.27416666666666667,,0.08650000000000001,,0.169512328169321,0.497163430067641,0.291375736417194,0.0,0.0,0.0419485053458433,0.200356850791763,0.11989443164077,0.16748940599212,0.221857110995465,0.177800906995762,0.11260129358412,Wales,134512,51.2631549,-2.9347369
0.3546666666666667,,0.2803333333333333,0.27416666666666667,,0.08650000000000001,,0.270386592065622,0.497886022430948,0.206941947897415,0.0,0.0,0.0247854376060153,0.181782136738709,0.129975836194836,0.178752309775494,0.22149905364664,0.164882435232773,0.123108228411548,Wales,133671,51.5688188,-0.2265437
0.3546666666666667,,0.2803333333333333,0.27416666666666667,,0.08650000000000001,,0.308467792370231,0.36260162601626,0.258211382113821,0.0,0.0,0.0707191994996873,0.204401562997662,0.0974698392722583,0.160541300581852,0.253482175456586,0.165808260893208,0.118296860798434,London,128727,51.4801717,-0.341798968313621
0.3546666666666667,,0.2803333333333333,0.27416666666666667,,0.08650000000000001,,0.550210712492085,0.143371836583182,0.266633185579841,0.0,0.0,0.0397842653448915,0.183452577508714,0.0876189893801341,0.1229234187407,0.190811064228786,0.208177908232944,0.207016041908722,Eastern,98118,51.6231609,0.303664
0.3546666666666667,,0.2803333333333333,0.27416666666666667,,0.08650000000000001,,0.226268083006519,0.477547204113965,0.202815365036491,0.0,0.0736565981871542,0.0197127496558709,0.172791062204782,0.0882312717632578,0.129522286628023,0.187098267355376,0.210557875800835,0.211799236247725,Wales,95055,51.5049859,-3.5756674
0.3546666666666667,,0.2803333333333333,0.27416666666666667,,0.08650000000000001,,0.43197172386023,0.232562301463022,0.275401548029171,0.0,0.0,0.0600644266475772,0.177236116571406,0.0905434421023981,0.124716484712856,0.174161550790819,0.207014042197155,0.226328363625367,Wales,99203,51.1283378,-3.0037046
0.3546666666666667,,0.2803333333333333,0.27416666666666667,,0.08650000000000001,,0.450522245537925,0.322000330087473,0.190130384551906,0.0,0.0,0.0373470398226958,0.149816414686825,0.0751727861771058,0.0953239740820734,0.151425485961123,0.228401727861771,0.299859611231101,Wales,92600,54.0871383,-0.1964511
0.3546666666666667,,0.2803333333333333,0.27416666666666667,,0.08650000000000001,,0.360069704964058,0.442360287532977,0.149260594912506,0.0,0.0,0.0483094125904591,0.164801090757153,0.0799705319640226,0.105018362544807,0.171277461350692,0.230972225276538,0.247960328106789,Wales,90946,53.5525329,-0.4896411
0.3546666666666667,,0.2803333333333333,0.27416666666666667,,0.08650000000000001,,0.338612502224369,0.394742862953454,0.169585886061469,0.0,0.0,0.0970587487607087,0.149952294578357,0.149774054541451,0.130733824716651,0.189123163865502,0.200561980351657,0.179854681946381,Wales,95377,50.8214626,-0.1400561
0.3546666666666667,,0.2803333333333333,0.27416666666666667,,0.08650000000000001,,0.232861034174926,0.359191521505253,0.159154897337881,0.0,0.0,0.24879254698194,0.138803956398086,0.204565970705571,0.155606029721518,0.206614057055221,0.178600894945789,0.115809091173816,Wales,103020,50.82237285,-0.136248201013513
0.3546666666666667,,0.2803333333333333,0.27416666666666667,,0.08650000000000001,,0.175377686027963,0.370617121766601,0.379969347220919,0.0,0.0,0.0740358449845172,0.104158212844115,0.299788565448604,0.235706810755398,0.161160113619375,0.117132605770668,0.0820536915618392,Wales,93644,51.4741361,-2.58408207596344
0.3546666666666667,,0.2803333333333333,0.27416666666666667,,0.08650000000000001,,0.229143199520671,0.431204313960455,0.266267225883763,0.0,0.0,0.0733852606351108,0.191573457390261,0.1053544981237,0.190782957921804,0.22757298490782,0.159017599970924,0.12569850168549,South West,110057,51.44740795,-2.59805655
0.3546666666666667,,0.2803333333333333,0.27416666666666667,,0.08650000000000001,,0.3077212451801,0.435272265588263,0.214309225994545,0.0,0.0,0.042697263237092,0.188909479397677,0.11905702220737,0.161314822128383,0.209010541665401,0.167572986602667,0.154135147998501,Wales,98750,51.3299934,-2.5374845
0.3546666666666667,,0.2803333333333333,0.27416666666666667,,0.08650000000000001,,0.295692141312185,0.389126712328767,0.261175198269647,0.0,0.0,0.0540059480894015,0.193842321675504,0.135260126193943,0.139481853897085,0.204730899200527,0.16435433207872,0.16233046695422,South West,109197,51.3299934,-2.5374845
0.3546666666666667,,0.2803333333333333,0.27416666666666667,,0.08650000000000001,,0.196249353336782,0.4871184687015,0.235618210036213,0.0,0.0,0.0810139679255044,0.193955579465109,0.101464033200123,0.199613818014141,0.207596833691977,0.1605056870581,0.13686404857055,South West,104096,51.42605745,-2.62583955031907
0.3546666666666667,,0.2803333333333333,0.27416666666666667,,0.08650000000000001,,0.374690641494557,0.210582798572023,0.364156026194179,0.0,0.0,0.0505705337392408,0.160644635892161,0.0808795165230808,0.0978955038360979,0.172313659937422,0.221882902575972,0.266383781235266,Wales,93324,52.6928977,1.25648751941622
0.3546666666666667,,0.2803333333333333,0.27416666666666667,,0.08650000000000001,,0.506865931249142,0.201904151599762,0.234585984345677,0.0,0.0,0.0566439328054195,0.197845340112346,0.0861453934150641,0.122575751363319,0.220129976628808,0.196687031038583,0.17661650744188,Wales,97556,51.3122439,0.0346366025843522
0.3546666666666667,,0.2803333333333333,0.27416666666666667,,0.08650000000000001,,0.510080729493454,0.299242899569164,0.150541682352449,0.0,0.0,0.0401346885849332,0.182309468356472,0.0847927568232459,0.104160995331861,0.185878628393979,0.213574906990109,0.229283244104332,West Midlands,99183,52.3353816,-2.0597449
0.3546666666666667,,0.2803333333333333,0.27416666666666667,,0.08650000000000001,,0.535134625803868,0.254010506230713,0.128147746813974,0.0,0.0,0.0827071211514452,0.197448174697628,0.0971926231398706,0.129814655927966,0.202577657228788,0.197134501305435,0.175832387700313,Eastern,108394,51.7465723,-0.0190782
0.3546666666666667,,0.2803333333333333,0.27416666666666667,,0.08650000000000001,,0.356073501811357,0.426389070752041,0.157959058967308,0.0,0.0,0.0595783684692942,0.164731141853873,0.101482844692643,0.134577145999915,0.182415281127046,0.199623471675763,0.217170114650759,East Midlands,94546,52.9782566,-1.2170642
0.3546666666666667,,0.2803333333333333,0.27416666666666667,,0.08650000000000001,,0.48198975128109,0.305386826646669,0.171428571428571,0.0,0.0,0.0411948506436695,0.210822273131757,0.0975538178995399,0.12264043773785,0.205928015601037,0.194208304144499,0.168847151485317,Wales,105634,51.9937391,-0.7364092
0.3546666666666667,,0.2803333333333333,0.27416666666666667,,0.08650000000000001,,0.137493389740878,0.38282213996122,0.235854045478583,0.0,0.0,0.243830424819319,0.208866941115259,0.100919189798545,0.135286117221801,0.187726488548921,0.189022664828896,0.178178598486577,North West,109554,53.7907262,-2.2439196
0.3546666666666667,,0.2803333333333333,0.27416666666666667,,0.08650000000000001,,0.372534193261425,0.423551651284332,0.125208495496497,0.0,0.0,0.0787056599577449,0.191884902826777,0.0969954945748282,0.14269845642534,0.191787151984786,0.198887417689348,0.17774657649892,Wales,112531,52.802742,-1.629917
0.3546666666666667,,0.2803333333333333,0.27416666666666667,,0.08650000000000001,,0.359155392812507,0.433398381827351,0.153265946017059,0.0,0.0,0.0541802793430832,0.1938657800095,0.0946984751693987,0.122025223199139,0.191452030360899,0.203375371998565,0.194583119262498,North West,103159,53.5803553,-2.410543
0.3546666666666667,,0.2803333333333333,0.27416666666666667,,0.08650000000000001,,0.265868062223929,0.513899558286921,0.174356635298636,0.0,0.0,0.0458757441905127,0.223740056778256,0.0996711358461927,0.136183489332996,0.197084258556558,0.18152176968266,0.161799289803337,North West,106731,53.5804488,-2.3941097
0.3546666666666667,,0.2803333333333333,0.27416666666666667,,0.08650000000000001,,0.461510976127202,0.275620268429398,0.197704281024587,0.0,0.0,0.0651644744188123,0.168217397725594,0.0900211687096933,0.127307635504357,0.177915620538571,0.203967902328558,0.232570275193226,Wales,101568,53.5927543,-2.2972827
0.3546666666666667,,0.2803333333333333,0.27416666666666667,,0.08650000000000001,,0.19449447964568,0.312509271228464,0.111106401915701,0.0,0.358176693720994,0.0237131534891606,0.164059503004987,0.0861962405694557,0.10213759004305,0.164837389710584,0.223509228080644,0.259260048591279,Wales,93849,51.8591257,-4.3115907
0.3546666666666667,,0.2803333333333333,0.27416666666666667,,0.08650000000000001,,0.141325559544173,0.571927626665382,0.105355723131038,0.0,0.167995759751367,0.0133953309080396,0.187643970365451,0.0942992923402577,0.125645921099052,0.191192645319277,0.202803660738373,0.198414510137589,Wales,96373,51.6723809,-3.17839377287632
0.3546666666666667,,0.2803333333333333,0.27416666666666667,,0.08650000000000001,,0.357153720803911,0.385594785442694,0.189483976099946,0.0,0.0,0.0677675176534492,0.176603026845841,0.085323129423405,0.107504518057084,0.189162720728543,0.231021636192918,0.210384968752208,Yorkshire & the Humber,99047,53.6779597,-1.7160311
0.3546666666666667,,0.2803333333333333,0.27416666666666667,,0.08650000000000001,,0.25652750793726,0.284746244609771,0.376771075202578,0.0,0.0,0.0819551722503909,0.176689035773752,0.0926181946616882,0.114617286442303,0.179575155154145,0.20694283263535,0.229557495332761,South West,99095,50.214674,-5.330508
0.3546666666666667,,0.2803333333333333,0.27416666666666667,,0.08650000000000001,,0.181503967983264,0.330309025172249,0.435773245105396,0.0,0.0,0.0524137617390908,0.140252895239477,0.218853509344552,0.211366585269537,0.18865598027127,0.131258915403399,0.109612114471765,Eastern,124084,52.2055314,0.1186637
0.3546666666666667,,0.2803333333333333,0.27416666666666667,,0.08650000000000001,,0.299821935608066,0.505173492468358,0.142836517638,0.0,0.0,0.0521680542855767,0.179478506551,0.0919328684129368,0.137207891045474,0.184233826440772,0.212616520259851,0.194530387289965,West Midlands,100519,52.7069197,-1.97843475467299
0.3546666666666667,,0.2803333333333333,0.27416666666666667,,0.08650000000000001,,0.443503082895638,0.27960721625942,0.217309888102306,0.0,0.0,0.0595798127426353,0.150871632329635,0.206395077840962,0.111410459587956,0.159345576582455,0.174149342779901,0.19782791087909,South East,107270,51.2800275,1.0802533
0.3546666666666667,,0.2803333333333333,0.27416666666666667,,0.08650000000000001,,0.139047336839766,0.380373854853446,0.402721189223893,0.0,0.0406943724226485,0.0371632466602464,0.191937708894629,0.164199279689655,0.157023951707728,0.185604903295096,0.158542343693581,0.14269181271931,Wales,108008,51.5246206,-3.10187012759086
0.3546666666666667,,0.2803333333333333,0.27416666666666667,,0.08650000000000001,,0.357222151061014,0.395478416805431,0.186926262755647,0.0,0.0449809999573032,0.0153921694206054,0.178877634704072,0.123302552960348,0.124985355358874,0.191924678616694,0.192936490185428,0.187973288174585,Wales,93891,51.50059055,-3.20546911580268
0.3546666666666667,,0.2803333333333333,0.27416666666666667,,0.08650000000000001,,0.219158539115999,0.429394065158747,0.259000830047728,0.0,0.0487653040049802,0.0436812616725461,0.15357374338935,0.230280770639789,0.168941450538715,0.17169373549884,0.142273406163991,0.133236893769315,Wales,106457,51.4816546,-3.1791934
0.3546666666666667,,0.2803333333333333,0.27416666666666667,,0.08650000000000001,,0.2232626547371,0.449442333619316,0.17867385709033,0.0,0.124427013114352,0.0241941414389018,0.204497341593093,0.101292619872201,0.140793132042339,0.201356031413102,0.189122481830155,0.16293839324911,Wales,102505,51.50851295,-3.30768868132742
0.3546666666666667,,0.2803333333333333,0.27416666666666667,,0.08650000000000001,,0.390433985330073,0.401916695773664,0.175318721620678,0.0,0.0,0.032330597275585,0.17032426482764,0.0945812999814928,0.126774008162629,0.180444756143888,0.215218725344087,0.212656945540263,North West,102662,54.8948478,-2.9362311
0.3546666666666667,,0.2803333333333333,0.27416666666666667,,0.08650000000000001,,0.375274201239866,0.172913686218407,0.404911778731521,0.0,0.0,0.046900333810205,0.214173483283022,0.0941407254339938,0.128174606953425,0.23048574938341,0.19045261062916,0.142572824316989,London,105014,51.35830475,-0.131380592674323
0.3546666666666667,,0.2803333333333333,0.27416666666666667,,0.08650000000000001,,0.481523605150215,0.305751072961373,0.103304721030043,0.0,0.0,0.109420600858369,0.16882393420061,0.0914572205655863,0.109567344977116,0.170200216272897,0.207960590272089,0.251990693711702,Eastern,91553,51.54450755,0.584008406730769
0.3546666666666667,,0.2803333333333333,0.27416666666666667,,0.08650000000000001,,0.470372335721235,0.102723976297869,0.33158662775272,0.0,0.0,0.0953170602281772,0.165271247933707,0.0784654687533543,0.0939438826989545,0.168341169146218,0.230265558918872,0.263712672548893,South West,93160,50.7549392,-3.3564018
0.3546666666666667,,0.2803333333333333,0.27416666666666667,,0.08650000000000001,,0.450376470053002,0.276426832874593,0.205614067013944,0.0,0.0,0.0675826300584609,0.174981946391402,0.0910751454908457,0.10827917250754,0.176012064058451,0.21543264942016,0.2342190221316,Eastern,94164,51.45455195,-2.58441522958552
0.3546666666666667,,0.2803333333333333,0.27416666666666667,,0.08650000000000001,,0.18130371883244,0.174814909369415,0.30903752872096,0.0,0.303463535018296,0.0313803080588886,0.144999520363245,0.130780955223244,0.0976647019324031,0.142974387397278,0.218160113407446,0.265420321676384,Wales,93821,52.1249769,-4.58522704943443
0.3546666666666667,,0.2803333333333333,0.27416666666666667,,0.08650000000000001,,0.370698898528122,0.446656594209962,0.13653864899113,0.0,0.0,0.0461058582707866,0.212231711003627,0.0963195284159613,0.14010542623942,0.201415129987908,0.191278718258767,0.158649486094317,South East,105854,51.3203555,0.5054466
0.3546666666666667,,0.2803333333333333,0.27416666666666667,,0.08650000000000001,,0.400530933998014,0.101505663971467,0.475489898068778,0.0,0.0,0.0224735039617403,0.190136050859351,0.0804155887682108,0.102179536861509,0.200159197310403,0.202337686821186,0.22477193937934,North West,95479,52.9884392,-1.9937596
0.3546666666666667,,0.2803333333333333,0.27416666666666667,,0.08650000000000001,,0.401049507505699,0.256462643554561,0.322465482386339,0.0,0.0,0.0200223665534001,0.189694895018142,0.0960740236360753,0.147263755841394,0.214748761764404,0.182624593084536,0.169593970655449,Eastern,107209,51.7345329,0.4730532
0.3546666666666667,,0.2803333333333333,0.27416666666666667,,0.08650000000000001,,0.501342539317223,0.287471231300345,0.154895473724588,0.0,0.0,0.0562907556578442,0.147866465863454,0.126129518072289,0.221360441767068,0.210416666666667,0.170055220883534,0.124171686746988,London,119520,51.47536985,-0.181046742926716
0.3546666666666667,,0.2803333333333333,0.27416666666666667,,0.08650000000000001,,0.382375128586124,0.116104697679735,0.410469767973483,0.0,0.0,0.0910504057606583,0.170236336779911,0.115683260808815,0.139666254141882,0.195446924028903,0.190476665735159,0.18849055850533,South West,100196,51.8995685,-2.0711559
0.3546666666666667,,0.2803333333333333,0.27416666666666667,,0.08650000000000001,,0.533043404110173,0.151061652596572,0.254114436769847,0.0,0.0,0.0617805065234075,0.200520885909834,0.0845127294017887,0.0904282166723869,0.202539823544851,0.210898225353819,0.21110011911732,South East,99061,51.6839371,-0.611320478287867
0.3546666666666667,,0.2803333333333333,0.27416666666666667,,0.08650000000000001,,0.358591401441046,0.411055971751682,0.204943455647278,0.0,0.0,0.0254091711599942,0.151541850220264,0.124632450506873,0.133135183907436,0.179831219149727,0.194979035083064,0.215880261132636,Wales,94205,53.1908873,-2.8908955
0.3546666666666667,,0.2803333333333333,0.27416666666666667,,0.08650000000000001,,0.422801075804363,0.360444267357306,0.19904871003088,0.0,0.0,0.0177059468074509,0.170927692225715,0.0846059572654126,0.0926519955240581,0.180209942985027,0.229242819843342,0.242361592156445,Wales,93835,53.1908873,-2.8908955
0.3546666666666667,,0.2803333333333333,0.27416666666666667,,0.08650000000000001,,0.0820942408376963,0.406375799883653,0.4721815008726,0.0,0.0,0.03934845840605,0.168702609367124,0.0873435505839705,0.125374030737551,0.183374266685257,0.216975364914576,0.218230177711522,East Midlands,93241,53.2352134,-1.4264097
0.3546666666666667,,0.2803333333333333,0.27416666666666667,,0.08650000000000001,,0.475417289082289,0.195752419302462,0.267411400489273,0.0,0.0,0.0614188911259769,0.153803314577612,0.0995525512261632,0.112380696330152,0.162301000518503,0.204386150212202,0.267576287135368,South East,104146,50.8364862,-0.7791721
0.3546666666666667,,0.2803333333333333,0.27416666666666667,,0.08650000000000001,,0.517244513109465,0.278297814331803,0.170718407779343,0.0,0.0,0.0337392647793883,0.198585649295077,0.0958965812350795,0.132039097337958,0.221908923021485,0.19571190486915,0.15585784424125,Wales,111005,51.61820325,0.00226325
0.3546666666666667,,0.2803333333333333,0.27416666666666667,,0.08650000000000001,,0.418481727877517,0.138818007837419,0.413241593001002,0.0,0.0,0.0294586712840608,0.176621334640203,0.102691333823409,0.125265457812628,0.185677530017153,0.213591440006534,0.196152903700073,South West,97944,51.4587621,-2.1159032
0.3546666666666667,,0.2803333333333333,0.27416666666666667,,0.08650000000000001,,0.447799070296936,0.348448913765297,0.15140878474528,0.0,0.0,0.0523432311924864,0.201255967617647,0.0918326675583033,0.123160999459704,0.219094605007927,0.194621836830498,0.170033923525921,London,112899,51.65309,-0.2002261
0.3546666666666667,,0.2803333333333333,0.27416666666666667,,0.08650000000000001,,0.346706951470864,0.497236275060896,0.156056773468241,0.0,0.0,0.0,0.186911072578648,0.0850532573693336,0.123784988853109,0.196759970274957,0.209095863264801,0.198394847659153,North West,100925,53.6531915,-2.6294313
0.3546666666666667,,0.2803333333333333,0.27416666666666667,,0.08650000000000001,,0.555970790378007,0.152405498281787,0.249012027491409,0.0,0.0,0.0426116838487972,0.140801889470517,0.0724561981218844,0.0821306505274393,0.148171278685546,0.210498824758422,0.345941158436191,South West,88068,50.76509225,-1.81452413842956
0.3546666666666667,,0.2803333333333333,0.27416666666666667,,0.08650000000000001,,0.453566407597018,0.278999442956046,0.189103159234993,0.0,0.0,0.0783309902119419,0.113417957843325,0.144439536259908,0.219076353756011,0.210191613672165,0.180120185696068,0.132754352772522,London,119981,50.8832295,0.6209696
0.3546666666666667,,0.2803333333333333,0.27416666666666667,,0.08650000000000001,,0.104018488186856,0.481321097623909,0.369786174246674,0.0,0.0,0.0448742399425609,0.144853547342597,0.203593528073817,0.108640160506948,0.164936780524627,0.18493062246104,0.19304536109097,North East,100681,54.76470845,-1.57630517092966
0.3546666666666667,,0.2803333333333333,0.27416666666666667,,0.08650000000000001,,0.46209821524683,0.331115847488643,0.145083855411311,0.0,0.0,0.0617020818532153,0.150475104135901,0.0796117691391092,0.0947764006151401,0.137795476071658,0.217122080884824,0.320219169153367,Eastern,98190,51.81876975,1.16813027577237
0.3546666666666667,,0.2803333333333333,0.27416666666666667,,0.08650000000000001,,0.158341037329848,0.48917721317224,0.288501386719373,0.0,0.0,0.0639803627785393,0.138653941402827,0.128538499638054,0.304825313369147,0.202099287537623,0.150340991351393,0.0755419667009563,Wales,104988,51.4622924,-0.1388561
0.3546666666666667,,0.2803333333333333,0.27416666666666667,,0.08650000000000001,,0.287719375801247,0.444410061447328,0.156491755448477,0.0,0.0796825958180451,0.0316962114849034,0.164561571434517,0.0868533854925298,0.0999521411627616,0.162782471180657,0.229940904740106,0.255909525989429,Wales,96116,52.4140074,-4.07879700657863
0.3546666666666667,,0.2803333333333333,0.27416666666666667,,0.08650000000000001,,0.339701760766779,0.401703001647376,0.128024646456002,0.0,0.0948417877238398,0.0357288034060033,0.177700871200376,0.0884503435790231,0.109525190793883,0.162327335287116,0.210468407733779,0.251527851405823,Wales,99977,53.3352895,-3.40576670769421
0.3546666666666667,,0.2803333333333333,0.27416666666666667,,0.08650000000000001,,0.319772620107927,0.204772882066328,0.474904385183633,0.0,0.0,0.0005501126421124,0.201382024928931,0.124539689481741,0.155783949267439,0.20874699322108,0.166262847146293,0.143284495954516,Eastern,114325,51.8896903,0.8994651
0.3546666666666667,,0.2803333333333333,0.27416666666666667,,0.08650000000000001,,0.326629431646571,0.357576048133854,0.244456696310856,0.0,0.0,0.0713378239087182,0.182278344975819,0.0859430413756045,0.115529285330468,0.191585169263837,0.221225147770016,0.203439011284256,Yorkshire & the Humber,93050,51.5715504,0.2644778
0.3546666666666667,,0.2803333333333333,0.27416666666666667,,0.08650000000000001,,0.453943452380952,0.277380952380952,0.268650793650794,0.0,0.0,2.48015873015873e-05,0.172122574327933,0.0764976855972939,0.111069076019227,0.180579045753961,0.215517625066762,0.244213993234823,North West,89872,53.1635322,-2.2108035
0.3546666666666667,,0.2803333333333333,0.27416666666666667,,0.08650000000000001,,0.399679597207918,0.430987527177023,0.127405881679826,0.0,0.0,0.0419269939352328,0.200089199180054,0.0920466923400204,0.133901692211368,0.198862710454315,0.202610791385418,0.172488914428825,Wales,116591,52.4877341,-0.7032713
0.3546666666666667,,0.2803333333333333,0.27416666666666667,,0.08650000000000001,,0.209209369254137,0.548112026007941,0.168891731286807,0.0,0.0,0.0737868734511152,0.229130383321215,0.110211190206456,0.148585583605282,0.205914678480242,0.169831419827193,0.136326744559612,Wales,118282,52.4334327,-1.39838873485581
0.3546666666666667,,0.2803333333333333,0.27416666666666667,,0.08650000000000001,,0.267959252318485,0.479626159242708,0.185046369708327,0.0,0.0,0.067368218730479,0.194200818335182,0.114324593861554,0.146992758013254,0.196810543288813,0.180126944478102,0.167544342023096,West Midlands,107290,52.40531375,-1.47647338279221
0.3546666666666667,,0.2803333333333333,0.27416666666666667,,0.08650000000000001,,0.283945639541778,0.479899437895785,0.171785688874131,0.0,0.0,0.0643692336883049,0.171295677733983,0.231745607589017,0.139321263945487,0.172281047498163,0.149976618344579,0.13537978488877,West Midlands,119752,52.38884215,-1.48949082326318
0.3546666666666667,,0.2803333333333333,0.27416666666666667,,0.08650000000000001,,0.188997137548335,0.548887661326771,0.260307336915583,0.0,0.0,0.0018078642093105,0.174290833393747,0.0841471876715308,0.126308812411322,0.194102965087979,0.205712687842414,0.215437513593007,Wales,96557,55.0855893,-1.59069
0.3546666666666667,,0.2803333333333333,0.27416666666666667,,0.08650000000000001,,0.390107926524194,0.391013270435756,0.154885283396469,0.0,0.0,0.0639935196435804,0.210341539162651,0.0985459056653135,0.157114766273113,0.224443638020811,0.176601149434988,0.132953001443123,South East,118493,51.1103444,-0.1801094
0.3546666666666667,,0.2803333333333333,0.27416666666666667,,0.08650000000000001,,0.322948188904172,0.483516735442458,0.177005960568547,0.0,0.0,0.0165291150848234,0.18145455873758,0.0912843366452367,0.142661455289304,0.196056765049679,0.199709599649328,0.188833284628872,North West,109504,53.0996153,-2.4414627
0.3546666666666667,,0.2803333333333333,0.27416666666666667,,0.08650000000000001,,0.417662682602922,0.393438591313757,0.134351482957061,0.0,0.0,0.0545472431262603,0.204831999708696,0.105333588224049,0.137540850788796,0.204476973354817,0.197576717553777,0.150239870369865,Wales,109851,51.3758448,-0.0927317
0.3546666666666667,,0.2803333333333333,0.27416666666666667,,0.08650000000000001,,0.510390280514119,0.252720705507083,0.200159489633174,0.0,0.0,0.0367295243456234,0.197589025911043,0.0852352580217344,0.133454739800867,0.219511470931729,0.188691383439894,0.175518121894733,London,101039,51.3629173,-0.0933556
0.3546666666666667,,0.2803333333333333,0.27416666666666667,,0.08650000000000001,,0.301331826223707,0.466581482209554,0.170778454885001,0.0,0.0,0.0613082366817377,0.217774258589585,0.108332040847979,0.178069108511628,0.228786233806519,0.173914108225921,0.0931242500183669,Wales,122503,51.3784565,-0.102629261607142
0.3546666666666667,,0.2803333333333333,0.27416666666666667,,0.08650000000000001,,0.336766859440542,0.487775819702648,0.0802204075554121,0.0,0.0,0.0952369133013974,0.235778223337052,0.10826251457622,0.14413469685657,0.21305190392698,0.172892844858684,0.125879816444493,London,119204,51.56075915,0.15564382375908
0.3546666666666667,,0.2803333333333333,0.27416666666666667,,0.08650000000000001,,0.254361045242176,0.525532364473036,0.181485220576151,0.0,0.0,0.0386213697086375,0.184203227562687,0.0940738990641917,0.127150766828627,0.187213017082867,0.207644659934873,0.199714429526754,North East,97349,54.5242081,-1.5555812
0.3546666666666667,,0.2803333333333333,0.27416666666666667,,0.08650000000000001,,0.413061326035577,0.437492225401169,0.0907824356263216,0.0,0.0,0.0586640129369324,0.225971830468298,0.0888360084894479,0.155446936356704,0.226826287887836,0.171167115333376,0.131751821464338,South East,108841,51.4443059,0.21807
0.3546666666666667,,0.2803333333333333,0.27416666666666667,,0.08650000000000001,,0.524968599766122,0.301182381220495,0.144462731170687,0.0,0.0,0.0293862878426956,0.17693891688255,0.0853094960192065,0.12006908266196,0.188155360074397,0.221358688947723,0.208168455414164,East Midlands,105381,52.2578681,-1.1626569
0.3546666666666667,,0.2803333333333333,0.27416666666666667,,0.08650000000000001,,0.24366679912577,0.43567454798331,0.276748460162925,0.0,0.0,0.0439101927279952,0.181952032236817,0.134826998333915,0.142634352357705,0.191938858537719,0.179617575264443,0.169030183269402,East Midlands,103235,52.9497463,-1.4906424
0.3546666666666667,,0.2803333333333333,0.27416666666666667,,0.08650000000000001,,0.184534889570861,0.498339789706696,0.254414650098103,0.0,0.0,0.0627106706243396,0.224855715683958,0.120549124168888,0.148460967295555,0.204259340510986,0.16711667622937,0.134758176111242,East Midlands,118517,52.86789915,-1.36915564065248
0.3546666666666667,,0.2803333333333333,0.27416666666666667,,0.08650000000000001,,0.515962834118631,0.234246334052578,0.219208243427716,0.0,0.0,0.0305825884010744,0.153723874665562,0.0795710239675805,0.0913365200550773,0.168970882915962,0.244713362961636,0.261684335434181,East Midlands,89331,53.1302876,-1.65617327896854
0.3546666666666667,,0.2803333333333333,0.27416666666666667,,0.08650000000000001,,0.29692416060108,0.422587461845504,0.155740784221648,0.0,0.0,0.124747593331768,0.232245755362408,0.124535065235406,0.140087494459327,0.202981364065601,0.166904353523868,0.133245967353389,Wales,103777,53.7024493,-1.6273877
0.3546666666666667,,0.2803333333333333,0.27416666666666667,,0.08650000000000001,,0.434917404269418,0.235456998154021,0.276636531452643,0.0,0.0,0.0529890661239172,0.197678359600068,0.0820199966107439,0.142781826055847,0.207676664972039,0.193780715133028,0.176062437628274,Wales,106218,51.6056908,-1.2467923
0.3546666666666667,,0.2803333333333333,0.27416666666666667,,0.08650000000000001,,0.197357160835641,0.498766675056632,0.235615403976844,0.0,0.0,0.0682607601308834,0.185469559556614,0.0940456762709899,0.144876356599517,0.196679062218536,0.195867554865923,0.18306179048842,Yorkshire & the Humber,112140,53.52604325,-1.1385744
0.3546666666666667,,0.2803333333333333,0.27416666666666667,,0.08650000000000001,,0.288555248254972,0.507414724087976,0.160621625181088,0.0,0.0,0.0434084024759647,0.174461180439169,0.0881433009169807,0.122025683999274,0.178026623397419,0.219936590625233,0.217406620621924,Wales,93677,53.5227681,-1.1335312
0.3546666666666667,,0.2803333333333333,0.27416666666666667,,0.08650000000000001,,0.195402944812858,0.537653141508374,0.170647409239069,0.0,0.0,0.0962965044396987,0.189314666225494,0.0957068409297708,0.13056290842915,0.173690958722806,0.212186698651667,0.198537927041112,Yorkshire & the Humber,96712,53.5580363,-1.1837572
0.3546666666666667,,0.2803333333333333,0.27416666666666667,,0.08650000000000001,,0.546616458079521,0.121386643039096,0.288071768745154,0.0,0.0,0.0439251301362277,0.177982903067642,0.0822017096932358,0.104372295295146,0.194472276109062,0.218156430535718,0.222814385299196,Wales,93815,51.2325184,-0.3306724
0.3546666666666667,,0.2803333333333333,0.27416666666666667,,0.08650000000000001,,0.350113946660644,0.453979920750611,0.157800726794916,0.0,0.0,0.0381054057938284,0.17761198373968,0.0867055387928943,0.118779893861632,0.170752767456075,0.212131207978811,0.234018608170908,Wales,103073,51.2209803,1.3959799
0.3546666666666667,,0.2803333333333333,0.27416666666666667,,0.08650000000000001,,0.512224010011621,0.239161526772146,0.204411370340574,0.0,0.0,0.0442030928756592,0.168204504672347,0.0828373356343704,0.115999725444437,0.179784866105135,0.216673367129816,0.236500201013894,Wales,101984,52.26851,-2.1486075
0.3546666666666667,,0.2803333333333333,0.27416666666666667,,0.08650000000000001,,0.323858297312535,0.432202593497463,0.113559481300507,0.0,0.0,0.130379627889494,0.205640888519168,0.0991810016142289,0.139863533279856,0.185527397328104,0.190914762767759,0.178872416490884,Wales,100977,52.5110832,-2.0816813
0.3546666666666667,,0.2803333333333333,0.27416666666666667,,0.08650000000000001,,0.23139281828074,0.466376496191513,0.226006528835691,0.0,0.0,0.0762241566920565,0.189353974285954,0.104378110381789,0.199139130353591,0.228718686100036,0.181072072156189,0.0973380267224395,London,107099,51.44592435,-0.0867103990721076
0.3546666666666667,,0.2803333333333333,0.27416666666666667,,0.08650000000000001,,0.482161131268025,0.302330449344125,0.168759884640432,0.0,0.0,0.0467485347474183,0.202811579707729,0.0849493434090867,0.146542942342242,0.209340445629827,0.189781630271712,0.166574058639403,Wales,107980,51.8861316,-0.5209341
0.3546666666666667,,0.2803333333333333,0.27416666666666667,,0.08650000000000001,,0.154530673229038,0.25898664088592,0.124296888732642,0.0,0.437774652838812,0.0244111443135876,0.167920913642185,0.084039839541062,0.106669206913706,0.160691793943628,0.223689920511436,0.256988325447983,Wales,94479,52.9262284,-4.13143829999999
0.3546666666666667,,0.2803333333333333,0.27416666666666667,,0.08650000000000001,,0.317736988168849,0.346852329714202,0.272871123228979,0.0,0.0,0.0625395588879692,0.171461797532207,0.117801640161298,0.197227130623896,0.236902118919245,0.162392581517225,0.11421473124613,London,132426,51.5126553,-0.3051952
0.3546666666666667,,0.2803333333333333,0.27416666666666667,,0.08650000000000001,,0.288390308349258,0.468091631868261,0.194918253238021,0.0,0.0,0.0485998065444593,0.208358120166567,0.108652431196969,0.145715269732928,0.230267071605247,0.182825072795016,0.124182034503272,London,127756,51.5174885,-0.2887523
0.3546666666666667,,0.2803333333333333,0.27416666666666667,,0.08650000000000001,,0.210226428182133,0.529950948818312,0.209111628598325,0.0,0.0,0.0507109944012287,0.203191301980753,0.107019903604426,0.149621303101632,0.238683127572016,0.179901042417255,0.121583321323918,Wales,124902,51.52959275,-0.355178079169097
0.3546666666666667,,0.2803333333333333,0.27416666666666667,,0.08650000000000001,,0.423453652759616,0.248501147269991,0.279095013693222,0.0,0.0,0.0489501862771705,0.205363477273802,0.123312680319727,0.131012628293052,0.219987702785792,0.177004209431017,0.143319301896609,Wales,105714,51.4400687,-0.9277274
0.3546666666666667,,0.2803333333333333,0.27416666666666667,,0.08650000000000001,,0.109971991756064,0.697114622417164,0.128943613591925,0.0,0.0,0.0639697722348464,0.180625912252082,0.0960440456769983,0.12105048510346,0.179906842963853,0.219605907100541,0.202766806903065,North East,93176,54.7850506,-1.3530807
0.3546666666666667,,0.2803333333333333,0.27416666666666667,,0.08650000000000001,,0.469798657718121,0.148342904587283,0.326967872875297,0.0,0.0,0.0548905648192993,0.180392854154464,0.0830788218559116,0.10052506066438,0.187954982846624,0.222920676094051,0.22512760438457,Wales,95607,50.90894935,-1.40282796619078
0.3546666666666667,,0.2803333333333333,0.27416666666666667,,0.08650000000000001,,0.140594482421875,0.536834716796875,0.10443115234375,0.0,0.0,0.2181396484375,0.244163773037738,0.131193955813332,0.163849353226237,0.236845117716641,0.145915213492578,0.0780325867134735,London,131034,51.5329628,0.0553201
0.3546666666666667,,0.2803333333333333,0.27416666666666667,,0.08650000000000001,,0.501552234495704,0.118932447717373,0.35641229273458,0.0,0.0,0.0231030250523427,0.169686096680461,0.084419300871709,0.0957118957471163,0.178128026767632,0.228735581579642,0.243319098353438,South East,90856,51.07788895,-0.943907586453713
0.3546666666666667,,0.2803333333333333,0.27416666666666667,,0.08650000000000001,,0.553577785688857,0.155737510383292,0.236976385427792,0.0,0.0,0.0537083185000593,0.197761306912721,0.0873796198255432,0.106539605707659,0.199062169112086,0.20913628800484,0.20012101043715,South East,99165,51.4805123,-0.1538335
0.3546666666666667,,0.2803333333333333,0.27416666666666667,,0.08650000000000001,,0.427844420210832,0.389847542070263,0.125002672824855,0.0,0.0,0.0573053648940492,0.186982507566096,0.0915069379675276,0.119534804042865,0.180929630546091,0.201229609608466,0.219816510268953,Wales,105074,51.34604635,1.40742551002479
0.3546666666666667,,0.2803333333333333,0.27416666666666667,,0.08650000000000001,,0.500730556420513,0.241706388176962,0.203717454310283,0.0,0.0,0.0538456010922417,0.197645570370956,0.0989117434838046,0.130936730881379,0.186249023929782,0.196647260578624,0.189609670755454,Wales,101169,51.3524914,-1.99633064
0.3546666666666667,,0.2803333333333333,0.27416666666666667,,0.08650000000000001,,0.438861686357306,0.255132294146714,0.243475135887876,0.0,0.0,0.0625308836081038,0.17925399502128,0.0853408817152493,0.107203083594315,0.19884766722878,0.207439974303381,0.221914398136995,South East,99623,50.90894935,-1.40282796619078
0.3546666666666667,,0.2803333333333333,0.27416666666666667,,0.08650000000000001,,0.430194259595349,0.109609912392732,0.414577311733996,0.0,0.0,0.0456185162779234,0.168261429681277,0.0932665925831227,0.115462153470945,0.177623491695104,0.200330425718135,0.245055906851417,South East,101689,50.7664372,0.2781546
0.3546666666666667,,0.2803333333333333,0.27416666666666667,,0.08650000000000001,,0.376938572434046,0.172341819770405,0.421619784967114,0.0,0.0,0.0290998228284348,0.189441392137161,0.0864848109113453,0.12639758855848,0.200194540051735,0.199179083737734,0.198302584603544,South East,93554,50.9202337,-1.29926561951309
0.3546666666666667,,0.2803333333333333,0.27416666666666667,,0.08650000000000001,,0.332818257458695,0.516961844764056,0.112872934743849,0.0,0.0,0.0373469630334006,0.222569198012775,0.114565097389796,0.132229319454302,0.207176090213705,0.187138238309282,0.13632205662014,Wales,126808,51.6267968,-0.0769118
0.3546666666666667,,0.2803333333333333,0.27416666666666667,,0.08650000000000001,,0.329412542126479,0.464569704178506,0.178109649992291,0.0,0.0,0.0279081037027247,0.186697917870994,0.0919563183839063,0.139295586643263,0.186288008576564,0.206951641213752,0.188810527311521,Wales,95143,52.9074234,-2.8938664
0.3546666666666667,,0.2803333333333333,0.27416666666666667,,0.08650000000000001,,0.367670258860127,0.369936673702922,0.191600933229641,0.0,0.0,0.0707921342073103,0.205506248867959,0.0980981706212642,0.134486506067741,0.223745698243072,0.184223872486868,0.153939503713095,Wales,110420,51.4505687,0.0541253
0.3546666666666667,,0.2803333333333333,0.27416666666666667,,0.08650000000000001,,0.470205730264764,0.222508266938902,0.295412681151379,0.0,0.0,0.0118733216449543,0.184774673126701,0.0799192179692611,0.120044752486513,0.206600991760612,0.203386777157269,0.205273587499644,Wales,105469,52.3990199,0.262039
0.3546666666666667,,0.2803333333333333,0.27416666666666667,,0.08650000000000001,,0.402267973136629,0.430056148849499,0.114433557194759,0.0,0.0,0.0532423208191126,0.236716492902902,0.112572227107147,0.132238412259766,0.215409496294435,0.180245886195202,0.122817485240548,London,127376,51.58646195,-0.0724400066499359
0.3546666666666667,,0.2803333333333333,0.27416666666666667,,0.08650000000000001,,0.519650655021834,0.215692650747933,0.187819381213416,0.0,0.0,0.0768373130168168,0.189732295128298,0.0920838490249773,0.126026916667479,0.207897634802608,0.199935680664243,0.184323623712395,Wales,102613,51.6676884,0.0548011292574446
0.3546666666666667,,0.2803333333333333,0.27416666666666667,,0.08650000000000001,,0.547332832456799,0.185094749144336,0.230757993154687,0.0,0.0,0.0368144252441773,0.197936175341653,0.0917780785848059,0.1087726455154,0.216210202303028,0.196239500083443,0.18906339817167,South East,107858,51.3363098,-0.267381692674653
0.3546666666666667,,0.2803333333333333,0.27416666666666667,,0.08650000000000001,,0.292919036014081,0.460059572163553,0.129840238288654,0.0,0.0,0.117181153533712,0.174454403127003,0.0929064525958537,0.136323039581385,0.186958212060396,0.211955322524719,0.197402570110643,East Midlands,95173,52.93800485,-1.35131723923961
0.3546666666666667,,0.2803333333333333,0.27416666666666667,,0.08650000000000001,,0.270551508844953,0.51023239680888,0.136501329633484,0.0,0.0,0.0827147647126835,0.232520060161963,0.107454304321733,0.152197912113152,0.226459409197668,0.179848705999155,0.101519608206329,London,134969,51.47253155,0.162351392919021
0.3546666666666667,,0.2803333333333333,0.27416666666666667,,0.08650000000000001,,0.460403159259696,0.196510668395615,0.288765766827773,0.0,0.0,0.0543204055169161,0.219012921402895,0.0770815117069853,0.0997085397843194,0.231895462935976,0.198824443796755,0.173477120373069,South East,102929,51.38712105,-0.374287723331783
0.3546666666666667,,0.2803333333333333,0.27416666666666667,,0.08650000000000001,,0.260683276280293,0.425812155698125,0.217134048196595,0.0,0.0,0.0963705198249869,0.135590387035872,0.239576777847703,0.137370201384519,0.169829688483323,0.159190135305223,0.158442809943361,South West,101694,50.7255794,-3.5269497
0.3546666666666667,,0.2803333333333333,0.27416666666666667,,0.08650000000000001,,0.459612333586259,0.188314823756639,0.267871513646502,0.0,0.0,0.0842013290105998,0.175482837986591,0.0862703892724907,0.119903932752927,0.182317622335635,0.195506854798359,0.240518362853998,Wales,99930,50.6977053,-3.3057308
0.3546666666666667,,0.2803333333333333,0.27416666666666667,,0.08650000000000001,,0.464867243655567,0.187912571512396,0.310128041241434,0.0,0.0,0.0370921435906033,0.162900140675445,0.0837373113785181,0.116790980578692,0.173577305711018,0.21550668461375,0.247487577042577,Wales,98809,50.8526637,-1.1783134
0.3546666666666667,,0.2803333333333333,0.27416666666666667,,0.08650000000000001,,0.515507999082244,0.0924013933212356,0.373380889806645,0.0,0.0,0.0187097177898754,0.189388797956006,0.0929378418300131,0.100572877160765,0.19611561339774,0.21133578186754,0.209649087787936,Wales,100196,51.2151749,-0.7984854
0.3546666666666667,,0.2803333333333333,0.27416666666666667,,0.08650000000000001,,0.494488880218494,0.30381876706984,0.155725712056184,0.0,0.0,0.0459666406554818,0.194284906784023,0.0859282736623229,0.117764027818433,0.187633111606827,0.207618778451817,0.206770901676575,South East,99072,51.3158434,0.8911283
0.3546666666666667,,0.2803333333333333,0.27416666666666667,,0.08650000000000001,,0.287083808592689,0.483814024224648,0.16688392808647,0.0,0.0,0.0622182390961924,0.216164862977177,0.108521775701636,0.153635291732068,0.239408800402544,0.168888421590201,0.113380847596374,London,133153,51.4442232,-0.410659
0.3546666666666667,,0.2803333333333333,0.27416666666666667,,0.08650000000000001,,0.356174715499456,0.343618980012866,0.260054570864482,0.0,0.0,0.0401517336231948,0.190859038019023,0.137114429714648,0.152607111914366,0.205410793638964,0.171528120662189,0.14248050605081,South West,107341,51.5117457,-2.5720005
0.3546666666666667,,0.2803333333333333,0.27416666666666667,,0.08650000000000001,,0.399827184792262,0.392746561697429,0.1714230852315,0.0,0.0,0.0360031682788085,0.206410998438082,0.0930966406875609,0.151125452916505,0.228095491052669,0.169511682669056,0.151759734236127,London,126127,51.5973246,-0.1805587
0.3546666666666667,,0.2803333333333333,0.27416666666666667,,0.08650000000000001,,0.546160461973215,0.123135520334193,0.292886103943973,0.0,0.0,0.0378179137486177,0.164548691646794,0.0858079339670924,0.112345235372905,0.170091361493145,0.2166105866083,0.250596190911764,South East,91833,51.05774845,1.00607206984296
0.3546666666666667,,0.2803333333333333,0.27416666666666667,,0.08650000000000001,,0.408812292707502,0.365779419790923,0.171774633695789,0.0,0.0,0.0536336538057852,0.160550458715596,0.0935998252512014,0.104674530362604,0.161959370904325,0.226878549584972,0.252337265181302,South West,91560,51.80017015,-2.53075276336614
0.3546666666666667,,0.2803333333333333,0.27416666666666667,,0.08650000000000001,,0.416216338949185,0.221311475409836,0.332500794695972,0.0,0.0,0.029971390945007,0.184837106331257,0.0894016018058298,0.110541966010462,0.180279122262496,0.21763288694029,0.217307316649665,Wales,92146,51.291291,-2.4992598
0.3546666666666667,,0.2803333333333333,0.27416666666666667,,0.08650000000000001,,0.539063223178747,0.272447468295844,0.153452744607979,0.0,0.0,0.0350365639174303,0.149040259254643,0.0751693049150359,0.0997133241929452,0.164121899538826,0.232550168266234,0.279405043832315,North West,96276,53.79336215,-2.89426008005
0.3546666666666667,,0.2803333333333333,0.27416666666666667,,0.08650000000000001,,0.444498247555802,0.252513373916252,0.269714997232983,0.0,0.0,0.033273381294964,0.168528580286486,0.0809958698096749,0.103885321534791,0.166741983962671,0.227780521896314,0.252067722510063,East Midlands,95153,53.3995376,-0.7758801
0.3546666666666667,,0.2803333333333333,0.27416666666666667,,0.08650000000000001,,0.101751223280968,0.596883852691218,0.26283801184651,0.0,0.0,0.0385269121813031,0.176974892835273,0.101561543172076,0.143508879363135,0.191324760155134,0.199418248622168,0.187211675852215,Wales,97980,54.9625789,-1.6019294
0.3546666666666667,,0.2803333333333333,0.27416666666666667,,0.08650000000000001,,0.369852109430642,0.468536595584231,0.135468599438602,0.0,0.0,0.0261426955465247,0.178569661954274,0.0847439182437846,0.126383791216945,0.191905501528477,0.209178777416132,0.209218349640387,East Midlands,101081,53.02605385,-1.1071169188526
0.3546666666666667,,0.2803333333333333,0.27416666666666667,,0.08650000000000001,,0.408231797245479,0.406348558074104,0.153132303224196,0.0,0.0,0.0322873414562203,0.197814549470742,0.106858365994546,0.131938267864299,0.192331375289553,0.192526853869987,0.178530587510874,South East,102313,51.3647379,0.6045482
0.3546666666666667,,0.2803333333333333,0.27416666666666667,,0.08650000000000001,,0.425393503775817,0.117186789191156,0.429783459193886,0.0,0.0,0.0276362478391411,0.163179870821825,0.0900332731661701,0.100841615379597,0.157917056303416,0.224604745231933,0.263423439097058,Wales,91963,51.14804,-2.716577
0.3546666666666667,,0.2803333333333333,0.27416666666666667,,0.08650000000000001,,0.361595174262735,0.455585344057194,0.141957104557641,0.0,0.0,0.0408623771224307,0.195000644246875,0.112579993987029,0.144972726882275,0.195782330455697,0.191298372202895,0.160365932225229,South West,116417,51.8653705,-2.2458192
0.3546666666666667,,0.2803333333333333,0.27416666666666667,,0.08650000000000001,,0.492477233733668,0.102503189476926,0.377634068012846,0.0,0.0,0.0273855087765606,0.188080431177446,0.0839759535655058,0.100829187396352,0.199917081260365,0.209660033167496,0.217537313432836,Wales,96480,51.1857892,-0.6149074
0.3546666666666667,,0.2803333333333333,0.27416666666666667,,0.08650000000000001,,0.442903863854454,0.261931339717604,0.264046374086912,0.0,0.0,0.0311184223410297,0.169409898845328,0.0825967545403554,0.110515830802855,0.18426396920875,0.22283039668878,0.230383149913931,Wales,103404,53.7035625,-0.8715949
0.3546666666666667,,0.2803333333333333,0.27416666666666667,,0.08650000000000001,,0.130555633545779,0.525732094224668,0.290030041833956,0.0,0.0,0.0536822303955976,0.238096913509662,0.112183236724749,0.14274907862678,0.210143461548611,0.17089604095383,0.125931268636368,Wales,113690,53.4689321,-2.1677485
0.3546666666666667,,0.2803333333333333,0.27416666666666667,,0.08650000000000001,,0.447754257964077,0.314589771591886,0.166066407974533,0.0,0.0,0.0715895624695029,0.173480835151137,0.0932377687753194,0.116588760776981,0.174581905058689,0.211717045808663,0.230393684429209,South East,96270,50.7952074,-1.1210853
0.3546666666666667,,0.2803333333333333,0.27416666666666667,,0.08650000000000001,,0.232720872327638,0.423778655447755,0.208079333734009,0.0,0.0751051772988752,0.0603159611917231,0.168380703066567,0.0927345632843015,0.102998005484916,0.176815839773955,0.212966425662761,0.246104462727499,Wales,96264,51.5251128,-0.1354765
0.3546666666666667,,0.2803333333333333,0.27416666666666667,,0.08650000000000001,,0.464230246554067,0.305790137837313,0.175208697340322,0.0,0.0,0.0547709182682974,0.178480026705241,0.0835550340390665,0.111120102774715,0.178743032865654,0.217627482120639,0.230474321494684,Wales,98855,52.913192,-0.6438974
0.3546666666666667,,0.2803333333333333,0.27416666666666667,,0.08650000000000001,,0.436877517595503,0.422446992165021,0.107365765127706,0.0,0.0,0.0333097251117701,0.209034527272897,0.0969495140363514,0.132346750731986,0.199156228660162,0.190260147239034,0.172252832059569,South East,106900,51.39723695,0.396172587146342
0.3546666666666667,,0.2803333333333333,0.27416666666666667,,0.08650000000000001,,0.284757157230403,0.457719747553279,0.177238635324248,0.0,0.0,0.0802844598920698,0.197713924027068,0.0972606182457904,0.135703182448596,0.175374419405583,0.205346588106075,0.188601267766887,Wales,107435,53.5645868,-0.0817374
0.3546666666666667,,0.2803333333333333,0.27416666666666667,,0.08650000000000001,,0.381718870843001,0.455553944315545,0.110813031709203,0.0,0.0,0.0519141531322505,0.17071679197995,0.0912280701754386,0.11722305764411,0.169273182957393,0.211588972431078,0.23996992481203,Eastern,99745,52.6071742,1.7314845
0.3546666666666667,,0.2803333333333333,0.27416666666666667,,0.08650000000000001,,0.181521231917872,0.527931471235251,0.203419772015199,0.0,0.0,0.0871275248316778,0.188157166574433,0.109224809501511,0.232046315610234,0.247618236771529,0.141552083776766,0.0814013877655272,London,117455,51.4859955,0.0131852
0.3546666666666667,,0.2803333333333333,0.27416666666666667,,0.08650000000000001,,0.45473429849291,0.101850477987155,0.40786824088009,0.0,0.0,0.0355469826398456,0.166686325391209,0.176663128096249,0.121097743178423,0.19057167570968,0.181518833058111,0.163462294566328,South East,101736,51.2356068,-0.5732063
0.3546666666666667,,0.2803333333333333,0.27416666666666667,,0.08650000000000001,,0.14329659061779,0.487347566558025,0.228879042003882,0.0,0.0,0.140476800820302,0.225281246774693,0.114812330133829,0.20906010252176,0.218460797467919,0.148647951284962,0.0837375718168369,London,116268,51.5432402,-0.0493621
0.3546666666666667,,0.2803333333333333,0.27416666666666667,,0.08650000000000001,,0.140246822619267,0.531884324921717,0.214477804383864,0.0,0.0,0.113391048075152,0.160070008973231,0.118180122071484,0.273941203123751,0.223797720266176,0.148760183729133,0.0752507618362252,London,112557,51.5432402,-0.0493621
0.3546666666666667,,0.2803333333333333,0.27416666666666667,,0.08650000000000001,,0.37667105354298,0.447461383944033,0.134884902218836,0.0,0.0,0.0409826602941516,0.19313467810887,0.0953903965715612,0.132577556815183,0.186537466882,0.193398566557945,0.198961335064442,Wales,94737,52.4492074,-2.0514646
0.3546666666666667,,0.2803333333333333,0.27416666666666667,,0.08650000000000001,,0.332930747119496,0.416821662358994,0.178869054808087,0.0,0.0,0.071378535713423,0.209185380725758,0.0995687091017251,0.132659131469363,0.19274241522903,0.194145969660916,0.171698393813206,Yorkshire & the Humber,107584,53.7229229,-1.8604874
0.3546666666666667,,0.2803333333333333,0.27416666666666667,,0.08650000000000001,,0.437267698158873,0.224868182211081,0.30497450082116,0.0,0.0,0.0328896188088858,0.188776008596268,0.0856696297743479,0.120953404317671,0.195594412425515,0.213080003907395,0.195926540978802,Wales,102370,50.9328589,-1.2547935
0.3546666666666667,,0.2803333333333333,0.27416666666666667,,0.08650000000000001,,0.327268021224278,0.432276433285881,0.199171735473017,0.0,0.0,0.0412838100168241,0.161927540845385,0.110848224656073,0.205014152850788,0.228957851175676,0.174712426116957,0.11853980435512,Wales,116231,51.4960068,-0.2482125
0.3546666666666667,,0.2803333333333333,0.27416666666666667,,0.08650000000000001,,0.210418406864606,0.373376869921786,0.356164730300959,0.0,0.0,0.0600399929126483,0.165982203969884,0.09757871321013,0.201351813826146,0.234616700889801,0.169310403832991,0.131160164271047,Wales,116880,51.5702227,-0.148444684547609
0.3546666666666667,,0.2803333333333333,0.27416666666666667,,0.08650000000000001,,0.427301757441772,0.1952613831759,0.345526004332194,0.0,0.0,0.0319108550501328,0.179542047964658,0.100021694540865,0.113235642158409,0.187914168507416,0.201611312716945,0.217675134111707,Wales,101408,52.6015963,-1.0845088
0.3546666666666667,,0.2803333333333333,0.27416666666666667,,0.08650000000000001,,0.413187175084096,0.397473595069511,0.137282115217238,0.0,0.0,0.0520571146291548,0.208432325413967,0.0943394528437725,0.14386249100072,0.204742620590353,0.189758819294456,0.158864290856731,Eastern,111120,51.7676194,0.0974893
0.3546666666666667,,0.2803333333333333,0.27416666666666667,,0.08650000000000001,,0.474481821270812,0.230037376826368,0.272986748216106,0.0,0.0,0.0224940536867142,0.212474117362651,0.0783363639230195,0.0842854289948602,0.213325485332296,0.21265279952912,0.198925804858053,Wales,95141,51.8145103,-0.3549311
0.3546666666666667,,0.2803333333333333,0.27416666666666667,,0.08650000000000001,,0.349689983593633,0.0877847143800737,0.53310037713336,0.0,0.0,0.0294249248929324,0.167855942756617,0.0899665948488861,0.109989919155581,0.191071534462651,0.218606076179558,0.222509932596707,Yorkshire & the Humber,101182,53.9921491,-1.5391039
0.3546666666666667,,0.2803333333333333,0.27416666666666667,,0.08650000000000001,,0.377781357141214,0.460595043604317,0.146045698244322,0.0,0.0,0.0155779010101474,0.18660242593297,0.106453657918093,0.151041798740543,0.211563332065424,0.177279066818816,0.167059718524154,London,118307,51.2238642,-0.3299108
0.3546666666666667,,0.2803333333333333,0.27416666666666667,,0.08650000000000001,,0.317607684019898,0.466611649817757,0.18824931802031,0.0,0.0,0.0275313481420351,0.204590201748099,0.107225531143679,0.163186120653436,0.233826788259233,0.166621357783654,0.124550000411899,London,121387,51.5795991,-0.3531364
0.3546666666666667,,0.2803333333333333,0.27416666666666667,,0.08650000000000001,,0.114504247692698,0.515057435579013,0.304055770370579,0.0,0.0,0.0663825463577093,0.191167233425025,0.0987892308691979,0.123232038813923,0.172680803136303,0.216671359570274,0.197459334185276,North East,92338,54.6857276,-1.2093696
0.3546666666666667,,0.2803333333333333,0.27416666666666667,,0.08650000000000001,,0.403623410114078,0.323615542637353,0.216486734560077,0.0,0.0,0.0562743126884916,0.166476392399902,0.107457392155264,0.102799070374297,0.171715730245454,0.210552067193998,0.240999347631085,Eastern,98104,51.9445801,1.2898522
0.3546666666666667,,0.2803333333333333,0.27416666666666667,,0.08650000000000001,,0.389883750257951,0.401164790314814,0.156696397863023,0.0,0.0,0.0522550615642125,0.17230983523665,0.0875335107854641,0.118425446253947,0.180676798610912,0.220183748819371,0.220870660293655,South East,104817,50.8553888,0.5824703
0.3546666666666667,,0.2803333333333333,0.27416666666666667,,0.08650000000000001,,0.44359399375975,0.287441497659906,0.202174336973479,0.0,0.0,0.0667901716068642,0.176495973896111,0.087911162570391,0.1146571233093,0.168285879690543,0.215851797273828,0.236798063259828,South East,95005,50.8334197,-0.982658943316543
0.3546666666666667,,0.2803333333333333,0.27416666666666667,,0.08650000000000001,,0.278943215519821,0.565858569368487,0.0924006203575218,0.0,0.0,0.0627975947541697,0.229110959922788,0.11315127446482,0.157231460531937,0.233778459883233,0.16451750708036,0.102210338116861,London,126402,51.5029246,-0.4191564
0.3546666666666667,,0.2803333333333333,0.27416666666666667,,0.08650000000000001,,0.2940267297027,0.206950631875625,0.467633421220111,0.0,0.0,0.0313892172015637,0.178401270513499,0.0810481736368449,0.114610905240868,0.185897300158814,0.206934886183166,0.233107464266808,North West,94450,53.3774667,-2.1221506
0.3546666666666667,,0.2803333333333333,0.27416666666666667,,0.08650000000000001,,0.407949416864024,0.378725590955807,0.182269091559051,0.0,0.0,0.031055900621118,0.205171395657267,0.0888391949583248,0.147310235336257,0.213380574836155,0.187688167358832,0.157610431853164,Eastern,103296,51.7511784,-0.472528
0.3546666666666667,,0.2803333333333333,0.27416666666666667,,0.08650000000000001,,0.371816214416514,0.451195827090617,0.141584817712669,0.0,0.0,0.0354031407802008,0.207911788978207,0.115459852675979,0.172845921080784,0.229521349757007,0.158167007977504,0.116094079530519,London,130868,51.5897175,-0.2216026
0.3546666666666667,,0.2803333333333333,0.27416666666666667,,0.08650000000000001,,0.533976714329984,0.14325556686883,0.264951967771924,0.0,0.0,0.057815751029262,0.178718802171379,0.0815317254486082,0.0991295582691964,0.189313201524585,0.219185417738531,0.232121294847699,Wales,95239,51.5375786,-0.9050287
0.3546666666666667,,0.2803333333333333,0.27416666666666667,,0.08650000000000001,,0.406018036382974,0.104207750769981,0.43690589616893,0.0,0.0,0.0528683166781148,0.169161087042143,0.0875603739557637,0.118540245848967,0.176789452954955,0.215915922140917,0.232032918057254,West Midlands,96482,52.0553813,-2.7151735
0.3546666666666667,,0.2803333333333333,0.27416666666666667,,0.08650000000000001,,0.462982754432839,0.326767063395676,0.153704153509837,0.0,0.0,0.0565460286616468,0.161254810071608,0.0841421660219571,0.101301875549181,0.165365464443345,0.215541707487047,0.272393976426862,Wales,99009,51.3503509,1.1337922
0.3546666666666667,,0.2803333333333333,0.27416666666666667,,0.08650000000000001,,0.502831357281897,0.242434967262431,0.183794903556893,0.0,0.0,0.0709387718987789,0.194893045345746,0.0870112300021759,0.132215063529456,0.214202594158885,0.200049196302709,0.171628870661028,Eastern,105699,51.7957409,-0.078521
0.3546666666666667,,0.2803333333333333,0.27416666666666667,,0.08650000000000001,,0.532567324955117,0.271334530221424,0.180227408737283,0.0,0.0,0.0158707360861759,0.198181440495524,0.0939400234165502,0.115930807870982,0.210342939154738,0.197180571817049,0.184424217245156,Eastern,105908,51.68082975,-0.268111310310969
0.3546666666666667,,0.2803333333333333,0.27416666666666667,,0.08650000000000001,,0.3897976619642,0.320177540686407,0.274354539581988,0.0,0.0,0.015670257767405,0.157224780606482,0.0770592579720219,0.0872034929185854,0.168672343383439,0.238823963854375,0.271016161265097,North East,92072,54.971478,-2.1017927
0.3546666666666667,,0.2803333333333333,0.27416666666666667,,0.08650000000000001,,0.201660424796375,0.478511379409685,0.219207500720216,0.0,0.0,0.100620695073724,0.21235898971748,0.0952281122092442,0.134651093141659,0.188220025955875,0.193960267545173,0.175581511430568,Wales,100170,53.5967685,-2.2239715
0.3546666666666667,,0.2803333333333333,0.27416666666666667,,0.08650000000000001,,0.340585991678225,0.429243238557559,0.20622399445215,0.0,0.0,0.0239467753120665,0.167958826828544,0.0842488425544081,0.111873577249183,0.1802425961972,0.237471544983669,0.218204612186995,East Midlands,90932,53.3675462,-1.85287464915649
0.3546666666666667,,0.2803333333333333,0.27416666666666667,,0.08650000000000001,,0.421175241122553,0.331802050902441,0.207354510025908,0.0,0.0,0.0396681979490975,0.172501623640201,0.0835565838610164,0.122686312713103,0.188088569572983,0.214279915570709,0.218886994641987,Wales,98544,52.608409,-1.41719099634814
0.3546666666666667,,0.2803333333333333,0.27416666666666667,,0.08650000000000001,,0.487459556208265,0.228229192959912,0.249523853232061,0.0,0.0,0.0347873975997613,0.201489135389758,0.08211518006382,0.124418781340222,0.21971331611204,0.198338651674011,0.173924935420149,Wales,98717,51.9464129,-0.2791646
0.3546666666666667,,0.2803333333333333,0.27416666666666667,,0.08650000000000001,,0.205206570976368,0.44515090323637,0.260628718004693,0.0,0.0,0.0890138077825683,0.140086776079985,0.203065459347293,0.202150537634409,0.189992454253914,0.15800792303339,0.106696849651009,London,106020,51.5182454,-0.1139421
0.3546666666666667,,0.2803333333333333,0.27416666666666667,,0.08650000000000001,,0.457750419697817,0.163122551762731,0.279612012684201,0.0,0.0,0.0995150158552508,0.149667284826006,0.0737536816843024,0.0860805061634122,0.152198101887204,0.22059561470492,0.317704810734155,Wales,91670,50.7981119,-3.1924599
0.3546666666666667,,0.2803333333333333,0.27416666666666667,,0.08650000000000001,,0.474365035025141,0.331599982809747,0.0879926081911556,0.0,0.0,0.106042373973957,0.196612439657337,0.0955902186752983,0.127103273153445,0.198891276241501,0.191347862079229,0.19045493019319,London,107511,51.5613235,0.2212279
0.3546666666666667,,0.2803333333333333,0.27416666666666667,,0.08650000000000001,,0.194808345463367,0.391018383740363,0.352525742627635,0.0,0.0,0.0616475281686344,0.179610285060281,0.0859351509684678,0.174256311771952,0.250783212577957,0.185429821243247,0.123985218378095,Wales,103101,51.5873645,-0.1209667
0.3546666666666667,,0.2803333333333333,0.27416666666666667,,0.08650000000000001,,0.489584035596305,0.173801658464235,0.273107260837322,0.0,0.0,0.0635070451021371,0.187048766870103,0.086193950828825,0.120964170886198,0.196906105003754,0.211586222829749,0.197300783581371,South East,103882,51.0630273,-0.3295028
0.3546666666666667,,0.2803333333333333,0.27416666666666667,,0.08650000000000001,,0.15363283416528,0.667347350375637,0.139187213230474,0.0,0.0,0.0398326022286088,0.177985085771747,0.0906900568492946,0.128712378411206,0.178034866239882,0.217152358100775,0.207425254627094,North East,100441,52.330324,-0.1150244
0.3546666666666667,,0.2803333333333333,0.27416666666666667,,0.08650000000000001,,0.364074542991049,0.374225361497968,0.18004931032185,0.0,0.0,0.0816507851891339,0.167016299798099,0.0933766681439897,0.151711232579899,0.235544393558871,0.199822721229133,0.152528684690008,Wales,101533,50.8352056,-0.17018
0.3546666666666667,,0.2803333333333333,0.27416666666666667,,0.08650000000000001,,0.234378272708231,0.44027089296935,0.239637878470525,0.0,0.0,0.0857129558518932,0.20150479284554,0.131629210474643,0.136493457810464,0.189723496545938,0.180941075668053,0.159707966655361,Yorkshire & the Humber,112042,53.6466645,-1.7822482
0.3546666666666667,,0.2803333333333333,0.27416666666666667,,0.08650000000000001,,0.49825808745112,0.20495319350634,0.252944661689774,0.0,0.0,0.0438440573527669,0.178377327395447,0.0853648374642384,0.128695362337626,0.197922356884276,0.208449452350311,0.201190663568102,Eastern,108008,52.3305093,-0.1843514
0.3546666666666667,,0.2803333333333333,0.27416666666666667,,0.08650000000000001,,0.318360835535171,0.456652874021636,0.145047111022484,0.0,0.0,0.0799391794207089,0.201946290880085,0.101366657803776,0.133804839138527,0.183036426482319,0.198032438181335,0.181813347513959,North West,94025,53.7607317,-2.39005491388217
0.3546666666666667,,0.2803333333333333,0.27416666666666667,,0.08650000000000001,,0.404566913960883,0.415478369785143,0.151026110415262,0.0,0.0,0.0289286058387127,0.211150076582496,0.112387951020681,0.151591493065727,0.227981486286293,0.167510608558826,0.129378384485977,London,119479,51.5654227,0.0657240217789008
0.3546666666666667,,0.2803333333333333,0.27416666666666667,,0.08650000000000001,,0.280398826370316,0.489367226650741,0.191234128735751,0.0,0.0,0.0389998182431906,0.247375026785441,0.124292099060214,0.155531576208406,0.231533351700493,0.146072489056234,0.0951954571892123,London,130669,51.5539949,0.0783889
0.3546666666666667,,0.2803333333333333,0.27416666666666667,,0.08650000000000001,,0.307374565046582,0.436075878325289,0.20794701986755,0.0,0.0,0.0486025367605791,0.198467165998955,0.105033966207978,0.150644487023167,0.207794809266678,0.178496777564884,0.159562793938338,Eastern,114820,52.0579324,1.1528095
0.3546666666666667,,0.2803333333333333,0.27416666666666667,,0.08650000000000001,,0.489494022461055,0.171778770679869,0.295284385943727,0.0,0.0,0.0434428209153483,0.140339538090314,0.0755486613811329,0.0885326898770538,0.149402504883374,0.234574284729404,0.311602321038722,Wales,69625,50.6654865,-1.39171080890146
0.3546666666666667,,0.2803333333333333,0.27416666666666667,,0.08650000000000001,,0.489484768486934,0.171803161984991,0.295286684661703,0.0,0.0,0.043425384866372,0.156734855222848,0.0801886126522948,0.109454632727683,0.160857227563424,0.219968093967501,0.272796577866249,Wales,70834,50.5970541,-1.26024136313707
0.3546666666666667,,0.2803333333333333,0.27416666666666667,,0.08650000000000001,,0.11876032008129,0.511780769719294,0.298520259113426,0.0,0.0,0.0709386510859901,0.160541938303529,0.110964417088538,0.255226353935244,0.224123174418181,0.156198783552464,0.0929453327020431,London,109828,51.56042135,-0.121667594006483
0.3546666666666667,,0.2803333333333333,0.27416666666666667,,0.08650000000000001,,0.147851244650714,0.407992284973781,0.371647278645048,0.0,0.0,0.0725091917304562,0.145158508399738,0.136776018489772,0.264427886439684,0.208191037979923,0.152169788540481,0.0932767601504018,London,115956,51.5384287,-0.0999051
0.3546666666666667,,0.2803333333333333,0.27416666666666667,,0.08650000000000001,,0.119715175789942,0.60975418204665,0.222361841933035,0.0,0.0,0.0481688002303725,0.183728488465022,0.0898183174383291,0.130491768341414,0.183419468272151,0.213959188022803,0.19858276946028,Wales,93845,54.9049537,-1.6506749
0.3546666666666667,,0.2803333333333333,0.27416666666666667,,0.08650000000000001,,0.342632579029193,0.447378649162204,0.118414233891864,0.0,0.0,0.0915745379167386,0.195703360837191,0.0941436908834775,0.116391628094184,0.186254779633729,0.201298047896961,0.206208492654458,Wales,99380,53.8684021,-1.9020456
0.3546666666666667,,0.2803333333333333,0.27416666666666667,,0.08650000000000001,,0.496237833360178,0.272785844128949,0.204790722289974,0.0,0.0,0.0261856002208978,0.166994064141436,0.0999167271640261,0.103098176538412,0.178054404919503,0.217139257804159,0.234797369432464,West Midlands,93668,52.3450526,-1.5816028
0.3546666666666667,,0.2803333333333333,0.27416666666666667,,0.08650000000000001,,0.432493874561115,0.302483012958145,0.193589128293213,0.0,0.0,0.0714339841875268,0.137297256613856,0.125443118955331,0.194520754148948,0.219681631731457,0.193143416249577,0.129913822300832,Wales,132867,51.50664635,-0.180426597224794
0.3546666666666667,,0.2803333333333333,0.27416666666666667,,0.08650000000000001,,0.437718902425922,0.436687509400718,0.0975311029459163,0.0,0.0,0.0280624852274436,0.197276697317384,0.0907225070297736,0.13338939069267,0.201010840769975,0.195359897288451,0.182240666901746,East Midlands,110600,52.3994233,-0.728004
0.3546666666666667,,0.2803333333333333,0.27416666666666667,,0.08650000000000001,,0.335509278085739,0.128095370588361,0.506838173918627,0.0,0.0,0.0295571774072726,0.188512556790048,0.117662899484872,0.149256843037953,0.233918535055639,0.173562549406256,0.137086616225232,London,115117,51.4047687,-0.302715358100072
0.3546666666666667,,0.2803333333333333,0.27416666666666667,,0.08650000000000001,,0.131446133025066,0.555445907463276,0.206022499788536,0.0,0.0,0.107085459723123,0.207914080128609,0.101627945263851,0.144123030438025,0.183296371260616,0.193881405010701,0.169157167898198,Yorkshire & the Humber,103259,53.7536,-0.4276738
0.3546666666666667,,0.2803333333333333,0.27416666666666667,,0.08650000000000001,,0.221508140531277,0.428957797772065,0.283419023136247,0.0,0.0,0.0661150385604113,0.188805194805195,0.138484848484848,0.148034632034632,0.192329004329004,0.176614718614719,0.155731601731602,Wales,115500,50.3127124,-3.92306973520501
0.3546666666666667,,0.2803333333333333,0.27416666666666667,,0.08650000000000001,,0.296332870716345,0.409015693391694,0.263291341945126,0.0,0.0,0.0313600939468346,0.180682716766861,0.0937473204843611,0.145298819584044,0.186246582128941,0.202871488048169,0.191153072987624,Wales,104963,50.3127124,-3.92306973520501
0.3546666666666667,,0.2803333333333333,0.27416666666666667,,0.08650000000000001,,0.421074673023645,0.329360221635204,0.131531473487533,0.0,0.0,0.118033631853618,0.156231998644604,0.083029310442198,0.0998814028350369,0.167210707629751,0.22489410967414,0.26875247077427,Wales,88535,52.4967692,-2.1661721
0.3546666666666667,,0.2803333333333333,0.27416666666666667,,0.08650000000000001,,0.0793531402783001,0.758555848063182,0.134058495096479,0.0,0.0,0.0280325165620389,0.198555570987489,0.0997959423510432,0.145212123802096,0.179613465668102,0.209858869029177,0.166964028162092,North West,93601,53.4552358,-2.8546852
0.3546666666666667,,0.2803333333333333,0.27416666666666667,,0.08650000000000001,,0.371984130645384,0.41105780320155,0.161553720533284,0.0,0.0,0.0554043456197813,0.152871438455898,0.184730412152882,0.113773197153863,0.16292999287433,0.188799272975122,0.196895686387905,Wales,96833,53.8546993,-2.7449198
0.3546666666666667,,0.2803333333333333,0.27416666666666667,,0.08650000000000001,,0.206520607826811,0.43861885928393,0.289055995004163,0.0,0.0,0.0658045378850957,0.108215340065061,0.420009025779884,0.176980500554709,0.127573757544988,0.0897971079896955,0.0774242680656625,Wales,106362,53.7974185,-1.5437941
0.3546666666666667,,0.2803333333333333,0.27416666666666667,,0.08650000000000001,,0.25658850886542,0.558206569130898,0.16422827245422,0.0,0.0,0.0209766495494622,0.220827670743731,0.104999955587533,0.139925920004264,0.1959922189357,0.179426368570185,0.158827866158588,Yorkshire & the Humber,112581,53.8150727,-1.46277022066895
0.3546666666666667,,0.2803333333333333,0.27416666666666667,,0.08650000000000001,,0.302460570741409,0.452037371074418,0.218537532954072,0.0,0.0,0.0269645252301003,0.199896028280308,0.0892805156997296,0.143647327926804,0.221761280931587,0.179975046787274,0.165439800374298,Yorkshire & the Humber,96181,54.9225753,-1.3774208
0.3546666666666667,,0.2803333333333333,0.27416666666666667,,0.08650000000000001,,0.306594233573209,0.392549738958657,0.267085273505479,0.0,0.0,0.0337707539626546,0.187202053538687,0.0824219676869647,0.11533898487888,0.203930196941263,0.195625444897431,0.215481352056774,Yorkshire & the Humber,92720,53.8467166,-1.6345596
0.3546666666666667,,0.2803333333333333,0.27416666666666667,,0.08650000000000001,,0.146569058690461,0.57744753047631,0.220874701520674,0.0,0.0,0.0551087093125549,0.22533965752874,0.128233780850551,0.183985850952649,0.201736473993086,0.154087949192057,0.106616287482917,Wales,124390,53.76424865,-1.54194485056313
0.3546666666666667,,0.2803333333333333,0.27416666666666667,,0.08650000000000001,,0.220469222594621,0.523529251478242,0.0906291724570151,0.0,0.0,0.165372353470122,0.186954159876311,0.089246166060758,0.143924198738038,0.203742008273787,0.205037399189336,0.171096067861769,Wales,95719,53.7974185,-1.5437941
0.3546666666666667,,0.2803333333333333,0.27416666666666667,,0.08650000000000001,,0.25041975308642,0.502913580246914,0.174,0.0,0.0,0.0726666666666666,0.197655140919876,0.0959783979112686,0.163991224151453,0.208366838411214,0.181473429232312,0.152534969373877,Wales,100731,53.8127231,-1.6285113
0.3546666666666667,,0.2803333333333333,0.27416666666666667,,0.08650000000000001,,0.195775990613312,0.591410203133785,0.156127013615586,0.0,0.0,0.0566867926373169,0.219639963418743,0.119490750397099,0.137139602419497,0.215989859932292,0.17297479423043,0.134765029601938,East Midlands,124655,52.61912795,-1.20558865113606
0.3546666666666667,,0.2803333333333333,0.27416666666666667,,0.08650000000000001,,0.178414265001399,0.397629282934398,0.302571668404853,0.0,0.0,0.121384783659349,0.191075832695011,0.226605836651207,0.150327017449348,0.181353692308987,0.144965109721299,0.105672511174148,East Midlands,118802,52.6340046,-1.1323751
0.3546666666666667,,0.2803333333333333,0.27416666666666667,,0.08650000000000001,,0.23904990193942,0.491937241229026,0.205464153410329,0.0,0.0,0.0635487034212246,0.219623703182697,0.14229422766437,0.158487459436993,0.207834454977061,0.158679284492543,0.113080870246335,East Midlands,125114,52.6076266,-1.27222922342505
0.3546666666666667,,0.2803333333333333,0.27416666666666667,,0.08650000000000001,,0.171906859660164,0.589175582127124,0.161283826305853,0.0,0.0,0.0776337319068596,0.18688988315338,0.0918318296110042,0.139735246265345,0.192796923532022,0.204481585564266,0.184264531873983,Wales,108177,53.4975985,-2.5109297
0.3546666666666667,,0.2803333333333333,0.27416666666666667,,0.08650000000000001,,0.362538207092911,0.0974123853787212,0.493677511200435,0.0,0.0,0.046371896327932,0.161450775022609,0.0807201295560182,0.0916251288199045,0.166351189349486,0.215597198561423,0.284255578690559,South East,95096,50.8746139,0.0051153241109362
0.3546666666666667,,0.2803333333333333,0.27416666666666667,,0.08650000000000001,,0.233090478231275,0.476693473164091,0.210880580835455,0.0,0.0,0.0793354677691784,0.209495609731123,0.0994103642771202,0.15860432968402,0.235658028346887,0.188777295184784,0.108054372776066,London,117191,53.4386428,-2.9134318
0.3546666666666667,,0.2803333333333333,0.27416666666666667,,0.08650000000000001,,0.144061349319862,0.539606220139375,0.179057241106479,0.0,0.0,0.137275189434284,0.171945701357466,0.119832664560744,0.239409203449159,0.23479040382481,0.158319815589516,0.0757022112183044,Wales,117132,52.500397,-1.9626529
0.3546666666666667,,0.2803333333333333,0.27416666666666667,,0.08650000000000001,,0.193905817174515,0.487416750162079,0.245240761478163,0.0,0.0,0.0734366711852419,0.200714902504167,0.0802257164086189,0.191758539671064,0.25588890897042,0.169859630098199,0.101552302347531,Wales,99594,51.4624292,-0.0101787
0.3546666666666667,,0.2803333333333333,0.27416666666666667,,0.08650000000000001,,0.250178888506082,0.446691225187502,0.239392574139347,0.0,0.0,0.0637373121670686,0.192033775427523,0.093999744125549,0.19082263635976,0.252812486673206,0.161303253870101,0.109028103543861,Wales,117245,51.5696734,-0.015681
0.3546666666666667,,0.2803333333333333,0.27416666666666667,,0.08650000000000001,,0.488197283397072,0.318695327267133,0.158776209943294,0.0,0.0,0.0343311793925007,0.169806025073286,0.0822886130688787,0.109576082662841,0.180700222457847,0.216293478034886,0.24133557870226,West Midlands,96199,52.6843696,-1.8275286
0.3546666666666667,,0.2803333333333333,0.27416666666666667,,0.08650000000000001,,0.356565681835239,0.434243114102019,0.169814624871788,0.0,0.0,0.0393765791909538,0.162714810302375,0.193557181927393,0.148869823039763,0.174387199563776,0.168525444956591,0.151945540210103,East Midlands,117371,53.2293545,-0.5404819
0.3546666666666667,,0.2803333333333333,0.27416666666666667,,0.08650000000000001,,0.100038839260944,0.558480830050491,0.322282638850358,0.0,0.0,0.0191976918382067,0.187751718861248,0.0867453747489453,0.131324187326653,0.187379785979193,0.205381337470644,0.201417595613317,Wales,94104,53.3576179,-2.8892004
0.3546666666666667,,0.2803333333333333,0.27416666666666667,,0.08650000000000001,,0.0832485745107104,0.625242718446602,0.211373092926491,0.0,0.0,0.0801356141161966,0.138274289305826,0.269269643357653,0.19253930370232,0.158412393724997,0.134707016485897,0.106797353423308,Wales,117738,53.407612,-2.9992357
0.3546666666666667,,0.2803333333333333,0.27416666666666667,,0.08650000000000001,,0.0970591620626151,0.655300414364641,0.162436694290976,0.0,0.0,0.0852037292817679,0.199444297173377,0.102726478356062,0.144060557862802,0.18960658988935,0.204156971321414,0.160005105396994,Wales,101853,53.4297355,-2.9614199
0.3546666666666667,,0.2803333333333333,0.27416666666666667,,0.08650000000000001,,0.0705130129378921,0.538168282652418,0.345720889742743,0.0,0.0,0.0455978146669468,0.15526269685231,0.202390453757957,0.152313562126492,0.181999571742812,0.164411827684881,0.143621887835549,Wales,102743,53.39939255,-2.92498524247524
0.3546666666666667,,0.2803333333333333,0.27416666666666667,,0.08650000000000001,,0.0783257355988396,0.630365283286958,0.187348291989817,0.0,0.0,0.103960689124386,0.187101084331158,0.100868492728301,0.14521815098412,0.185723829590421,0.208078524076263,0.173009918289737,Wales,97296,53.4363002,-2.9237039
0.3546666666666667,,0.2803333333333333,0.27416666666666667,,0.08650000000000001,,0.136441848629523,0.443157307999903,0.123670116084628,0.0,0.293386326733393,0.0033444005525531,0.180918254508336,0.0906771010547805,0.118067369853692,0.173666638312351,0.211923698536917,0.224746937733923,Wales,94046,51.6797331,-4.1620223
0.3546666666666667,,0.2803333333333333,0.27416666666666667,,0.08650000000000001,,0.372769822512628,0.412716066546179,0.178205662913017,0.0,0.0,0.0363084480281755,0.154560978515547,0.204787339660855,0.123158333664271,0.171855764266709,0.172749295103451,0.172888288789166,East Midlands,100724,52.7723859,-1.2077985
0.3546666666666667,,0.2803333333333333,0.27416666666666667,,0.08650000000000001,,0.456040750381474,0.262094964545373,0.198231756574814,0.0,0.0,0.0836325284983394,0.147977931662682,0.0751275761057458,0.0953430839776832,0.143319980540115,0.232887205125816,0.305344222587958,East Midlands,96609,53.3675163,-0.0022381
0.3546666666666667,,0.2803333333333333,0.27416666666666667,,0.08650000000000001,,0.334318743381574,0.452744440522414,0.151098658665725,0.0,0.0,0.0618381574302859,0.167921734531994,0.0853093601269169,0.112585933368588,0.164399788471708,0.208154415653094,0.2616287678477,Wales,94550,52.4766308,1.7537638
0.3546666666666667,,0.2803333333333333,0.27416666666666667,,0.08650000000000001,,0.3191263424641,0.483914564981296,0.159382164836491,0.0,0.0,0.0375769277181127,0.235044101004691,0.112494276803994,0.132700398248054,0.207529566246534,0.171860017104797,0.14037164059193,Eastern,115757,51.91545195,-0.477859357931655
0.3546666666666667,,0.2803333333333333,0.27416666666666667,,0.08650000000000001,,0.296638335659013,0.417556767728022,0.221260941266015,0.0,0.0,0.0645439553469491,0.223170474972065,0.125795533675568,0.164823241728879,0.215899337662548,0.157803112500202,0.112508299460737,Wales,123500,51.89107295,-0.423030407620178
0.3546666666666667,,0.2803333333333333,0.27416666666666667,,0.08650000000000001,,0.496080358117698,0.289725952614914,0.195654547439677,0.0,0.0,0.0185391418277104,0.166985801132143,0.0777223216247606,0.107427985476766,0.184072574316477,0.226208787184397,0.237582530265457,North West,95571,53.2606635,-2.1255158
0.3546666666666667,,0.2803333333333333,0.27416666666666667,,0.08650000000000001,,0.517565831028249,0.10363077995339,0.344412257966153,0.0,0.0,0.0343911310522074,0.195412888057195,0.0825488220334916,0.117796650832494,0.221265774195096,0.199692913008013,0.18328295187371,South East,104204,51.522743,-0.7197368
0.3546666666666667,,0.2803333333333333,0.27416666666666667,,0.08650000000000001,,0.503584064696963,0.247645085695906,0.217203510545421,0.0,0.0,0.0315673390617102,0.197534382584394,0.0940097080238287,0.143947194234022,0.214413105832169,0.181676105023167,0.16841950430242,Wales,108776,51.3416829,0.50638
0.3546666666666667,,0.2803333333333333,0.27416666666666667,,0.08650000000000001,,0.144930488363803,0.614579620104904,0.114044915211081,0.0,0.0,0.126444976320212,0.180575616281662,0.0950280634748301,0.121753797535843,0.188572979575219,0.20769879506393,0.206370748068516,North West,103158,53.4852134,-2.6417771
0.3546666666666667,,0.2803333333333333,0.27416666666666667,,0.08650000000000001,,0.561475586147559,0.250462465046246,0.156356205635621,0.0,0.0,0.0317057431705743,0.167790269664719,0.0866407937905097,0.105105225254061,0.17258141954069,0.224963991357926,0.242918300392094,Eastern,99976,51.7155563,0.684354757425754
0.3546666666666667,,0.2803333333333333,0.27416666666666667,,0.08650000000000001,,0.134283702921506,0.607778951073566,0.179760647659275,0.0,0.0,0.0781766983456529,0.17821054265339,0.178962072261205,0.233333605626669,0.186313992337665,0.133796776591486,0.0893830105295833,North West,122417,53.4859033,-2.2070883970057
0.3546666666666667,,0.2803333333333333,0.27416666666666667,,0.08650000000000001,,0.103286571553471,0.5611413583436,0.276119699558876,0.0,0.0,0.0594523705440527,0.178314537699704,0.30316091954023,0.180944119135401,0.169431793537194,0.109791802212102,0.0583568278753704,Wales,110664,53.4626512,-2.2383858
0.3546666666666667,,0.2803333333333333,0.27416666666666667,,0.08650000000000001,,0.104137910780887,0.411118616193357,0.419077266453261,0.0,0.0,0.0656662065724942,0.154027837282624,0.184468685803425,0.198585066297554,0.202408023816586,0.148128618352393,0.112381768447418,Wales,91030,53.42577675,-2.24218148469786
0.3546666666666667,,0.2803333333333333,0.27416666666666667,,0.08650000000000001,,0.161676069241526,0.523289454650658,0.142099426201842,0.0,0.0,0.172935049905974,0.182752924198694,0.0868904754671122,0.134057420628893,0.189949491113474,0.211064484277685,0.195285204314142,East Midlands,105329,53.1443785,-1.1964165
0.3546666666666667,,0.2803333333333333,0.27416666666666667,,0.08650000000000001,,0.422447084127682,0.189861661045119,0.347558293004839,0.0,0.0,0.040132961822359,0.170175551549489,0.0805970469568203,0.102304918877157,0.176206112112628,0.224654476779123,0.246061893724783,Wales,93192,51.3528618,-2.1212567
0.3546666666666667,,0.2803333333333333,0.27416666666666667,,0.08650000000000001,,0.485160777715461,0.273298747429426,0.185455225275752,0.0,0.0,0.0560852495793606,0.176429442000954,0.0837581474219702,0.115404589051985,0.180986699168036,0.221207143235652,0.222213979121403,Wales,94355,52.7651671,-0.7984629
0.3546666666666667,,0.2803333333333333,0.27416666666666667,,0.08650000000000001,,0.454342527845478,0.276427578980935,0.228503746896567,0.0,0.0,0.0407261462770197,0.197173891179724,0.093080559187368,0.111153575379664,0.18171577994569,0.202413758423011,0.214462435884542,Wales,99430,52.4373156,-1.647117
0.3546666666666667,,0.2803333333333333,0.27416666666666667,,0.08650000000000001,,0.0842802094654678,0.614958996146626,0.135609129532655,0.0,0.114217962651912,0.0509337022033395,0.187422229358166,0.0972584594388471,0.131868903785172,0.181361136755911,0.205063621402481,0.197025649259423,Wales,99652,51.7455659,-3.3786082
0.3546666666666667,,0.2803333333333333,0.27416666666666667,,0.08650000000000001,,0.343243136324076,0.355368304454466,0.13608671572118,0.0,0.136284516180077,0.0290173273201993,0.171159576679767,0.0864757303659997,0.107423943926899,0.160269673599905,0.218976151112255,0.255694924315174,Wales,101014,51.4100839,-0.935151847925782
0.3546666666666667,,0.2803333333333333,0.27416666666666667,,0.08650000000000001,,0.474672779708645,0.222559096847346,0.228647489462397,0.0,0.0,0.0741206339816115,0.199433859990765,0.0910642227620405,0.12882696593122,0.199142759631407,0.204442793760414,0.177089397924153,Eastern,99622,52.0318886,-0.4929079
0.3546666666666667,,0.2803333333333333,0.27416666666666667,,0.08650000000000001,,0.534484000288067,0.183282521544998,0.238327291931728,0.0,0.0,0.0439061862352065,0.192394605261812,0.0838147629321363,0.105645251996442,0.194603216801808,0.212169858587511,0.211372304420291,Wales,97797,51.6192016,-0.770410998009853
0.3546666666666667,,0.2803333333333333,0.27416666666666667,,0.08650000000000001,,0.419802323565112,0.355223067205033,0.209021774133617,0.0,0.0,0.0159528350962372,0.18694626808592,0.0904561582425053,0.132003314424119,0.192969596532602,0.216797331463658,0.180827331251195,Wales,94131,53.6485368,-1.9187418
0.3546666666666667,,0.2803333333333333,0.27416666666666667,,0.08650000000000001,,0.455481855432051,0.347519978267267,0.160776945192765,0.0,0.0,0.0362212211079166,0.166075730715033,0.0860607300331833,0.102822855584345,0.183190145006591,0.222657848084004,0.239192690576844,East Midlands,87995,52.9209621,-1.4036986
0.3546666666666667,,0.2803333333333333,0.27416666666666667,,0.08650000000000001,,0.381888948697776,0.10813216844023,0.480559811187942,0.0,0.0,0.0294190716740507,0.166745488749461,0.0836144654286344,0.0980967094407836,0.168941997456674,0.217969332954987,0.264632005969459,South West,95151,51.4100839,-0.935151847925782
0.3546666666666667,,0.2803333333333333,0.27416666666666667,,0.08650000000000001,,0.45984593685581,0.287425409569274,0.191407182380384,0.0,0.0,0.0613214711945318,0.185045257772531,0.0859405745769382,0.12116292798111,0.194883903974813,0.202863046044864,0.210104289649744,Wales,101640,51.4100839,-0.935151847925782
0.3546666666666667,,0.2803333333333333,0.27416666666666667,,0.08650000000000001,,0.492612156471362,0.34025461892359,0.12317129573282,0.0,0.0,0.043961928872228,0.163384762538468,0.0859290526490892,0.110808450469933,0.165578474590368,0.215077351742493,0.259221908009648,Eastern,96185,52.7650941,0.948189
0.3546666666666667,,0.2803333333333333,0.27416666666666667,,0.08650000000000001,,0.484638791840415,0.13578271159698,0.342251775047898,0.0,0.0,0.0373267215147075,0.196223500477652,0.0820748389194902,0.112492123823655,0.211620154881197,0.196416593833208,0.201172788064798,South East,98398,51.0053398,-0.127315425377761
0.3546666666666667,,0.2803333333333333,0.27416666666666667,,0.08650000000000001,,0.203598069328653,0.556229512428051,0.178070877319774,0.0,0.0,0.0621015409235216,0.216833274953071,0.127367768706383,0.151537197208525,0.180655475619504,0.175356344138173,0.148249939374343,Wales,111339,54.5760419,-1.2344047
0.3546666666666667,,0.2803333333333333,0.27416666666666667,,0.08650000000000001,,0.311491276889201,0.505214508674716,0.14194110387882,0.0,0.0,0.0413531105572628,0.181086257832029,0.0881840513369909,0.116460517914922,0.168771440011254,0.216115313443496,0.229382419461308,North East,92409,54.5760419,-1.2344047
0.3546666666666667,,0.2803333333333333,0.27416666666666667,,0.08650000000000001,,0.369725385130609,0.393422177056147,0.179019331593413,0.0,0.0,0.0578331062198304,0.220446217799432,0.103200782113136,0.152520009855897,0.240118270766932,0.175967507332311,0.107747212132292,Wales,125821,52.0342006,-0.7748261
0.3546666666666667,,0.2803333333333333,0.27416666666666667,,0.08650000000000001,,0.360876270992802,0.388009825202788,0.190448988918085,0.0,0.0,0.0606649148863246,0.205628401036124,0.086725166161322,0.133752334290476,0.21663219614064,0.183450131523463,0.173811770847975,South East,99602,52.0657171,-0.78835109536779
0.3546666666666667,,0.2803333333333333,0.27416666666666667,,0.08650000000000001,,0.263002229603677,0.547435955771943,0.142171360968285,0.0,0.0,0.047390453656095,0.198623163814418,0.101121507409382,0.166949467526381,0.236162957935392,0.178366542234288,0.118776361080138,London,123762,51.39366915,-0.171906075690548
0.3546666666666667,,0.2803333333333333,0.27416666666666667,,0.08650000000000001,,0.435587898332414,0.381189799295625,0.143569397886876,0.0,0.0241014978571731,0.0155514066279119,0.158331271448089,0.0804780705057177,0.0992609486106479,0.169433178781587,0.233882332691459,0.258614197962499,Wales,92957,51.7501058,-2.8333331
0.3546666666666667,,0.2803333333333333,0.27416666666666667,,0.08650000000000001,,0.268758971682109,0.232502501196224,0.388033407281743,0.0,0.0753838792465962,0.0353212405933272,0.171397893445138,0.0889866039472338,0.108272829532672,0.165333878719705,0.224051539012169,0.241957255343082,Wales,97790,52.61527305,-3.46499733880222
0.3546666666666667,,0.2803333333333333,0.27416666666666667,,0.08650000000000001,,0.383970732122346,0.399838346024588,0.207789169183647,0.0,0.0,0.0084017526694176,0.166073281386691,0.0849083474050414,0.0965353081195451,0.162757105364881,0.223119646817081,0.26660631090676,North West,98306,54.0721085,-2.8650938
0.3546666666666667,,0.2803333333333333,0.27416666666666667,,0.08650000000000001,,0.121523511672065,0.536937339439294,0.160504858706579,0.0,0.130771808332403,0.0502624818496593,0.175568684189374,0.117122819709027,0.125291375291375,0.180682822924202,0.199481552929829,0.201852744956193,Wales,99528,51.6628422,-3.8039117
0.3546666666666667,,0.2803333333333333,0.27416666666666667,,0.08650000000000001,,0.49576919806106,0.122204269070499,0.332149842673697,0.0,0.0,0.0498766901947444,0.166868624556611,0.0809998017140716,0.101269029941175,0.168543039062328,0.225605322875587,0.256714181850228,South East,90779,50.8563101,-1.49271024431427
0.3546666666666667,,0.2803333333333333,0.27416666666666667,,0.08650000000000001,,0.557076697164803,0.165593584095787,0.192477126397831,0.0,0.0,0.0848525923415791,0.139907771216149,0.0729477919205703,0.0824882949438863,0.147989553678564,0.22326659294638,0.33339999529445,South East,85007,50.8575514,-1.72034584154634
0.3546666666666667,,0.2803333333333333,0.27416666666666667,,0.08650000000000001,,0.53017958636786,0.278542562617509,0.166684675728827,0.0,0.0,0.0245931752858038,0.168968504011955,0.0883867467471278,0.10679509998953,0.180733097914545,0.2192440582138,0.235872493123043,East Midlands,105061,53.0761693,-0.8092339
0.3546666666666667,,0.2803333333333333,0.27416666666666667,,0.08650000000000001,,0.489487870619946,0.0594716981132075,0.426199460916442,0.0,0.0,0.0248409703504043,0.189520464482833,0.0886981987978332,0.124732482054538,0.200487420256612,0.206989770318564,0.18957166408962,South East,97657,51.4020243,-1.3242212
0.3546666666666667,,0.2803333333333333,0.27416666666666667,,0.08650000000000001,,0.163752410079117,0.503423974469783,0.285752277109235,0.0,0.0,0.0470713383418655,0.191895550813428,0.180981008543478,0.148405650780539,0.17929831807439,0.160949343368287,0.138470128419877,Wales,130743,54.9738474,-1.6131572
0.3546666666666667,,0.2803333333333333,0.27416666666666667,,0.08650000000000001,,0.146561991104197,0.549376564664706,0.289891354543908,0.0,0.0,0.0141700896871885,0.163158032147737,0.164559165237975,0.158615227966965,0.176716823170042,0.181451086530847,0.155499664946435,Wales,114907,54.9738474,-1.6131572
0.3546666666666667,,0.2803333333333333,0.27416666666666667,,0.08650000000000001,,0.151329447960179,0.522699417194027,0.301033042347232,0.0,0.0,0.0249380924985617,0.161758781257905,0.179691379423421,0.135084744174716,0.181640167520823,0.172598915049703,0.169226012573431,North East,106732,54.9738474,-1.6131572
0.3546666666666667,,0.2803333333333333,0.27416666666666667,,0.08650000000000001,,0.26151900546422,0.445011811305448,0.190293254432222,0.0,0.0,0.10317592879811,0.16535161842431,0.132337269507745,0.118365106190594,0.178441102702935,0.199560813356441,0.205944089817974,West Midlands,92899,53.0117627,-2.2273919
0.3546666666666667,,0.2803333333333333,0.27416666666666667,,0.08650000000000001,,0.258860850069169,0.450627295711492,0.214019939894099,0.0,0.0373515241139149,0.0391403902113247,0.201549683432194,0.101901223577716,0.157184772043929,0.188096687165605,0.188886971213676,0.162380662566879,Wales,110087,56.4407078,-2.9351431
0.3546666666666667,,0.2803333333333333,0.27416666666666667,,0.08650000000000001,,0.191378985097151,0.557324089794378,0.146293152235427,0.0,0.0861158272024146,0.0188879456706281,0.189347481568249,0.089338622515774,0.126034786546052,0.193747477630893,0.203728676752862,0.19780295498617,Wales,101589,51.5882332,-2.9974967
0.3546666666666667,,0.2803333333333333,0.27416666666666667,,0.08650000000000001,,0.336156971216181,0.115740340565304,0.474760134843115,0.0,0.0,0.0733425533753997,0.156745755449628,0.0789459589738096,0.105928980772321,0.165957902629747,0.223523110706443,0.268898291468052,South West,93355,50.5296441,-3.6112097
0.3546666666666667,,0.2803333333333333,0.27416666666666667,,0.08650000000000001,,0.155092646409225,0.553135098691093,0.181480017669077,0.0,0.0,0.110292237230605,0.175845103951754,0.0921652647727873,0.122361529915886,0.177379251970587,0.218272231920859,0.213976617468127,Wales,94513,52.0322303,0.7943311
0.3546666666666667,,0.2803333333333333,0.27416666666666667,,0.08650000000000001,,0.211582028764159,0.589588901616393,0.148733613338424,0.0,0.0,0.0500954562810232,0.18597629057157,0.0909541054593823,0.134450517976252,0.181568395195977,0.212443080866433,0.194607609930386,Wales,102997,53.6991226,-1.4194401
0.3546666666666667,,0.2803333333333333,0.27416666666666667,,0.08650000000000001,,0.487995748997633,0.255688131008164,0.214844693493068,0.0,0.0,0.0414714265011352,0.19248299221816,0.08655977431705,0.125939146204554,0.198230614966848,0.207279042766535,0.189508429526853,Wales,104217,52.2180544,-0.5851492
0.3546666666666667,,0.2803333333333333,0.27416666666666667,,0.08650000000000001,,0.335481408298904,0.128435423028561,0.445212861505299,0.0,0.0,0.0908703071672355,0.168441647504942,0.0794505627496066,0.0984005002218726,0.169026584372101,0.222981967808302,0.261698737343176,South West,99156,50.5687462,-4.7627488
0.3546666666666667,,0.2803333333333333,0.27416666666666667,,0.08650000000000001,,0.463767107399675,0.240872187427511,0.246926467176989,0.0,0.0,0.0484342379958246,0.174097181603518,0.0778795953293906,0.104525465219558,0.178299863521154,0.2202400294621,0.244957864864279,Wales,92322,51.983429,-1.70678515265656
0.3546666666666667,,0.2803333333333333,0.27416666666666667,,0.08650000000000001,,0.357636489288182,0.089881702508232,0.464409122322046,0.0,0.0,0.0880726858815399,0.166492581963473,0.0827798115828862,0.105677865552525,0.16519455233189,0.221729827301214,0.258125361268013,South West,98611,51.061456,-3.92392329756694
0.3546666666666667,,0.2803333333333333,0.27416666666666667,,0.08650000000000001,,0.451880379653598,0.103415619672959,0.373739924658543,0.0,0.0,0.0709640760148999,0.162641161063163,0.0839452101850659,0.0963222980806389,0.163199364506849,0.221402808192709,0.272489157971575,South West,93155,50.91989035,-2.23114900016168
0.3546666666666667,,0.2803333333333333,0.27416666666666667,,0.08650000000000001,,0.167262594629251,0.632826178087934,0.192168273617242,0.0,0.0,0.0077429536655734,0.171066347966178,0.0883024987101054,0.117333024460613,0.176541818909328,0.224073118596595,0.22268319135718,North East,94969,54.8713608,-1.69005251940474
0.3546666666666667,,0.2803333333333333,0.27416666666666667,,0.08650000000000001,,0.477719741084148,0.295329018069127,0.175442981031165,0.0,0.0,0.0515082598155599,0.17206378950245,0.0883059085319435,0.123987429486053,0.176885089106205,0.210370674005973,0.228387109367375,Eastern,102462,54.7800926,-1.5321299
0.3546666666666667,,0.2803333333333333,0.27416666666666667,,0.08650000000000001,,0.260523428197885,0.477832512315271,0.215768216095067,0.0,0.0,0.0458758433917773,0.164378671340019,0.0841744285420655,0.109455965555664,0.172730124730904,0.221746232650721,0.247514577180627,East Midlands,92439,53.2226728,-1.52392859990711
0.3546666666666667,,0.2803333333333333,0.27416666666666667,,0.08650000000000001,,0.493503345292349,0.221007466304664,0.245248715213808,0.0,0.0,0.0402404731891787,0.194143983517572,0.0824220452474345,0.106254209754745,0.20745671381592,0.213013590078846,0.196709457585483,South East,100956,51.25876505,-0.894432491739877
0.3546666666666667,,0.2803333333333333,0.27416666666666667,,0.08650000000000001,,0.487811599118196,0.283004069866034,0.19575631677124,0.0,0.0,0.0334280142445311,0.18911556684081,0.0847075076126823,0.114983120761949,0.196635826790804,0.210178131901273,0.204379846092481,Eastern,102789,54.9558867,-1.54562436885246
0.3546666666666667,,0.2803333333333333,0.27416666666666667,,0.08650000000000001,,0.368932251219566,0.422396254894669,0.184389560956402,0.0,0.0,0.0242819329293636,0.175837057659902,0.098301288425107,0.119642464649425,0.178767675287567,0.206043352207906,0.221408161770093,Wales,95543,51.3140232,-2.4940789
0.3546666666666667,,0.2803333333333333,0.27416666666666667,,0.08650000000000001,,0.505033407572383,0.153563474387528,0.264966592427617,0.0,0.0,0.0764365256124721,0.149969078540507,0.0763980917042141,0.0966185175368848,0.157147274494213,0.231800512412757,0.288066525311423,West Midlands,90552,52.06170235,-2.69798114471975
0.3546666666666667,,0.2803333333333333,0.27416666666666667,,0.08650000000000001,,0.375828311745511,0.0864847550599587,0.520209805609497,0.0,0.0,0.0174771275850333,0.131209180388189,0.0699337687425259,0.0836629564897433,0.139189127035231,0.232292337411462,0.343712629932849,Eastern,86968,52.835652,1.12765976862862
0.3546666666666667,,0.2803333333333333,0.27416666666666667,,0.08650000000000001,,0.26151512365542,0.259009837271306,0.471913211363427,0.0,0.0,0.0075618277098464,0.145236436471305,0.0726073325785944,0.0921797439693459,0.157874684315945,0.243729861534442,0.288371941130367,Wales,91864,55.957131,-3.1975022
0.3546666666666667,,0.2803333333333333,0.27416666666666667,,0.08650000000000001,,0.495811727163941,0.258875149581173,0.197259438278702,0.0,0.0,0.0480536849761843,0.164708446434586,0.0902300330883081,0.103009649105427,0.167502129936003,0.227615858611876,0.2469338828238,West Midlands,100943,52.06170235,-2.69798114471975
0.3546666666666667,,0.2803333333333333,0.27416666666666667,,0.08650000000000001,,0.418172967023663,0.217796215552639,0.301845658891758,0.0,0.0,0.0621851585319392,0.176924464822067,0.0765540590738795,0.0895341802782819,0.191846828201781,0.209751541588393,0.255388926035597,South West,94221,51.39663045,-2.76912892386411
0.3546666666666667,,0.2803333333333333,0.27416666666666667,,0.08650000000000001,,0.327410637656283,0.470506367284452,0.139198812368073,0.0,0.0,0.0628841826911925,0.179072448914227,0.0899259069459569,0.12208271944996,0.182382081011253,0.21488053295753,0.211656310721073,Wales,93667,52.5298901,-1.45011388649844
0.3546666666666667,,0.2803333333333333,0.27416666666666667,,0.08650000000000001,,0.45767417370701,0.254409688150683,0.234736615369887,0.0,0.0,0.0531795227724194,0.212162599917702,0.089976273649743,0.141780264229244,0.215489542020154,0.183831061382082,0.156760258801075,Eastern,114219,52.9442507,1.2119139
0.3546666666666667,,0.2803333333333333,0.27416666666666667,,0.08650000000000001,,0.528620648687181,0.110965902340501,0.326767256742307,0.0,0.0,0.0336461922300106,0.197646496053576,0.0847548433389141,0.112432432432432,0.200353982300885,0.206362114326716,0.198450131547477,Wales,104524,52.0248034,0.2400725
0.3546666666666667,,0.2803333333333333,0.27416666666666667,,0.08650000000000001,,0.495230332004142,0.215857769161287,0.247802427794056,0.0,0.0,0.0411094710405146,0.197004139868411,0.0849412286538035,0.139674354993716,0.204868041694389,0.200081318843794,0.173430915945886,South East,108215,51.25961055,-1.34150770127254
0.3546666666666667,,0.2803333333333333,0.27416666666666667,,0.08650000000000001,,0.360059026069848,0.45501498010106,0.120533917631803,0.0,0.0,0.0643920761972901,0.176988656379905,0.0963352155489124,0.125242825940353,0.190868738110336,0.209348672887037,0.201215891133456,East Midlands,99351,52.7704201,-1.39650466914716
0.3546666666666667,,0.2803333333333333,0.27416666666666667,,0.08650000000000001,,0.503522012578616,0.310964360587002,0.151299790356394,0.0,0.0,0.0342138364779874,0.163994529635988,0.0826762107060067,0.11401441305128,0.167699634339143,0.20899894278426,0.262616269483322,Eastern,103101,52.7516349,0.397674040578818
0.3546666666666667,,0.2803333333333333,0.27416666666666667,,0.08650000000000001,,0.312648348553727,0.403769561894034,0.234722613348353,0.0,0.0,0.0488594762038862,0.196759908940656,0.119624536127483,0.16293229800106,0.211377740356129,0.168592322325132,0.14071319424954,East Midlands,128268,52.2856065,-0.8534202
0.3546666666666667,,0.2803333333333333,0.27416666666666667,,0.08650000000000001,,0.419905513345022,0.357685563997662,0.168882719657121,0.0,0.0,0.0535262030001948,0.207270783697356,0.104514118510332,0.136918296538542,0.215070615199253,0.182485256416063,0.153740929638454,East Midlands,110387,52.11838535,-1.08008147951706
0.3546666666666667,,0.2803333333333333,0.27416666666666667,,0.08650000000000001,,0.312407986750092,0.444746043430254,0.194285977180714,0.0,0.0,0.04855999263894,0.172952961233116,0.0919692124562447,0.142387346037062,0.199473424055038,0.19188750239582,0.201329553822719,Eastern,99131,52.6817956,1.26776359471335
0.3546666666666667,,0.2803333333333333,0.27416666666666667,,0.08650000000000001,,0.215892127352372,0.378288427183516,0.300442943494114,0.0,0.0,0.105376501969997,0.146995096362185,0.20044094727639,0.155776029193751,0.179020792944843,0.154939749876459,0.162827384346372,Eastern,105228,52.587805,1.27062866015264
0.3546666666666667,,0.2803333333333333,0.27416666666666667,,0.08650000000000001,,0.227692034770268,0.465111465909763,0.223375317840459,0.0,0.0,0.0838211814795103,0.166961956789212,0.24378660367144,0.171826041307807,0.183293141066654,0.140713945896288,0.0934183112685991,East Midlands,121914,53.0120281,-1.2908418
0.3546666666666667,,0.2803333333333333,0.27416666666666667,,0.08650000000000001,,0.231414257775873,0.542181262892812,0.174752859860155,0.0,0.0,0.0516516194711602,0.223691470187957,0.102824879538014,0.139478427189465,0.195111634236951,0.185695369110237,0.153198219737374,Wales,108748,52.9534193,-1.1496461
0.3546666666666667,,0.2803333333333333,0.27416666666666667,,0.08650000000000001,,0.25433847867108,0.481764469329044,0.223744857240078,0.0,0.0,0.0401521947597983,0.159592560759285,0.29594206609001,0.129857542563502,0.151582758809868,0.138607976884955,0.12441709489238,East Midlands,109364,52.915663,-1.15640398322859
0.3546666666666667,,0.2803333333333333,0.27416666666666667,,0.08650000000000001,,0.352969579913085,0.474674070497344,0.118421052631579,0.0,0.0,0.0539352969579913,0.192441071518319,0.0938835000251294,0.143468864652963,0.190682012363673,0.19885409860783,0.180670452832085,West Midlands,99485,52.5246182,-1.4684488
0.3546666666666667,,0.2803333333333333,0.27416666666666667,,0.08650000000000001,,0.493744085795395,0.285711281673851,0.139690884239302,0.0,0.0,0.080853748291452,0.188641916688924,0.100048471179432,0.12329485315211,0.201798379677716,0.197574462612893,0.188641916688924,London,101091,51.424323,0.107481602065726
0.3546666666666667,,0.2803333333333333,0.27416666666666667,,0.08650000000000001,,0.170429361194321,0.426000340956138,0.317040500718443,0.0,0.0,0.0865297971310976,0.225029463759576,0.104881776664702,0.125883912787272,0.189893930465527,0.187085665880966,0.167225250441956,North West,108607,53.5415797,-2.1147831
0.3546666666666667,,0.2803333333333333,0.27416666666666667,,0.08650000000000001,,0.213987749498363,0.479564895976344,0.218740099271306,0.0,0.0,0.0877072552539866,0.23902020995501,0.119108405341712,0.13391773191459,0.194931443262158,0.167428408198243,0.145593801328287,Wales,112024,53.5415797,-2.1147831
0.3546666666666667,,0.2803333333333333,0.27416666666666667,,0.08650000000000001,,0.511769852512291,0.0853262228147654,0.380072493958837,0.0,0.0,0.0228314307141071,0.202347623362212,0.0897614708786789,0.109959583413929,0.2052490659391,0.198265242754029,0.194417013652051,London,98227,51.3796373,0.1053732
0.3546666666666667,,0.2803333333333333,0.27416666666666667,,0.08650000000000001,,0.283635091872696,0.450754620537516,0.183341852519437,0.0,0.0,0.0822684350703505,0.174046898800712,0.0895174958700735,0.107925167878827,0.188174465254983,0.21446654223252,0.225869429962884,Wales,93221,53.6780539,-1.5765949
0.3546666666666667,,0.2803333333333333,0.27416666666666667,,0.08650000000000001,,0.171938615721892,0.360668770628057,0.345900888963839,0.0,0.0,0.121491724686213,0.169926015478005,0.174583038899342,0.18437385596431,0.202525179427365,0.15214078343564,0.116451126795338,South East,117458,51.7472625,-1.235203
0.3546666666666667,,0.2803333333333333,0.27416666666666667,,0.08650000000000001,,0.317126485568761,0.180730050933786,0.449066213921901,0.0,0.0,0.0530772495755517,0.154936337201095,0.20273284209932,0.139926409004075,0.168732296283749,0.165730310644345,0.167941804767417,South East,106263,51.7520131,-1.2578499
0.3546666666666667,,0.2803333333333333,0.27416666666666667,,0.08650000000000001,,0.104546302630761,0.561291125069967,0.253591641271223,0.0,0.0,0.080570931028049,0.174073114778361,0.130032191223266,0.231332790646044,0.213784873825205,0.170400725227559,0.0803763042995633,Wales,108103,51.4734122,-0.0699321
0.3546666666666667,,0.2803333333333333,0.27416666666666667,,0.08650000000000001,,0.354581673306773,0.346886139651919,0.227448102327532,0.0,0.0,0.0710840847137764,0.200733482848634,0.0951045994338027,0.121521011801904,0.189345196514578,0.199529394463032,0.193766314938049,Wales,108796,53.87904015,-2.17177953034584
0.3546666666666667,,0.2803333333333333,0.27416666666666667,,0.08650000000000001,,0.22949241022782,0.476825219837308,0.241554952991561,0.0,0.0,0.0521274169433111,0.164165356099753,0.0822062457874635,0.100483037519658,0.181678274545046,0.225994158616041,0.245472927432038,Yorkshire & the Humber,89019,53.4825078,-1.590469
0.3546666666666667,,0.2803333333333333,0.27416666666666667,,0.08650000000000001,,0.37449282909154,0.38375751263859,0.198724207511554,0.0,0.0,0.0430254507583154,0.15421795781528,0.0806466541202603,0.100628348707823,0.165705118316725,0.23859768200002,0.260204239039891,Wales,97240,54.6657228,-2.7654626
0.3546666666666667,,0.2803333333333333,0.27416666666666667,,0.08650000000000001,,0.423038082628307,0.355086286214403,0.16184556001885,0.0,0.0,0.0600300711384394,0.223364464358703,0.105038290389999,0.151202696137028,0.209467327847486,0.167058696507207,0.143868524759576,Eastern,129667,52.5725769,-0.2427336
0.3546666666666667,,0.2803333333333333,0.27416666666666667,,0.08650000000000001,,0.255452470005343,0.446592509836304,0.194103074755914,0.0,0.0,0.103851945402438,0.194097943523939,0.0958661749942848,0.131101591308929,0.183273862179328,0.197268634018825,0.198391793974694,Wales,100609,50.3877305,-4.171494
0.3546666666666667,,0.2803333333333333,0.27416666666666667,,0.08650000000000001,,0.291534283078815,0.402787742133853,0.222711899149329,0.0,0.0,0.0829660756380034,0.153853316944165,0.185374529742616,0.157820240622788,0.185821507058517,0.173836927775915,0.143293477855999,Wales,107388,50.3714122,-4.1424451
0.3546666666666667,,0.2803333333333333,0.27416666666666667,,0.08650000000000001,,0.173814210074017,0.640728522717822,0.112438666038311,0.0,0.0,0.07301860116985,0.188674944752202,0.0894072877543133,0.150135270392135,0.185840707964602,0.205244329048945,0.180697460087802,Wales,100909,53.712412,-1.2736371
0.3546666666666667,,0.2803333333333333,0.27416666666666667,,0.08650000000000001,,0.10767370741768,0.581869473484579,0.163051466230472,0.0,0.119384586207714,0.0280207666595547,0.185770478227865,0.111340043573844,0.133964924041523,0.188067470449639,0.195756972307935,0.185100111399193,Wales,101437,51.6001047,-3.3449362
0.3546666666666667,,0.2803333333333333,0.27416666666666667,,0.08650000000000001,,0.451202607067293,0.218536443006882,0.287531311559133,0.0,0.0,0.0427296383666917,0.169633120023046,0.0833659128788658,0.123551924936727,0.188347496862075,0.204129714603181,0.230971830696105,South West,97198,50.74020055,-1.9537512539581
0.3546666666666667,,0.2803333333333333,0.27416666666666667,,0.08650000000000001,,0.261526946107784,0.356212574850299,0.158345808383233,0.0,0.0,0.223914670658683,0.185410970269315,0.142629372849197,0.286052333508885,0.235572934327001,0.100857796278795,0.0494765927668078,London,138611,51.508044,-0.0148511948312562
0.3546666666666667,,0.2803333333333333,0.27416666666666667,,0.08650000000000001,,0.378649279875438,0.38675068119891,0.196574542623589,0.0,0.0,0.038025496302063,0.198955389332188,0.0981993948049094,0.14103242687226,0.197487341835359,0.197137806717066,0.167187640438217,South East,100133,50.82802085,-1.08355666238751
0.3546666666666667,,0.2803333333333333,0.27416666666666667,,0.08650000000000001,,0.335081648102087,0.222450524494431,0.423164269492809,0.0,0.0,0.0193035579106737,0.160016686752572,0.209344581440623,0.159479002503013,0.183980717530361,0.156938907944748,0.130240103828683,South East,107870,50.79444535,-1.07121589189787
0.3546666666666667,,0.2803333333333333,0.27416666666666667,,0.08650000000000001,,0.296254256526674,0.427787687152046,0.2067996324523,0.0,0.0,0.06915842386898,0.198683811750444,0.154452959258778,0.155682556176127,0.189660994934407,0.171468156037581,0.130051521842663,North West,115485,53.7593363,-2.6992717
0.3546666666666667,,0.2803333333333333,0.27416666666666667,,0.08650000000000001,,0.421314261076872,0.378021253392173,0.162215628090999,0.0,0.0,0.0384488574399553,0.174362199065756,0.10296442687747,0.228206970894718,0.239840100610852,0.149416097736256,0.105210204814948,London,111320,51.4625524,-0.2167462
0.3546666666666667,,0.2803333333333333,0.27416666666666667,,0.08650000000000001,,0.271527834103874,0.408711168789034,0.260605077459648,0.0,0.0,0.0591559196474437,0.174635185170247,0.120483677107617,0.190155444594126,0.223624028975453,0.185573580065663,0.105528084086894,Wales,123967,52.8040025,-4.7141157
0.3546666666666667,,0.2803333333333333,0.27416666666666667,,0.08650000000000001,,0.168520716592597,0.605211582521324,0.164518177050266,0.0,0.0,0.061749523835813,0.187814943296946,0.0925601773760648,0.129700943105991,0.183974624189767,0.209785387691883,0.196163924339348,Wales,94260,53.4598936,-1.3376657
0.3546666666666667,,0.2803333333333333,0.27416666666666667,,0.08650000000000001,,0.542879865682852,0.255114213758671,0.130870852295321,0.0,0.0,0.0711350682631555,0.175526403050651,0.0890429412252341,0.110617176490094,0.185215120616762,0.211493824090193,0.228104534527066,Eastern,96504,51.5884892,0.6012418
0.3546666666666667,,0.2803333333333333,0.27416666666666667,,0.08650000000000001,,0.350357748070043,0.372340425531915,0.217708529467144,0.0,0.0,0.0595932969308981,0.178994782220006,0.137493230639629,0.185510560202178,0.229341631351379,0.153705311476537,0.11495448411027,Wales,116335,51.45502715,-0.967763723533099
0.3546666666666667,,0.2803333333333333,0.27416666666666667,,0.08650000000000001,,0.389020101821235,0.326641473783656,0.237075526163859,0.0,0.0,0.0472628982312496,0.199008840637534,0.0908002771886352,0.111053946788182,0.202715188677264,0.209130425652548,0.187291321055837,Wales,95242,51.4564242,-0.9700664
0.3546666666666667,,0.2803333333333333,0.27416666666666667,,0.08650000000000001,,0.18791089704997,0.51308850090307,0.198049367850692,0.0,0.0,0.100951234196267,0.17945886842613,0.0912033960079754,0.11478678472654,0.167334862680359,0.221565937010913,0.225650151148082,North East,93286,54.6179021,-1.0687914
0.3546666666666667,,0.2803333333333333,0.27416666666666667,,0.08650000000000001,,0.393867175087385,0.426505969403967,0.145717009396704,0.0,0.0,0.0339098461119433,0.188474734082928,0.090902650568268,0.133348176785516,0.196712850044024,0.195123925958162,0.195437662561103,West Midlands,98809,52.3057655,-1.9417444
0.3546666666666667,,0.2803333333333333,0.27416666666666667,,0.08650000000000001,,0.497516222868651,0.21543969568136,0.224949653166256,0.0,0.0,0.0620944282837323,0.200904493916311,0.0839189823982904,0.11935266973077,0.214342952408146,0.197901795171734,0.183579106374748,South East,108567,51.2376557,-0.2057067
0.3546666666666667,,0.2803333333333333,0.27416666666666667,,0.08650000000000001,,0.0775118755487516,0.65195074179968,0.121276931043022,0.0,0.144352641887481,0.0049078097210653,0.184796186555008,0.104509978314529,0.129353333266711,0.176241917914997,0.206711503292794,0.19838708065596,Wales,100067,51.5450167,-3.5149965
0.3546666666666667,,0.2803333333333333,0.27416666666666667,,0.08650000000000001,,0.499563337845509,0.276647307977817,0.191389022313436,0.0,0.0,0.0324003318632374,0.173843281699379,0.0870679650840103,0.111034865533074,0.179332963318028,0.226207174933145,0.222513749432363,North West,99094,53.90264405,-2.42285603548628
0.3546666666666667,,0.2803333333333333,0.27416666666666667,,0.08650000000000001,,0.602583772485714,0.208791941831766,0.157383318880217,0.0,0.0,0.0312409668023036,0.154180145517856,0.0898578137930293,0.105538061409825,0.157565531398111,0.230743602695412,0.262114845185766,Wales,93047,51.4405529,-0.307639437733795
0.3546666666666667,,0.2803333333333333,0.27416666666666667,,0.08650000000000001,,0.396087496254441,0.092526004879928,0.466760840717435,0.0,0.0,0.0446256581481957,0.208991505431321,0.0795995802050536,0.117856534180099,0.243229909492927,0.194558811657383,0.155763659033216,London,111482,51.43851165,-0.274735034756565
0.3546666666666667,,0.2803333333333333,0.27416666666666667,,0.08650000000000001,,0.113476089977866,0.400859628352293,0.414500437535389,0.0,0.0,0.071163844134452,0.22918002837541,0.109556294093639,0.135239927701009,0.199900880415136,0.177900219617904,0.148222649796902,North West,102906,53.6153659,-2.1557561
0.3546666666666667,,0.2803333333333333,0.27416666666666667,,0.08650000000000001,,0.430513055895553,0.415493676050592,0.120333537331701,0.0,0.0,0.0336597307221542,0.199578812523049,0.101017061004251,0.143747209875585,0.202344674986898,0.192659303973137,0.16065293763708,South East,103039,51.3883811,0.504925
0.3546666666666667,,0.2803333333333333,0.27416666666666667,,0.08650000000000001,,0.575313613849928,0.288223857797528,0.0814933111141971,0.0,0.0,0.0549692172383465,0.19992795389049,0.0966156801891672,0.147731471218503,0.206772334293948,0.182646124288775,0.166306436119116,London,108264,51.5760462,0.1822646
0.3546666666666667,,0.2803333333333333,0.27416666666666667,,0.08650000000000001,,0.433334730488725,0.127944504987845,0.406970408248805,0.0,0.0,0.0317503562746248,0.160516361940109,0.12888767201079,0.109295934613083,0.175433259306582,0.199375335909059,0.226491436220377,South East,98613,51.07592055,-1.51962399721452
0.3546666666666667,,0.2803333333333333,0.27416666666666667,,0.08650000000000001,,0.345333007617313,0.428790335117369,0.146860911856803,0.0,0.0,0.0790157454085145,0.187509861154938,0.0908015146733985,0.124398469548753,0.189797649100663,0.218947223098769,0.188545282423477,North West,101405,53.6848806,-2.26143975890742
0.3546666666666667,,0.2803333333333333,0.27416666666666667,,0.08650000000000001,,0.246320887777098,0.499002049125795,0.158873779173431,0.0,0.0,0.0958032839236767,0.179876586280581,0.0895512624831014,0.117962583402381,0.175210413850246,0.212125506955649,0.225273647028041,Yorkshire & the Humber,91724,53.33872705,-1.31389056549178
0.3546666666666667,,0.2803333333333333,0.27416666666666667,,0.08650000000000001,,0.133149077508667,0.582054452445026,0.160205590709627,0.0,0.0,0.124590879336679,0.198085310859762,0.103607599615584,0.140921859983736,0.19013824203445,0.196006135876395,0.171240851630073,Yorkshire & the Humber,108216,53.4310417,-1.355187
0.3546666666666667,,0.2803333333333333,0.27416666666666667,,0.08650000000000001,,0.41378339146825,0.401239248651342,0.171739931104708,0.0,0.0,0.0132374287757003,0.192409992048041,0.0904421106510552,0.138290968585191,0.205507874267643,0.190006123922601,0.183342930525469,West Midlands,109407,52.3726682,-1.2620038
0.3546666666666667,,0.2803333333333333,0.27416666666666667,,0.08650000000000001,,0.518546537743209,0.263315917633987,0.171398851036667,0.0,0.0,0.0467386935861367,0.190321708569884,0.0833558619446697,0.114185014969011,0.215083155607622,0.193565828602325,0.203488430306489,London,99873,51.5775626,-0.4278453
0.3546666666666667,,0.2803333333333333,0.27416666666666667,,0.08650000000000001,,0.287219434908899,0.509347768682334,0.186480063374703,0.0,0.0,0.0169527330340639,0.182412626832018,0.0915767434369463,0.118934879476029,0.189252160841789,0.209201696462125,0.208621892951092,Wales,93135,53.3421509,-2.7334941
0.3546666666666667,,0.2803333333333333,0.27416666666666667,,0.08650000000000001,,0.503154236198729,0.223367533982431,0.200728450020235,0.0,0.0,0.0727497797986049,0.191910053059647,0.0964403856484492,0.116627555203709,0.212427078326595,0.199289396552536,0.183305531209063,South East,106107,51.3948374,-0.55196094647528
0.3546666666666667,,0.2803333333333333,0.27416666666666667,,0.08650000000000001,,0.480382093554266,0.273435699771666,0.173261830445985,0.0,0.0,0.072920376228083,0.179314266332811,0.0987999162036251,0.110381772293327,0.192801492373532,0.204014245383717,0.214688307412986,East Midlands,100243,52.91250105,-1.01106222911909
0.3546666666666667,,0.2803333333333333,0.27416666666666667,,0.08650000000000001,,0.490917897796076,0.275611528215064,0.179413901671107,0.0,0.0,0.0540566723177524,0.166970861011482,0.0873002398183323,0.102559477068698,0.17699866295974,0.220431248540928,0.245739510600819,Wales,94238,52.6720893,-0.6494345
0.3546666666666667,,0.2803333333333333,0.27416666666666667,,0.08650000000000001,,0.162162162162162,0.56008716297525,0.221647640420204,0.0,0.0,0.0561030344423846,0.173891772666213,0.169870147100284,0.232375329607456,0.186885354649331,0.13355942884625,0.103417967130467,Wales,120598,53.4877463,-2.2891921
0.3546666666666667,,0.2803333333333333,0.27416666666666667,,0.08650000000000001,,0.481277319086935,0.197887323943662,0.260271976687712,0.0,0.0,0.0605633802816901,0.171017500621548,0.0798823923641512,0.108722206007934,0.182313454616208,0.215974316567759,0.242090129822399,South West,92511,51.0690613,-1.7954134
0.3546666666666667,,0.2803333333333333,0.27416666666666667,,0.08650000000000001,,0.410338946919633,0.383756128757195,0.159752717970582,0.0,0.0,0.04615220635259,0.155879568653276,0.0826267698386565,0.108762759301943,0.160448221929536,0.228082811985512,0.264199868291077,Yorkshire & the Humber,97185,54.294096,-0.4259937
0.3546666666666667,,0.2803333333333333,0.27416666666666667,,0.08650000000000001,,0.286613788895668,0.510408785845027,0.163685173886516,0.0,0.0,0.0392922513727882,0.187321005215742,0.093959222380275,0.130621147463253,0.181460407776197,0.20176386913229,0.204874348032243,Yorkshire & the Humber,105451,53.5922488,-0.6450841
0.3546666666666667,,0.2803333333333333,0.27416666666666667,,0.08650000000000001,,0.366644096289897,0.383922108851479,0.230287889047141,0.0,0.0,0.0191459058114828,0.155547478218727,0.0817940499399707,0.0946370154974721,0.164337089294959,0.224862042758484,0.278822324290388,North West,90788,50.84018375,0.462184008771202
0.3546666666666667,,0.2803333333333333,0.27416666666666667,,0.08650000000000001,,0.435027750858955,0.444410184124747,0.114527354418113,0.0,0.0,0.0060347105981851,0.181282897671514,0.0844955938184593,0.128369068506458,0.189500500589804,0.215164401621713,0.201187537792052,Wales,100881,53.785097,-1.09904072024321
0.3546666666666667,,0.2803333333333333,0.27416666666666667,,0.08650000000000001,,0.505667520320677,0.220354080837323,0.22282596592807,0.0,0.0,0.0511524329139294,0.199863279482875,0.0828767605279824,0.104400188996009,0.196636273159551,0.206357504046324,0.209865993787259,South East,99473,51.27452185,0.196116556219498
0.3546666666666667,,0.2803333333333333,0.27416666666666667,,0.08650000000000001,,0.0951640810580955,0.671544620076835,0.145488137482038,0.0,0.0,0.0878031613830317,0.227983606408404,0.112519651408995,0.148587370391574,0.189098806830057,0.177376116608962,0.144434448352008,Wales,110043,53.3806626,-1.4702278
0.3546666666666667,,0.2803333333333333,0.27416666666666667,,0.08650000000000001,,0.10739547312166,0.443531908204967,0.302263439170072,0.0,0.0,0.146809179503301,0.111366820092055,0.349498588041714,0.20347764214084,0.14456451648767,0.10299513041158,0.0880973028261401,Yorkshire & the Humber,89946,53.3887994,-1.46936796487376
0.3546666666666667,,0.2803333333333333,0.27416666666666667,,0.08650000000000001,,0.296896174863388,0.196808743169399,0.45368306010929,0.0,0.0,0.0526120218579235,0.173294323914423,0.133937118824554,0.0959459604814508,0.185922189116802,0.196097623939162,0.214802783723607,Wales,92969,53.38172635,-1.46279513947516
0.3546666666666667,,0.2803333333333333,0.27416666666666667,,0.08650000000000001,,0.139527957709776,0.514109150472787,0.232496959769687,0.0,0.0,0.11386593204775,0.194392134225393,0.103167318047183,0.150360073055558,0.190086398607024,0.191420703490958,0.170573372573884,Wales,105675,53.3708803,-1.46834989543711
0.3546666666666667,,0.2803333333333333,0.27416666666666667,,0.08650000000000001,,0.143916695319024,0.592538926273393,0.179281890073186,0.0,0.0,0.0842624883343975,0.190174676684794,0.10097234766233,0.136320836295855,0.178625646150003,0.203847114664002,0.190059378543016,Yorkshire & the Humber,104078,53.36046085,-1.42509192573562
0.3546666666666667,,0.2803333333333333,0.27416666666666667,,0.08650000000000001,,0.32069781468937,0.492924418874403,0.147195286039066,0.0,0.0,0.0391824803971604,0.178833357618146,0.0857351012676672,0.130516295109039,0.183942882121521,0.212161833989023,0.208810529894604,Wales,102945,53.20786945,-1.08240544520148
0.3546666666666667,,0.2803333333333333,0.27416666666666667,,0.08650000000000001,,0.388353877760657,0.383453175826057,0.151536551960281,0.0,0.0,0.0766563944530046,0.180924226560736,0.0814189813389172,0.11503561823818,0.194689084601014,0.210116811397836,0.217815277863316,Yorkshire & the Humber,97422,53.8321814,-1.7779777
0.3546666666666667,,0.2803333333333333,0.27416666666666667,,0.08650000000000001,,0.376949891067538,0.341002178649237,0.228453159041394,0.0,0.0,0.05359477124183,0.169258737626482,0.0908773086412354,0.125078661112942,0.177069911000569,0.210861726249338,0.226853655369432,Wales,100113,52.707755,-2.7540658
0.3546666666666667,,0.2803333333333333,0.27416666666666667,,0.08650000000000001,,0.4176440976592,0.416335263025422,0.129020891014347,0.0,0.0,0.0369997483010319,0.201293645035128,0.0970676199408922,0.136602544817456,0.19046312846196,0.194090997575522,0.180482064169041,South East,113014,51.3397366,0.7342319
0.3546666666666667,,0.2803333333333333,0.27416666666666667,,0.08650000000000001,,0.490122965414668,0.193225380731927,0.266564719190565,0.0,0.0,0.0500869346628401,0.155509551529064,0.0787181274083791,0.0913646798393047,0.166096171189637,0.239495367713372,0.268816102320243,Yorkshire & the Humber,97576,53.2785819,-2.9444809
0.3546666666666667,,0.2803333333333333,0.27416666666666667,,0.08650000000000001,,0.493228473674206,0.267962364569473,0.190030412469112,0.0,0.0,0.0487787492872077,0.171973927303676,0.0858676021837959,0.115313557386918,0.178948788740581,0.215774396446142,0.232121727938887,East Midlands,96347,52.99965,-0.4095586
0.3546666666666667,,0.2803333333333333,0.27416666666666667,,0.08650000000000001,,0.254155182493945,0.46454522676021,0.175450318772794,0.0,0.0,0.10584927197305,0.25039624260226,0.104957031306801,0.150317721132454,0.246920940512716,0.150230475054892,0.0971775893908769,South East,137544,51.5111014,-0.5940682
0.3546666666666667,,0.2803333333333333,0.27416666666666667,,0.08650000000000001,,0.247757679009871,0.537330260059127,0.13158290324197,0.0,0.0,0.0833291576890314,0.229748901170634,0.114313068453806,0.13965794856173,0.209704512816049,0.172287740980896,0.134287828016885,Wales,114895,52.4968157,-1.9739174
0.3546666666666667,,0.2803333333333333,0.27416666666666667,,0.08650000000000001,,0.407161297564261,0.178830396228533,0.366079245706589,0.0,0.0,0.0479290605006173,0.185455057274637,0.0885429072562309,0.116281587665923,0.192893181178407,0.205419977912994,0.211407288711808,Wales,92362,52.4130189,-1.7768935
0.3546666666666667,,0.2803333333333333,0.27416666666666667,,0.08650000000000001,,0.398473624024263,0.420176005568538,0.11756078158405,0.0,0.0,0.0637895888231492,0.200839706694,0.097896790980052,0.140660726957344,0.192974848222029,0.190185681621067,0.177442245525507,Eastern,101464,51.5307156,-0.480036149302633
0.3546666666666667,,0.2803333333333333,0.27416666666666667,,0.08650000000000001,,0.438889768588685,0.209288121790667,0.306241093039564,0.0,0.0,0.0455810165810844,0.17986502973921,0.0936308525240201,0.115963855421687,0.197689492145798,0.205095699252707,0.207755070916578,Eastern,104912,52.17965405,-0.0034368130503711
0.3546666666666667,,0.2803333333333333,0.27416666666666667,,0.08650000000000001,,0.501075810291155,0.14040468778612,0.325192272477568,0.0,0.0,0.0333272294451565,0.170986374407583,0.0850753215978334,0.0977699729180771,0.182422139471903,0.224018280297901,0.239727911306703,Wales,94528,51.7489422,-0.2303579
0.3546666666666667,,0.2803333333333333,0.27416666666666667,,0.08650000000000001,,0.391165238930746,0.450820518113324,0.121581174527815,0.0,0.0,0.0364330684281143,0.187385103011094,0.0877760169043845,0.131072371896461,0.192012678288431,0.209381933438986,0.192371896460644,East Midlands,94651,52.8224616,-1.502636219
0.3546666666666667,,0.2803333333333333,0.27416666666666667,,0.08650000000000001,,0.429916564785621,0.117753040344894,0.386311477167921,0.0,0.0,0.0660189177015636,0.150566208333793,0.0754429877275584,0.0878146673870615,0.151040345789549,0.234488538002668,0.30064725275937,Wales,90690,50.4155623,-3.58601027095414
0.3546666666666667,,0.2803333333333333,0.27416666666666667,,0.08650000000000001,,0.384720808207377,0.394392669747044,0.17438718772026,0.0,0.0,0.0464993343253191,0.150921740896856,0.0835711746483165,0.101884109491646,0.160702859174242,0.230206693413234,0.272713422375705,South West,98455,50.38628265,-2.21376124551175
0.3546666666666667,,0.2803333333333333,0.27416666666666667,,0.08650000000000001,,0.367782022570588,0.108703288982567,0.443332015983841,0.0,0.0,0.0801826724630044,0.151734374141059,0.0767962179099554,0.0919245780880655,0.157880270463416,0.239404100929031,0.282260458468473,South West,90955,50.4165967,-4.5145378
0.3546666666666667,,0.2803333333333333,0.27416666666666667,,0.08650000000000001,,0.585834333733493,0.236837592179729,0.124914251414852,0.0,0.0,0.0524138226719259,0.169828554726391,0.0845991541911381,0.114640896593929,0.177966953169956,0.214091942894201,0.238872498424384,East Midlands,109481,51.5307156,-0.480036149302633
0.3546666666666667,,0.2803333333333333,0.27416666666666667,,0.08650000000000001,,0.453084661265913,0.286811181340693,0.203284963945518,0.0,0.0,0.0568191934478767,0.182786271573804,0.0886594688312711,0.118852943494365,0.184726928836,0.215826700291591,0.209147686972969,East Midlands,101512,52.5298901,-1.45011388649844
0.3546666666666667,,0.2803333333333333,0.27416666666666667,,0.08650000000000001,,0.452330508474576,0.240096570752858,0.273649980291683,0.0,0.0,0.0339229404808829,0.185655011453516,0.078964429269136,0.116879889354713,0.194158706833211,0.200414919825388,0.223927043264036,Eastern,92548,52.5169106,1.36616778144338
0.3546666666666667,,0.2803333333333333,0.27416666666666667,,0.08650000000000001,,0.510453049860795,0.255606175651734,0.172209567198178,0.0,0.0,0.0617312072892938,0.184445275885156,0.0860147296286085,0.111919577803159,0.196624788310819,0.218601079122524,0.202394549249734,East Midlands,101563,52.11838535,-1.08008147951706
0.3546666666666667,,0.2803333333333333,0.27416666666666667,,0.08650000000000001,,0.387581131730505,0.446613035926502,0.138769540177347,0.0,0.0,0.0270362921656458,0.173029816707492,0.0847516682152208,0.113797618042064,0.187969845426134,0.216044429428161,0.224406622180927,North West,94711,53.72715265,-2.7330066458997
0.3546666666666667,,0.2803333333333333,0.27416666666666667,,0.08650000000000001,,0.17750330585488,0.592606139042849,0.195565934220522,0.0,0.0,0.0343246208817488,0.173962510701572,0.0899495336367323,0.119992790519533,0.178096697156761,0.219675122786464,0.218323345198937,North East,88773,54.9987414,-1.4321848
0.3546666666666667,,0.2803333333333333,0.27416666666666667,,0.08650000000000001,,0.444468444409535,0.127027451596434,0.391803793739936,0.0,0.0,0.0367003102540941,0.143155056558465,0.0765698396983548,0.0871021422703431,0.149032081393634,0.241779537842563,0.30236134223664,Wales,94946,52.51314745,-2.69160028051954
0.3546666666666667,,0.2803333333333333,0.27416666666666667,,0.08650000000000001,,0.421389572850872,0.244170859651001,0.284230810405738,0.0,0.0,0.0502087570923883,0.162022849098489,0.0834587687476311,0.0982186366343602,0.168985868211598,0.221571281607017,0.265742595700904,Eastern,92338,50.7230415,-1.8916432
0.3546666666666667,,0.2803333333333333,0.27416666666666667,,0.08650000000000001,,0.450945224400602,0.227307398932113,0.251077164120642,0.0,0.0,0.0706702125466427,0.172085253812602,0.0820573101947804,0.102793330652396,0.17619946175024,0.218259246656562,0.24860539693342,South West,96980,50.3852018,-4.020183
0.3546666666666667,,0.2803333333333333,0.27416666666666667,,0.08650000000000001,,0.421586289726534,0.253395232815964,0.29395325203252,0.0,0.0,0.0310652254249815,0.199040985261458,0.0910660205935796,0.10908540278619,0.213446396123561,0.204583080961034,0.182778114274177,Eastern,99058,51.76164775,-0.248358374493659
0.3546666666666667,,0.2803333333333333,0.27416666666666667,,0.08650000000000001,,0.459421763078887,0.308550625280726,0.177679014680504,0.0,0.0,0.0543485969598827,0.171878319652342,0.0845388701110574,0.12020280057943,0.170487687107677,0.211173346209561,0.241718976339932,Eastern,103552,52.4235557,0.708694
0.3546666666666667,,0.2803333333333333,0.27416666666666667,,0.08650000000000001,,0.477991178092262,0.170556882925933,0.295832567542731,0.0,0.0,0.0556193714390737,0.174783622352662,0.0892538452809556,0.119871669228468,0.184367166303888,0.210796703013297,0.220926993820729,South West,96937,51.2598871,-2.1848747
0.3546666666666667,,0.2803333333333333,0.27416666666666667,,0.08650000000000001,,0.274193954342956,0.48264579295764,0.206564143867509,0.0,0.0,0.0365961088318944,0.18246411048519,0.140214428493549,0.169135017263311,0.195457023441759,0.167017990187171,0.14571143012902,Wales,110063,50.90472085,-1.35879980823962
0.3546666666666667,,0.2803333333333333,0.27416666666666667,,0.08650000000000001,,0.253989688190523,0.438841149030199,0.24340780751289,0.0,0.0,0.0637613552663884,0.183539608439185,0.158641841276734,0.166549053667716,0.208699743060833,0.153937321318713,0.128632432236818,Wales,110532,50.92394315,-1.42759975192888
0.3546666666666667,,0.2803333333333333,0.27416666666666667,,0.08650000000000001,,0.45667804891591,0.314261125454596,0.147969240165459,0.0,0.0,0.0810915854640348,0.19035259150686,0.0988355522983591,0.135356866577094,0.19495338137698,0.196663409470298,0.183838198770408,Wales,98244,51.5388241,0.7128137
0.3546666666666667,,0.2803333333333333,0.27416666666666667,,0.08650000000000001,,0.459995068038649,0.234671688300043,0.230815791243527,0.0,0.0,0.0745174524177819,0.188859607324497,0.0852839069170402,0.121050635496387,0.206538757013799,0.197845049740842,0.200422043507434,Wales,102832,51.547977,0.647921167542796
0.3546666666666667,,0.2803333333333333,0.27416666666666667,,0.08650000000000001,,0.317576879563921,0.407898796667695,0.225280263293222,0.0,0.0,0.0492440604751619,0.181144529547294,0.101306121178156,0.160385142287814,0.23738246466156,0.184016750731677,0.135764991593499,Wales,128472,51.6281547,-0.123596
0.3546666666666667,,0.2803333333333333,0.27416666666666667,,0.08650000000000001,,0.372536846703916,0.188383803545561,0.403048906670346,0.0,0.0,0.0360304430801775,0.157158555246321,0.0831544678709703,0.109075411048237,0.17116654514085,0.226767173651834,0.252677847041788,North West,97373,53.6475988,-3.0041751
0.3546666666666667,,0.2803333333333333,0.27416666666666667,,0.08650000000000001,,0.504786588213318,0.272812178948352,0.170892873820865,0.0,0.0,0.0515083590174652,0.190316157544558,0.0865815161963964,0.130688164732165,0.213267932591909,0.198562478752853,0.180583750182118,South East,102956,51.4250347,-0.459286076091549
0.3546666666666667,,0.2803333333333333,0.27416666666666667,,0.08650000000000001,,0.298655397618133,0.438724548597772,0.152413881418876,0.0,0.0,0.11020617236522,0.192637598284489,0.0900748433755203,0.12211453559265,0.188664171887483,0.204074338813438,0.20243451204642,Wales,95132,53.70522395,-1.69882757047425
0.3546666666666667,,0.2803333333333333,0.27416666666666667,,0.08650000000000001,,0.372946217832673,0.342560553633218,0.254726276954101,0.0,0.0,0.0297669515800087,0.211191607801368,0.0844042965806211,0.12382311270988,0.227479627415319,0.191165683624562,0.161935671868249,Eastern,99523,51.753051,-0.3379675
0.3546666666666667,,0.2803333333333333,0.27416666666666667,,0.08650000000000001,,0.322596700796359,0.145999241562381,0.459376185058779,0.0,0.0,0.07202787258248,0.170714837054041,0.0866204877853183,0.116843930751727,0.180779293683651,0.214090239281454,0.230951211443808,South West,99756,50.3378673,-4.79176791622137
0.3546666666666667,,0.2803333333333333,0.27416666666666667,,0.08650000000000001,,0.189584328714764,0.57360248447205,0.208647873865265,0.0,0.0,0.0281653129479216,0.180844373009614,0.0878814802982958,0.129581008096317,0.185746089109405,0.207549241781389,0.208397807704979,North West,100169,54.3233651,-1.48706648577979
0.3546666666666667,,0.2803333333333333,0.27416666666666667,,0.08650000000000001,,0.118594159440257,0.560796390847449,0.28476105573115,0.0,0.0,0.0358483939811438,0.177261368788419,0.0949674725599148,0.131670233965606,0.186560948093164,0.211560157312611,0.197979819280284,North West,94843,51.1267494,-2.7397217
0.3546666666666667,,0.2803333333333333,0.27416666666666667,,0.08650000000000001,,0.287454651319031,0.130268285036055,0.497245487526313,0.0,0.0,0.0850315761186008,0.154116437504943,0.0777643456745489,0.0940900001129803,0.162352701924055,0.23089785450396,0.280778660279513,South West,88509,50.2149064,-5.4795083
0.3546666666666667,,0.2803333333333333,0.27416666666666667,,0.08650000000000001,,0.482219448541927,0.195370475434018,0.282514467264269,0.0,0.0,0.0398956087597866,0.20289868783289,0.0866389790261392,0.1241781217184,0.223276538981864,0.188679602281865,0.174328070158841,Wales,105702,51.1267494,-2.7397217
0.3546666666666667,,0.2803333333333333,0.27416666666666667,,0.08650000000000001,,0.417390338700722,0.3952915047196,0.155269294836202,0.0,0.0,0.0320488617434758,0.170128826179849,0.0836206714192033,0.127006959575233,0.184111437818628,0.214562223679479,0.220569881327608,West Midlands,94546,52.8063157,-2.1163818
0.3546666666666667,,0.2803333333333333,0.27416666666666667,,0.08650000000000001,,0.405394209969163,0.348460440926037,0.156188152989368,0.0,0.0,0.0899571961154324,0.156487967428162,0.0829197320098091,0.100320321025027,0.16702453447851,0.23149940746477,0.26174803759372,West Midlands,85227,53.07155675,-1.97420071184559
0.3546666666666667,,0.2803333333333333,0.27416666666666667,,0.08650000000000001,,0.261471353074406,0.497050023767581,0.154685009646842,0.0,0.0,0.0867936135111707,0.199135132914253,0.0910267471958585,0.135266444800526,0.197080816796088,0.201055918484736,0.176434939808538,North West,97355,53.4840214,-2.0562536
0.3546666666666667,,0.2803333333333333,0.27416666666666667,,0.08650000000000001,,0.346412583478069,0.43176202940385,0.186183615059077,0.0,0.0,0.0356417720590034,0.200472146365373,0.0932889195650651,0.146535425982054,0.201132351028819,0.197741299802939,0.160829857255749,Eastern,99971,51.9016663,-0.2027155
0.3546666666666667,,0.2803333333333333,0.27416666666666667,,0.08650000000000001,,0.231679069538219,0.525922822926421,0.204376324478833,0.0,0.0,0.0380217830565275,0.19879058410591,0.09070619205677,0.156613635496547,0.21383197894014,0.189386135591927,0.150671473808706,North West,104843,53.407901,-2.160243
0.3546666666666667,,0.2803333333333333,0.27416666666666667,,0.08650000000000001,,0.220964772308825,0.544985884374616,0.185270651773659,0.0,0.0,0.0487786915428992,0.199025453224781,0.0940245957043269,0.140007869011228,0.185587603280772,0.202637127609132,0.178717351169759,North East,99124,54.5658658,-1.312888
0.3546666666666667,,0.2803333333333333,0.27416666666666667,,0.08650000000000001,,0.316258582717969,0.48995983935743,0.154605518849592,0.0,0.0,0.0391760590750097,0.18804055089663,0.0842000394123185,0.107442359484137,0.191872304087933,0.217818747126185,0.210625998992796,Wales,91340,54.54583725,-1.33274058959327
0.3546666666666667,,0.2803333333333333,0.27416666666666667,,0.08650000000000001,,0.18979205080926,0.513137676705593,0.174887318172506,0.0,0.0,0.122182954312641,0.198524854344862,0.131620889337513,0.150879243478723,0.190679842037224,0.178407621881032,0.149887548920647,West Midlands,112941,53.03285865,-2.19944008999086
0.3546666666666667,,0.2803333333333333,0.27416666666666667,,0.08650000000000001,,0.208143074581431,0.545662100456621,0.149797057331304,0.0,0.0,0.0963977676306443,0.199268319427415,0.0988765613006768,0.133825772301803,0.18403660396543,0.193656110130885,0.19033663287379,West Midlands,100318,52.98606945,-2.17512279001374
0.3546666666666667,,0.2803333333333333,0.27416666666666667,,0.08650000000000001,,0.318249111725227,0.408680418476115,0.16998124753257,0.0,0.0,0.103089222266088,0.190133988104058,0.0881717926465296,0.116112439938192,0.18073577037868,0.203437546303156,0.221408462629384,West Midlands,94489,53.0028962,-2.184813
0.3546666666666667,,0.2803333333333333,0.27416666666666667,,0.08650000000000001,,0.458496713978019,0.311177997459546,0.155851328215607,0.0,0.0,0.0744739603468272,0.158309725648179,0.0889192886456908,0.114189385697513,0.177203054816506,0.222928358305417,0.238450186886694,Wales,92837,52.9033037,-2.1477653
0.3546666666666667,,0.2803333333333333,0.27416666666666667,,0.08650000000000001,,0.381025091729529,0.426604981881994,0.148658811732264,0.0,0.0,0.0437111146562136,0.181379726121781,0.0965248471277237,0.126302644044441,0.185029282576867,0.202232796486091,0.208530703643097,West Midlands,92889,52.4577615,-2.1474345
0.3546666666666667,,0.2803333333333333,0.27416666666666667,,0.08650000000000001,,0.128000270828396,0.446697586241917,0.107620434002505,0.0,0.0,0.317681708927181,0.182734995889285,0.132709548604314,0.262584661159613,0.232384606350076,0.12377559409623,0.0658105939004815,Wales,127715,52.1927803,-1.70634
0.3546666666666667,,0.2803333333333333,0.27416666666666667,,0.08650000000000001,,0.508757619015249,0.154442254095575,0.270885731765346,0.0,0.0,0.0659143951238302,0.160102226475816,0.0762596889033791,0.0989030636391363,0.174615861931155,0.226412713103289,0.263706445947225,West Midlands,95083,52.1927803,-1.70634
0.3546666666666667,,0.2803333333333333,0.27416666666666667,,0.08650000000000001,,0.193134666163712,0.500134720051733,0.2371072910492,0.0,0.0,0.0696233227353559,0.181332118942805,0.0974295400495876,0.193062794110206,0.238922903068023,0.176820320801498,0.11243232302788,Wales,118578,51.429769,-0.1311105
0.3546666666666667,,0.2803333333333333,0.27416666666666667,,0.08650000000000001,,0.302207652512421,0.515084771807612,0.136736157352866,0.0,0.0,0.0459714183271013,0.201355998820871,0.0991844354917952,0.132376928367888,0.209973469588287,0.195470177852019,0.161638989879139,North West,101770,53.4480136,-2.34841222424097
0.3546666666666667,,0.2803333333333333,0.27416666666666667,,0.08650000000000001,,0.390916870160499,0.38818274789723,0.148915743117734,0.0,0.0,0.0719846388245361,0.169407329493975,0.0831363319204773,0.104120887703987,0.181612738614707,0.229351301250742,0.232371411016111,South West,96021,51.745424,-2.2198605
0.3546666666666667,,0.2803333333333333,0.27416666666666667,,0.08650000000000001,,0.444231659581632,0.262216423250137,0.221768592954249,0.0,0.0,0.071783324213982,0.147574564837357,0.0785813107967525,0.0950762003839512,0.154063126736092,0.226423998026619,0.298280799219227,Eastern,93241,52.15030275,1.39985666680792
0.3546666666666667,,0.2803333333333333,0.27416666666666667,,0.08650000000000001,,0.2505993551765,0.466449888395933,0.205241257681391,0.0,0.0,0.0777094987461765,0.166950666201318,0.107782955921904,0.133229998562894,0.180408138126424,0.212127122297727,0.199501118889733,North East,97414,54.90598015,-1.39485326231837
0.3546666666666667,,0.2803333333333333,0.27416666666666667,,0.08650000000000001,,0.5118257654754,0.166650867380794,0.291544222201156,0.0,0.0,0.0299791449426485,0.182423136891235,0.0981463176023397,0.116764666918036,0.20069500351578,0.207695992010517,0.194274883062092,South East,98129,51.33588905,-0.691653419464288
0.3546666666666667,,0.2803333333333333,0.27416666666666667,,0.08650000000000001,,0.505595381739892,0.175668961601249,0.244043816689143,0.0,0.0,0.0746918399697163,0.169869043688786,0.0814570265214042,0.100880378562782,0.16674369979091,0.225409926268295,0.255639925167822,Wales,90870,51.0160096,-0.454637005673217
0.3546666666666667,,0.2803333333333333,0.27416666666666667,,0.08650000000000001,,0.405821002996446,0.118394462381826,0.467886924810109,0.0,0.0,0.0078976098116187,0.205409796893668,0.0844062126642771,0.131326164874552,0.237352449223417,0.181228195937873,0.160277180406213,London,104625,51.363362,-0.1971463
0.3546666666666667,,0.2803333333333333,0.27416666666666667,,0.08650000000000001,,0.525801559792028,0.25892547660312,0.166421143847487,0.0,0.0,0.0488518197573656,0.183534157314992,0.0835289858819879,0.102839116719243,0.192056678905725,0.208326007136577,0.229715054041475,West Midlands,96685,52.5623089,-1.8239794
0.3546666666666667,,0.2803333333333333,0.27416666666666667,,0.08650000000000001,,0.132576573987595,0.486146035395263,0.248772660871231,0.0,0.066815144766147,0.0656895849797638,0.166317521355258,0.171339474464564,0.134090930830966,0.174314383830268,0.177700615069686,0.176237074449259,Wales,104543,51.6785,-3.99494210632912
0.3546666666666667,,0.2803333333333333,0.27416666666666667,,0.08650000000000001,,0.393330167273495,0.448894517439713,0.12532320194185,0.0,0.0,0.0324521133449422,0.208451604413783,0.0916217079910521,0.132930428407617,0.217784837490836,0.191147997067504,0.158063424629208,Wales,106394,51.56823085,-1.78694496076881
0.3546666666666667,,0.2803333333333333,0.27416666666666667,,0.08650000000000001,,0.371407171613145,0.409886714727085,0.164825390881004,0.0,0.0,0.053880722778766,0.192318241742685,0.0944337777935074,0.153024659134143,0.21478309340742,0.19721998566638,0.148220242255864,Wales,113019,51.5649667,-1.7779576
0.3546666666666667,,0.2803333333333333,0.27416666666666667,,0.08650000000000001,,0.37467706013363,0.426458797327394,0.14173719376392,0.0,0.0,0.0571269487750556,0.182114355740204,0.0977373942672684,0.129041256936765,0.185770790367736,0.202976955495113,0.202359247192914,West Midlands,100372,52.6345819,-1.6948438
0.3546666666666667,,0.2803333333333333,0.27416666666666667,,0.08650000000000001,,0.491755123840043,0.261766473062287,0.218194360994281,0.0,0.0,0.0282840421033891,0.179529361276017,0.0758171804591946,0.0947101678808995,0.195990476871673,0.217366425863672,0.236586387648543,North West,97868,53.9742358,-2.0351478
0.3546666666666667,,0.2803333333333333,0.27416666666666667,,0.08650000000000001,,0.432030093241026,0.118212013285846,0.432250190083637,0.0,0.0,0.0175077033894913,0.178593935349941,0.0884675266903914,0.124953662514828,0.182050711743772,0.200455960854092,0.225478202846975,Wales,107904,50.9842844,-3.20757049300792
0.3546666666666667,,0.2803333333333333,0.27416666666666667,,0.08650000000000001,,0.339468196037539,0.474504692387904,0.139233576642336,0.0,0.0,0.046793534932221,0.211921414463326,0.0985754224592807,0.145034016201826,0.196835968436018,0.188973598084024,0.158659580355524,West Midlands,104804,52.6780419,-2.4514273
0.3546666666666667,,0.2803333333333333,0.27416666666666667,,0.08650000000000001,,0.457356103106542,0.227417640807651,0.269703185626375,0.0,0.0,0.045523070459432,0.180890374802041,0.0836757719100309,0.120296860605935,0.187773648963369,0.205256130254319,0.222107213464305,South West,96611,51.9925394,-2.15601695929084
0.3546666666666667,,0.2803333333333333,0.27416666666666667,,0.08650000000000001,,0.422086766249135,0.385580637238484,0.15569250005582,0.0,0.0,0.036640096456561,0.174013771205996,0.114101641099481,0.11965811965812,0.183696073544886,0.207020361448007,0.20151003304351,West Midlands,108342,52.6693074,-2.5514357
0.3546666666666667,,0.2803333333333333,0.27416666666666667,,0.08650000000000001,,0.566947386329803,0.209455148653822,0.173089192292969,0.0,0.0,0.050508272723406,0.15179567715006,0.0789870645121296,0.101799809893788,0.156744637765012,0.233892631317932,0.276780179361078,Yorkshire & the Humber,96789,54.2327725,-1.3423775
0.3546666666666667,,0.2803333333333333,0.27416666666666667,,0.08650000000000001,,0.314066106165513,0.122197494230135,0.527118364655457,0.0,0.0,0.0366180349488954,0.175699354128889,0.0877630855117051,0.117061592062101,0.178898147959495,0.214675740103095,0.225902080234714,South West,98163,50.8532148,-4.2731341
0.3546666666666667,,0.2803333333333333,0.27416666666666667,,0.08650000000000001,,0.346323548838807,0.48627440619303,0.10938201801897,0.0,0.0,0.0580200269491928,0.236234355340706,0.100150652274684,0.155080789351698,0.228461691278723,0.169276869081518,0.110795642672671,Eastern,120808,51.5080169,0.396281739543767
0.3546666666666667,,0.2803333333333333,0.27416666666666667,,0.08650000000000001,,0.226371274985648,0.552267626950577,0.107066437033558,0.0,0.0,0.114294661030218,0.22164130005702,0.107136277906926,0.137620071055748,0.197184087021361,0.186201149173209,0.150217114785736,Wales,113995,52.5290396,-2.0693747
0.3546666666666667,,0.2803333333333333,0.27416666666666667,,0.08650000000000001,,0.437156137355341,0.193250806298615,0.290362360083476,0.0,0.0,0.0792306962625687,0.156388341003726,0.0796515450361604,0.0918584264738111,0.157111549419242,0.22743808897655,0.287552049090511,Wales,91260,50.9025623,-3.4875797
0.3546666666666667,,0.2803333333333333,0.27416666666666667,,0.08650000000000001,,0.521555876685934,0.247133911368015,0.191931599229287,0.0,0.0,0.039378612716763,0.192141130483979,0.0879082446124569,0.102134444273003,0.192058838656586,0.210399629686777,0.215357712287198,Wales,97215,51.1889529,0.2735876
0.3546666666666667,,0.2803333333333333,0.27416666666666667,,0.08650000000000001,,0.304941098703935,0.428834486177672,0.194268042210628,0.0,0.0,0.0719563729077645,0.163673138404467,0.105958783449999,0.266742475789238,0.222422101466161,0.145618760893678,0.0955847399964581,London,107287,51.4278214,-0.1679667
0.3546666666666667,,0.2803333333333333,0.27416666666666667,,0.08650000000000001,,0.359787012876811,0.143893591293833,0.418676679607119,0.0,0.0,0.0776427162222363,0.160346363470914,0.0837172769854117,0.109943581835075,0.168124215749193,0.220327780917442,0.257540781041964,South West,104400,50.446247,-3.53949981419378
0.3546666666666667,,0.2803333333333333,0.27416666666666667,,0.08650000000000001,,0.196962332928311,0.543936816524909,0.154070473876063,0.0,0.0572296476306196,0.0478007290400972,0.185992327532023,0.0919070634387394,0.131288064327359,0.176358395283816,0.20685320444743,0.207600944970632,Wales,92276,51.70148,-3.05205033541131
0.3546666666666667,,0.2803333333333333,0.27416666666666667,,0.08650000000000001,,0.388571307138152,0.11407442038379,0.389145079371826,0.0,0.0,0.108209193106233,0.152061855670103,0.0769005112731539,0.0935902271393848,0.152355209119102,0.237888693319923,0.287203503478334,Wales,95449,50.86260145,-4.26120556324792
0.3546666666666667,,0.2803333333333333,0.27416666666666667,,0.08650000000000001,,0.136413323045267,0.562853652263375,0.178883744855967,0.0,0.0,0.121849279835391,0.196966472698988,0.118633371735509,0.205001577669012,0.231653176985111,0.160217791703662,0.0875276092077166,London,136277,51.5976955,-0.0672892
0.3546666666666667,,0.2803333333333333,0.27416666666666667,,0.08650000000000001,,0.33687503103123,0.16061764559853,0.440171788888337,0.0,0.0,0.0623355344819025,0.153033049489925,0.132113649776579,0.113323075626001,0.169220554759295,0.1956095607453,0.2367001096029,South West,94888,50.2633173,-5.0518107
0.3546666666666667,,0.2803333333333333,0.27416666666666667,,0.08650000000000001,,0.50952097261755,0.201540124886918,0.254297124953112,0.0,0.0,0.0346417775424196,0.197657102205359,0.0831965852501778,0.115010671093194,0.208745553711169,0.205122124733223,0.190267963006877,South East,105426,51.1371483,0.2673446
0.3546666666666667,,0.2803333333333333,0.27416666666666667,,0.08650000000000001,,0.323716723984206,0.11353118498705,0.516473485330956,0.0,0.0,0.0462786056977879,0.199904971305061,0.0890661101587538,0.110792278452709,0.237758068122531,0.203454572557203,0.159023999403742,London,107335,51.4467444,-0.3281887
0.3546666666666667,,0.2803333333333333,0.27416666666666667,,0.08650000000000001,,0.354098587011552,0.495719611543241,0.15006673723938,0.0,0.0,0.0001150642058268,0.175355898038886,0.0809641792298324,0.107073867215387,0.198284550455633,0.214546676185277,0.223774828874984,North East,95252,55.0177847,-1.4256042
0.3546666666666667,,0.2803333333333333,0.27416666666666667,,0.08650000000000001,,0.453503676136879,0.2722837433058,0.214849777616411,0.0,0.0,0.0593628029409095,0.201188182402055,0.129500050704797,0.14725518034006,0.220895446709259,0.169075144508671,0.132085995335159,London,118333,51.5449509,-0.4816672
0.3546666666666667,,0.2803333333333333,0.27416666666666667,,0.08650000000000001,,0.372073559156534,0.413200660265501,0.130402436472694,0.0,0.0537511915002441,0.0305721526050263,0.186553802798996,0.0910362216736765,0.120784820586708,0.182623343327224,0.208176627008931,0.210825184604464,Wales,94390,51.4470646,-3.39888314748466
0.3546666666666667,,0.2803333333333333,0.27416666666666667,,0.08650000000000001,,0.137572734829593,0.513958160155168,0.286332779163203,0.0,0.0,0.0621363258520365,0.142069099003194,0.139678699312881,0.250266137617342,0.208690602922675,0.16987322171683,0.0894222394270782,Wales,103329,51.4874834,-0.1229297
0.3546666666666667,,0.2803333333333333,0.27416666666666667,,0.08650000000000001,,0.293703093538349,0.462154493867838,0.157193849533223,0.0,0.0,0.0869485630605894,0.189872582029445,0.0922672099142687,0.142338416848221,0.202840732252497,0.198077884352394,0.174603174603175,Wales,106029,53.7285927,-1.49541069754893
0.3546666666666667,,0.2803333333333333,0.27416666666666667,,0.08650000000000001,,0.319893674578344,0.528192703065089,0.130719107995578,0.0,0.0,0.0211945143609889,0.184231538995987,0.08848630655481,0.124697976833656,0.178839194051829,0.215838976284052,0.207906007279666,North West,96433,53.4241208,-3.0394101
0.3546666666666667,,0.2803333333333333,0.27416666666666667,,0.08650000000000001,,0.280301714512567,0.487358261171625,0.106691809542714,0.0,0.0,0.125648214773094,0.237026492550036,0.118057212997375,0.141711275529339,0.195190766817825,0.167658290429268,0.140355961676157,Wales,117315,52.597305,-2.0009559
0.3546666666666667,,0.2803333333333333,0.27416666666666667,,0.08650000000000001,,0.18156481347075,0.502946726665699,0.270866598925824,0.0,0.0,0.0446218609377268,0.208622985369679,0.0972332274112255,0.196124721239697,0.265706560363348,0.152405303185015,0.0799072024310349,Wales,122415,51.5844701,-0.0188186
0.3546666666666667,,0.2803333333333333,0.27416666666666667,,0.08650000000000001,,0.229817871657217,0.530981887511916,0.188550499222317,0.0,0.0,0.0506497416085494,0.17825029748047,0.0926380050701019,0.12851156293652,0.193222618862848,0.215655233069481,0.191722282580578,North West,96644,53.4298941,-2.59644523900819
0.3546666666666667,,0.2803333333333333,0.27416666666666667,,0.08650000000000001,,0.332042939248563,0.410559065216359,0.238493326366788,0.0,0.0,0.0189046691682895,0.182102529802888,0.0904906165165047,0.129145847267577,0.205187472951174,0.207921863319825,0.185151670142031,North West,101668,53.3833092,-2.6025997
0.3546666666666667,,0.2803333333333333,0.27416666666666667,,0.08650000000000001,,0.339171031655659,0.447346845820997,0.162537007515372,0.0,0.0,0.0509451150079708,0.174230069028294,0.123909580520367,0.153540544640825,0.203879996965789,0.176714329060153,0.167725479784571,West Midlands,105463,52.2818956,-1.5263935624537
0.3546666666666667,,0.2803333333333333,0.27416666666666667,,0.08650000000000001,,0.135477899792381,0.623708632463667,0.178602696550516,0.0,0.0,0.0622107711934362,0.182807410854025,0.0922126813586565,0.119739012732118,0.185546296687957,0.208768664608096,0.210925933759147,Wales,94561,54.93375995,-1.49616490607933
0.3546666666666667,,0.2803333333333333,0.27416666666666667,,0.08650000000000001,,0.313846081342193,0.330812008105943,0.30274753758424,0.0,0.0,0.0525943729676233,0.207961832545736,0.0948290718451533,0.160016689191028,0.23927220614779,0.170810242083972,0.12710995818632,Eastern,110251,51.6553875,-0.3957425
0.3546666666666667,,0.2803333333333333,0.27416666666666667,,0.08650000000000001,,0.435691835573044,0.269235528497537,0.242111515331502,0.0,0.0,0.0529611205979162,0.147630764346377,0.0764686539748052,0.0902339187917408,0.160182780946334,0.233215788101096,0.292268093839647,Wales,88193,52.4247806,1.2237297
0.3546666666666667,,0.2803333333333333,0.27416666666666667,,0.08650000000000001,,0.510622630703357,0.248806829028827,0.193334606049036,0.0,0.0,0.0472359342187798,0.17521731169013,0.0835640194314889,0.0938398733290966,0.168097459041997,0.227102833938323,0.252178502568963,Wales,92839,51.1834284,0.282926878859297
0.3546666666666667,,0.2803333333333333,0.27416666666666667,,0.08650000000000001,,0.430297025528596,0.419377279338913,0.11868372789173,0.0,0.0,0.0316419672407614,0.194904855059577,0.0953583496354259,0.133069535834964,0.201129290414369,0.195438378089988,0.180099590965677,Wales,112460,52.30189,-0.6937309
0.3546666666666667,,0.2803333333333333,0.27416666666666667,,0.08650000000000001,,0.427998584738766,0.174289420922279,0.358886661162873,0.0,0.0,0.038825333176082,0.161097003555104,0.083719880367925,0.0933807347215168,0.163218779978557,0.231849218441397,0.2667343829355,Wales,88605,51.28232,-2.68003863636364
0.3546666666666667,,0.2803333333333333,0.27416666666666667,,0.08650000000000001,,0.495879830253497,0.36284437658576,0.141275793160743,0.0,0.0,0.0,0.187718681318681,0.146901098901099,0.136043956043956,0.199657142857143,0.17767032967033,0.152008791208791,Eastern,113750,51.77310555,-0.209517052973229
0.3546666666666667,,0.2803333333333333,0.27416666666666667,,0.08650000000000001,,0.247547464493143,0.539118551417834,0.119454341353897,0.0,0.0,0.0938796427351261,0.211645985138157,0.10911911117524,0.138040184690859,0.205901450111824,0.18131808671813,0.153975182165789,Wales,110888,52.5186579,-1.9923114
0.3546666666666667,,0.2803333333333333,0.27416666666666667,,0.08650000000000001,,0.464988437664814,0.0784210312791593,0.418069698567893,0.0,0.0,0.0385208324881333,0.145214027739192,0.077329942512769,0.08256576838416,0.143750133566986,0.230547304083944,0.320592823712948,South West,93589,50.79511975,-2.59936646463172
0.3546666666666667,,0.2803333333333333,0.27416666666666667,,0.08650000000000001,,0.124732214228617,0.520447641886491,0.0978097521982414,0.0,0.0,0.257010391686651,0.201345216320403,0.126942948545111,0.220962347059981,0.235245250570223,0.146232155479607,0.0692720820246744,Wales,137226,50.9095379,-1.40686556127035
0.3546666666666667,,0.2803333333333333,0.27416666666666667,,0.08650000000000001,,0.339744183891,0.480721104828992,0.140420798961906,0.0,0.0,0.0391139123181017,0.16453263769963,0.142518618821936,0.106396112947549,0.166693217571389,0.208779720418973,0.211079692540523,North West,100436,53.6109397,-2.85657133250708
0.3546666666666667,,0.2803333333333333,0.27416666666666667,,0.08650000000000001,,0.490073265999492,0.286939237756258,0.174451660618947,0.0,0.0,0.0485358356253033,0.183947252598436,0.100094796357111,0.148449402444392,0.18916951620002,0.187442868266919,0.190896164133121,Eastern,118148,52.25813755,0.617482577783891
0.3546666666666667,,0.2803333333333333,0.27416666666666667,,0.08650000000000001,,0.466401214247699,0.103013936251996,0.373420590960162,0.0,0.0,0.0571642585401431,0.15421502748931,0.0819894115251476,0.0896456933414783,0.156363266137243,0.23366931378538,0.284117287721442,West Midlands,98221,52.2294183,-2.15530542680796
0.3546666666666667,,0.2803333333333333,0.27416666666666667,,0.08650000000000001,,0.460920749221247,0.107710667907278,0.405801205550386,0.0,0.0,0.025567377321089,0.137599947208077,0.0792098808882241,0.0981819781573419,0.165260715110588,0.240269238806463,0.279478239829306,North West,90922,54.20338915,-2.61424233573436
0.3546666666666667,,0.2803333333333333,0.27416666666666667,,0.08650000000000001,,0.403397535590382,0.186768752243091,0.361047972245484,0.0,0.0,0.0487857399210431,0.176952524429127,0.0907927728994046,0.127041779740592,0.187756028602974,0.201242351387327,0.216214542940575,Wales,96914,51.3471927,-2.9778916
0.3546666666666667,,0.2803333333333333,0.27416666666666667,,0.08650000000000001,,0.426277000092704,0.368800407898396,0.180634096597757,0.0,0.0,0.024288495411143,0.17071465250691,0.0766549761272629,0.0909239896424006,0.176614550897549,0.22998677985731,0.255105050968567,Wales,91528,53.9259798,-1.37763421146956
0.3546666666666667,,0.2803333333333333,0.27416666666666667,,0.08650000000000001,,0.315544885913135,0.479517223152145,0.151220156814378,0.0,0.0,0.0537177341203418,0.170622124768907,0.0864504062943376,0.119362397351563,0.171234790833656,0.228352465712197,0.22397781503934,Wales,93036,54.5474199,-3.5885335
0.3546666666666667,,0.2803333333333333,0.27416666666666667,,0.08650000000000001,,0.170260095824777,0.611652977412731,0.208875199634953,0.0,0.0,0.0092117271275382,0.187251039140977,0.0953303602355386,0.126753550398337,0.187337634222376,0.216357810876342,0.186969605126429,Wales,92384,53.3646888,-2.7283328
0.3546666666666667,,0.2803333333333333,0.27416666666666667,,0.08650000000000001,,0.184068730911529,0.579494946986815,0.164030491892831,0.0,0.0,0.0724058302088247,0.184046447774854,0.0942588567288258,0.135320138809442,0.189480608626015,0.20705106204477,0.189842886016093,North West,104890,53.5457188,-2.6264624
0.3546666666666667,,0.2803333333333333,0.27416666666666667,,0.08650000000000001,,0.399761641270111,0.319677364433472,0.236634885502681,0.0,0.0,0.0439261087937345,0.193716992925276,0.0792079207920792,0.160354370295218,0.248738597556004,0.172420352739757,0.145561765691665,London,110395,51.4214787,-0.2064027
0.3546666666666667,,0.2803333333333333,0.27416666666666667,,0.08650000000000001,,0.385121955929781,0.095247291477569,0.498580560437226,0.0,0.0,0.0210501921554238,0.176102249840115,0.131153174307723,0.0977921594456057,0.183490354419022,0.199087464085603,0.212374597901931,South East,104765,51.0612766,-1.3131692
0.3546666666666667,,0.2803333333333333,0.27416666666666667,,0.08650000000000001,,0.485191805971591,0.208595033336554,0.233500821335395,0.0,0.0,0.0727123393564595,0.192694146297466,0.131956345269234,0.109966627581853,0.207071344818256,0.195562370343646,0.162749165689546,South East,110871,51.4837886,-0.604041866503269
0.3546666666666667,,0.2803333333333333,0.27416666666666667,,0.08650000000000001,,0.390946239305325,0.415613161367216,0.175648065381177,0.0,0.0,0.0177925339462818,0.163324988620847,0.0771506599908966,0.0894629039599453,0.167137005006827,0.22212107419208,0.280803368229404,North West,87880,53.29043325,-3.04149328259076
0.3546666666666667,,0.2803333333333333,0.27416666666666667,,0.08650000000000001,,0.480097965667888,0.31741758969154,0.137372578438727,0.0,0.0,0.0651118662018445,0.18182972447674,0.0855382030921894,0.120757518044283,0.187299168839794,0.204654887827556,0.219920497719437,Eastern,102387,51.8019608,0.6383746
0.3546666666666667,,0.2803333333333333,0.27416666666666667,,0.08650000000000001,,0.478332047054421,0.224654458710447,0.239902710540471,0.0,0.0,0.0571107836946607,0.18610939749126,0.0873432037836726,0.129570224141476,0.193810405099733,0.206549455068887,0.19661731441497,South East,97260,51.7838848,-1.4852861
0.3546666666666667,,0.2803333333333333,0.27416666666666667,,0.08650000000000001,,0.474307839432743,0.163039675320131,0.330650992466121,0.0,0.0,0.0320014927810043,0.20165666127915,0.0864888786269529,0.132003771261448,0.228103594243054,0.18615793119372,0.165589163395675,South East,103943,51.3201891,-0.5564726
0.3546666666666667,,0.2803333333333333,0.27416666666666667,,0.08650000000000001,,0.491531812242436,0.165544275806614,0.305080912654538,0.0,0.0,0.0378429992964117,0.2062793964938,0.0818520554639301,0.106550200557897,0.221143078207399,0.199254779793537,0.184920489483436,South East,98225,51.4570846,-0.886537030321237
0.3546666666666667,,0.2803333333333333,0.27416666666666667,,0.08650000000000001,,0.290773974227212,0.531478114211927,0.117637757925528,0.0,0.0,0.0601101536353334,0.213244298178478,0.103407699372417,0.13704461962345,0.188255778356038,0.188571483238941,0.169476121230675,West Midlands,104528,52.5847651,-2.127567
0.3546666666666667,,0.2803333333333333,0.27416666666666667,,0.08650000000000001,,0.2488501114325,0.546683104936223,0.110199630138935,0.0,0.0,0.0942671534923419,0.232542214353715,0.105665324937785,0.143796034940624,0.20267900389157,0.172473402034306,0.142844019841999,West Midlands,119746,52.5847651,-2.127567
0.3546666666666667,,0.2803333333333333,0.27416666666666667,,0.08650000000000001,,0.358977512658098,0.459729823914068,0.132648668593567,0.0,0.0,0.048643994834266,0.192719429058372,0.105791080812385,0.130237182218435,0.203264806135492,0.189222056526062,0.178765445249254,Wales,112655,52.58454555,-2.03883458939562
0.3546666666666667,,0.2803333333333333,0.27416666666666667,,0.08650000000000001,,0.350889296108656,0.418669828608386,0.162875929718659,0.0,0.0,0.0675649455642988,0.175841420209489,0.12093730745533,0.140316928527418,0.192939386937769,0.193873228589033,0.176091728280961,West Midlands,103872,52.1911849,-2.2206585
0.3546666666666667,,0.2803333333333333,0.27416666666666667,,0.08650000000000001,,0.262005974264706,0.540125229779412,0.157915900735294,0.0,0.0,0.0399528952205882,0.19289130638657,0.0921504267091812,0.15133639688643,0.199324767888962,0.19418550126606,0.170111600862797,Wales,106630,53.4830267,-2.3452464
0.3546666666666667,,0.2803333333333333,0.27416666666666667,,0.08650000000000001,,0.480408282823731,0.188909668551858,0.266870958292963,0.0,0.0,0.0638110903314481,0.157715832748421,0.0789331194224405,0.112794545272235,0.179183796249875,0.205294294595408,0.266078411711621,South East,99730,50.818373,-0.3933519
0.3546666666666667,,0.2803333333333333,0.27416666666666667,,0.08650000000000001,,0.216206027190688,0.460545227492283,0.211847034707005,0.0,0.0661859993873848,0.0452157112226384,0.181753953915562,0.0933901230331351,0.124748937716368,0.192230442374267,0.205310913513459,0.202565629447209,Wales,99079,53.0465084,-2.9937869
0.3546666666666667,,0.2803333333333333,0.27416666666666667,,0.08650000000000001,,0.481915360960609,0.306316200517401,0.169204861619564,0.0,0.0,0.0425635769024259,0.208941743188318,0.104489688393798,0.145011666415776,0.220532891765768,0.178609062170706,0.142414948065633,South East,106288,51.66356185,-0.818083680966309
0.3546666666666667,,0.2803333333333333,0.27416666666666667,,0.08650000000000001,,0.29474832283821,0.227003333744907,0.005350454788657,0.0,0.0,0.472897888628226,0.167744348322458,0.0845512612320017,0.111301386715482,0.171238202092376,0.212564094993455,0.252600706644227,West Midlands,101607,52.38505915,-2.23479661415052
0.3546666666666667,,0.2803333333333333,0.27416666666666667,,0.08650000000000001,,0.222501658191466,0.52172230820252,0.21462524872872,0.0,0.0,0.0411507848772938,0.224267572436167,0.0911535117986037,0.144872334895726,0.214687088303564,0.178175495828143,0.146843996737796,North West,111581,53.3892271,-2.27304464369023
0.3546666666666667,,0.2803333333333333,0.27416666666666667,,0.08650000000000001,,0.333276363014869,0.110173474619723,0.515146983421637,0.0,0.0,0.0414031789437703,0.171394517282479,0.0867794994040524,0.120781883194279,0.173463647199046,0.20476758045292,0.242812872467223,South West,104875,50.9420451,-2.6318629
0.3546666666666667,,0.2803333333333333,0.27416666666666667,,0.08650000000000001,,0.110406091370558,0.346249294980259,0.0682459108855047,0.0,0.311252115059222,0.163846587704456,0.170315630535149,0.0837858242109236,0.101701559278725,0.159194517843143,0.220694561398415,0.264307906733645,Wales,68878,53.27822575,-4.33134400586235
0.3546666666666667,,0.2803333333333333,0.27416666666666667,,0.08650000000000001,,0.238026328073943,0.482494631687051,0.207216879843152,0.0,0.0,0.0722621603958547,0.139718129404228,0.232305298801135,0.153857417406424,0.1750343186602,0.160812665873524,0.138272169854489,Yorkshire & the Humber,109271,53.9568097,-1.0818986
0.3546666666666667,,0.2803333333333333,0.27416666666666667,,0.08650000000000001,,0.337587919372598,0.267746792206917,0.384980112806454,0.0,0.0,0.0096851756140311,0.165375036076579,0.0885826982073949,0.0965569582366837,0.184177614349392,0.212782332631399,0.252525360498551,Yorkshire & the Humber,93550,53.9443862,-1.0466265
0.3546666666666667,,0.2803333333333333,0.27416666666666667,,0.08650000000000001,,0.121999296022527,0.353537486800422,0.307685087410536,0.0,0.200023465915757,0.0167546638507567,0.169381991962637,0.0927012056044314,0.169345787625357,0.207269830925744,0.184424894102313,0.176876289779515,Scotland,110000,57.1665496,-2.11159819751901
0.3546666666666667,,0.2803333333333333,0.27416666666666667,,0.08650000000000001,,0.158132222630569,0.376883498713708,0.318122422312058,0.0,0.120339744375025,0.0265221119686389,0.146614676859405,0.123809279496519,0.189018863407042,0.213474595112274,0.17488413455783,0.152198450566928,Scotland,117000,57.134873,-2.06055451985946
0.3546666666666667,,0.2803333333333333,0.27416666666666667,,0.08650000000000001,,0.200158490758966,0.141235716659424,0.14788210332575,0.0,0.475267772693576,0.0354559165622843,0.171507707628788,0.0904686819228614,0.11412062490923,0.18122782630345,0.220014938069254,0.222660221166414,Scotland,96400,57.166667,-2.666667
0.3546666666666667,,0.2803333333333333,0.27416666666666667,,0.08650000000000001,,0.0981560759954111,0.588936455972467,0.114832535885167,0.0,0.165309605752819,0.0327653263941352,0.183129831815147,0.104119559833753,0.126353984968882,0.195684475741326,0.216669896849495,0.174042250791394,Scotland,92900,55.8657845,-3.9795866
0.3546666666666667,,0.2803333333333333,0.27416666666666667,,0.08650000000000001,,0.163152559553979,0.400582868727826,0.144728839330968,0.0,0.262189559047136,0.0293461733400912,0.174166534160173,0.0947368421052631,0.116711718874224,0.191742195367573,0.225441246621084,0.19720146287168,Scotland,94300,56.1156137,-3.7922423
0.3546666666666667,,0.2803333333333333,0.27416666666666667,,0.08650000000000001,,0.284531724714896,0.20129012372859,0.165976839417023,0.0,0.333076482761657,0.0151248293778345,0.151152945863837,0.0872852233676975,0.103979281836744,0.170865082922456,0.233139100552816,0.253578365456447,Scotland,100000,56.666667,-2.916667
0.3546666666666667,,0.2803333333333333,0.27416666666666667,,0.08650000000000001,,0.181065562825477,0.304112698624649,0.133128588596608,0.0,0.360729069301642,0.0209640806516223,0.17066006051289,0.0885661969900222,0.120849530486551,0.178748029414356,0.211589491515466,0.229586691080713,Scotland,102000,56.5586729,-2.5815669
0.3546666666666667,,0.2803333333333333,0.27416666666666667,,0.08650000000000001,,0.226632772780602,0.219723634467475,0.378677269369487,0.0,0.151740320688307,0.0232260026941294,0.144355703897961,0.0942684684489428,0.0958831370084201,0.161022551176323,0.24126832757182,0.263201811896531,Scotland,92300,56.4603494,-5.8618419478791
0.3546666666666667,,0.2803333333333333,0.27416666666666667,,0.08650000000000001,,0.231664002841414,0.45358284496537,0.140760966080625,0.0,0.131681761676434,0.0423104244361569,0.157895888492593,0.0953370823395549,0.107524999452966,0.161473490733244,0.230388831754228,0.247379707227412,Scotland,91400,55.4628044,-4.6302502
0.3546666666666667,,0.2803333333333333,0.27416666666666667,,0.08650000000000001,,0.116610042534978,0.480243974211498,0.153152671143094,0.0,0.233434097536181,0.0165592145742489,0.191018884270671,0.0911828711104693,0.122195979744015,0.207056590930187,0.209923782217225,0.178621891727431,Scotland,97000,55.9009224,-3.6414828
0.3546666666666667,,0.2803333333333333,0.27416666666666667,,0.08650000000000001,,0.28844628536177,0.15876443112717,0.418458623424694,0.0,0.0855953115360888,0.0487353485502776,0.158552845699167,0.0867830633392476,0.0942687062331363,0.161177545171077,0.239666558179088,0.259551281378282,Scotland,95200,55.75,-2.5
0.3546666666666667,,0.2803333333333333,0.27416666666666667,,0.08650000000000001,,0.101887132775686,0.192117782337159,0.529253939981512,0.0,0.120532996640588,0.0562081482650553,0.159306593734255,0.0885882026342035,0.0990036911751097,0.166113161763949,0.236512816294635,0.250475534397844,Scotland,97300,58.404267,-3.43402698869502
0.3546666666666667,,0.2803333333333333,0.27416666666666667,,0.08650000000000001,,0.221175153367078,0.464299876373306,0.160504770124326,0.0,0.115905857106202,0.0381143430290872,0.163812326153421,0.0899979310820441,0.108917036389968,0.167823728190156,0.229914254844716,0.239534723339693,Scotland,87000,55.6345158,-4.67451219481095
0.3546666666666667,,0.2803333333333333,0.27416666666666667,,0.08650000000000001,,0.0750013012023109,0.636079737677614,0.12007494925311,0.0,0.139410815593608,0.0294331962733565,0.178351770824733,0.106197886568149,0.127796582184429,0.195946503756294,0.219000247667794,0.172707008998596,Scotland,96900,55.8390659,-4.019673
0.3546666666666667,,0.2803333333333333,0.27416666666666667,,0.08650000000000001,,0.102271582552634,0.565880930794802,0.13929183036164,0.0,0.152865921224942,0.0396897350659816,0.173135933693967,0.0876382693788027,0.120443305600371,0.185979564075796,0.215979669524321,0.21682325772674,Scotland,94800,56.1110634,-3.3438843
0.3546666666666667,,0.2803333333333333,0.27416666666666667,,0.08650000000000001,,0.0698572170943555,0.533938779045309,0.14513375071144,0.0,0.21157605602435,0.0394941971245453,0.182894510040506,0.104541928811514,0.120615358097043,0.19014479014048,0.214330345600275,0.187473067310178,Scotland,92800,55.9477764,-3.9882568
0.3546666666666667,,0.2803333333333333,0.27416666666666667,,0.08650000000000001,,0.35400620761007,0.408380273594666,0.0874238418208989,0.0,0.120531095528222,0.0296585814461432,0.155206707671593,0.086610157389557,0.105347980864367,0.156644940175647,0.233095667962095,0.263094545936738,Scotland,98000,55.083333,-3.833333
0.3546666666666667,,0.2803333333333333,0.27416666666666667,,0.08650000000000001,,0.35070078549583,0.329974256859337,0.20110453475324,0.0,0.0956236660872626,0.0225967568043301,0.156815575889745,0.0875244497403269,0.0906607612581218,0.162627307268598,0.246813102812563,0.255558803030643,Scotland,89000,55.166667,-3.5
0.3546666666666667,,0.2803333333333333,0.27416666666666667,,0.08650000000000001,,0.0920551692693491,0.428884076142711,0.137945970591588,0.0,0.314806793571184,0.0263079904251681,0.151276558791177,0.151971284663926,0.185395318319535,0.167158764159864,0.178515602385225,0.165682471680271,Scotland,104000,56.4618109,-2.98082807886673
0.3546666666666667,,0.2803333333333333,0.27416666666666667,,0.08650000000000001,,0.107845400220564,0.467723320766331,0.198815111179503,0.0,0.193865250955349,0.0317509168782539,0.180544926563859,0.0900523121114593,0.12465797943159,0.200977051861325,0.213032949291847,0.190734780739917,Scotland,95400,56.0713724,-3.4616183
0.3546666666666667,,0.2803333333333333,0.27416666666666667,,0.08650000000000001,,0.100238280713009,0.487215323282775,0.165742565183522,0.0,0.178916739220089,0.0678870916006048,0.173436116464399,0.0967654565341945,0.119172873587166,0.182947028491067,0.233147559768737,0.194530965154435,Scotland,96000,50.90894935,-1.40282796619078
0.3546666666666667,,0.2803333333333333,0.27416666666666667,,0.08650000000000001,,0.298660478852442,0.439088703723236,0.182660056956017,0.0,0.068452694863411,0.0111380656048939,0.203986332574031,0.100248498653965,0.0951128598053427,0.185379995858355,0.209784634499896,0.205487678608407,Scotland,96600,55.7494793,-4.36065924945091
0.3546666666666667,,0.2803333333333333,0.27416666666666667,,0.08650000000000001,,0.110129195370306,0.402175677869784,0.244705773200659,0.0,0.165356157075592,0.0776331964836592,0.130464306934895,0.160682454800101,0.21114506408624,0.200067905950258,0.160308972073677,0.137331296154825,Scotland,118000,55.9533456,-3.1883749
0.3546666666666667,,0.2803333333333333,0.27416666666666667,,0.08650000000000001,,0.187494051584658,0.330493956410012,0.307271342914248,0.0,0.101051679832493,0.0736889692585895,0.13618440204303,0.0843941037923095,0.250324185566464,0.246054639602685,0.161166538756715,0.121876130238794,Scotland,113000,55.9533456,-3.1883749
0.3546666666666667,,0.2803333333333333,0.27416666666666667,,0.08650000000000001,,0.23498320268757,0.335274356103023,0.319372900335946,0.0,0.0664501679731243,0.0439193729003359,0.159467588803404,0.134289572761499,0.167355541005074,0.185146914388606,0.176542805696513,0.1771975773449,Scotland,97700,57.4585939,-4.1980468
0.3546666666666667,,0.2803333333333333,0.27416666666666667,,0.08650000000000001,,0.232982743705323,0.397850931111415,0.210626963529572,0.0,0.105950917452078,0.0525884442016118,0.151674096556957,0.123987479844446,0.202712700369913,0.204448449208005,0.163274210376553,0.153903063644124,Scotland,105000,55.92887105,-3.2088774382512
0.3546666666666667,,0.2803333333333333,0.27416666666666667,,0.08650000000000001,,0.194127136379491,0.199228287408441,0.478418207185211,0.0,0.0919951168468782,0.036231252179979,0.174131344023018,0.0707977248692371,0.149322129171787,0.210211411857737,0.201293813892779,0.19424357618544,Scotland,105000,55.92953085,-3.29944001159299
0.3546666666666667,,0.2803333333333333,0.27416666666666667,,0.08650000000000001,,0.102298128845912,0.503327891498179,0.158884842396082,0.0,0.217480848926284,0.0180082883335426,0.169558599695586,0.0976458650431253,0.124586504312531,0.197209538305428,0.218325722983257,0.192673769660071,Scotland,98600,55.9991959,-3.784376
0.3546666666666667,,0.2803333333333333,0.27416666666666667,,0.08650000000000001,,0.0678112135813894,0.553945814851454,0.143855506270543,0.0,0.160321664486071,0.0740658008105434,0.161996324049201,0.12009048494274,0.21213063763608,0.1972854517178,0.175757575757575,0.132739525896602,Scotland,106000,55.8584969,-4.20214627894951
0.3546666666666667,,0.2803333333333333,0.27416666666666667,,0.08650000000000001,,0.065764192139738,0.43938864628821,0.201630276564774,0.0,0.142270742358079,0.150946142649199,0.127686532144533,0.194199906147348,0.224045049272641,0.185509150633505,0.153261379633974,0.115297982167996,Scotland,107000,55.89082485,-4.18398405529407
0.3546666666666667,,0.2803333333333333,0.27416666666666667,,0.08650000000000001,,0.0262101334539696,0.557650983940285,0.0471612757294729,0.0,0.173518434743271,0.195459172133002,0.169855898425523,0.11721103035331,0.202634948689739,0.19562825761538,0.18212887983119,0.132540985084855,Scotland,111000,54.5178282,-2.1252562
0.3546666666666667,,0.2803333333333333,0.27416666666666667,,0.08650000000000001,,0.121439599637971,0.473060746419635,0.189612947878401,0.0,0.127961454506735,0.0879252515572592,0.155058006679557,0.0773971699771488,0.207307962735102,0.219227895939532,0.186104763578836,0.154904201089822,Scotland,91000,55.8533377,-4.26243972232977
0.3546666666666667,,0.2803333333333333,0.27416666666666667,,0.08650000000000001,,0.0639479340816814,0.573740148077382,0.131269405302126,0.0,0.15052543587294,0.0805170766658705,0.176103854314358,0.0971472241495469,0.193811779138636,0.202570213279435,0.192755940350136,0.137610988767886,Scotland,99400,55.7831978,-4.1654855
0.3546666666666667,,0.2803333333333333,0.27416666666666667,,0.08650000000000001,,0.0942089221390967,0.473538376281518,0.210106048011285,0.0,0.135822061009093,0.0863245925590065,0.148323075724524,0.110071283889062,0.215156590838267,0.205320972265503,0.181569414147709,0.139558663134933,Scotland,103000,55.8831076,-4.28583249726944
0.3546666666666667,,0.2803333333333333,0.27416666666666667,,0.08650000000000001,,0.077496912724615,0.531717029159001,0.127321757100733,0.0,0.215554827490612,0.0479094735250384,0.184875291412512,0.0926026463981945,0.121610832561555,0.174613312894537,0.220291891546641,0.206006025186557,Scotland,93900,56.1961905,-3.1716324
0.3546666666666667,,0.2803333333333333,0.27416666666666667,,0.08650000000000001,,0.179937899355898,0.185583412456055,0.386153096050707,0.0,0.23087582437322,0.0174497677641202,0.188462947400176,0.0849117590018747,0.103281832482168,0.204290301032171,0.219632814015127,0.199420346068481,Scotland,92800,55.6801057,-2.563132
0.3546666666666667,,0.2803333333333333,0.27416666666666667,,0.08650000000000001,,0.112355785341567,0.490617071185792,0.183397960649145,0.0,0.166858155009814,0.0467710278136818,0.171993502260758,0.0957899202268,0.119121770530476,0.192749019648418,0.219898809092696,0.20044697824085,Scotland,96600,55.7759095,-4.033442
0.3546666666666667,,0.2803333333333333,0.27416666666666667,,0.08650000000000001,,0.107634922485138,0.499522088821541,0.171675020398648,0.0,0.194381629560555,0.0267863387341181,0.167822798487304,0.093290113452188,0.115861696380334,0.179135602377093,0.234186925985953,0.209702863317125,Scotland,92600,55.9,-4.75
0.3546666666666667,,0.2803333333333333,0.27416666666666667,,0.08650000000000001,,0.102532845726669,0.256512709377398,0.463474648968351,0.0,0.122375728023839,0.0551040679037428,0.165426412099981,0.0921239802978546,0.118658009076921,0.195037691481434,0.219181528754874,0.209572378288932,Scotland,103000,57.4790124,-4.225739
0.3546666666666667,,0.2803333333333333,0.27416666666666667,,0.08650000000000001,,0.113241556451795,0.472613388008922,0.111416533357367,0.0,0.27652479552982,0.0262037266520965,0.170328539982307,0.0943240963607562,0.122672756073978,0.181519883149211,0.224444032998004,0.206710691435742,Scotland,97200,55.6100589,-4.4964652
0.3546666666666667,,0.2803333333333333,0.27416666666666667,,0.08650000000000001,,0.101463174720275,0.511053731710316,0.154088282306652,0.0,0.215615394073528,0.017779417189229,0.18504771495708,0.105644271807413,0.12682108089963,0.199290269985134,0.215144103965856,0.168052558384884,Scotland,104000,55.8831932,-3.5149461
0.3546666666666667,,0.2803333333333333,0.27416666666666667,,0.08650000000000001,,0.159807973076637,0.414713815545272,0.248224493331024,0.0,0.130954443097176,0.0462992749498898,0.185903001736541,0.0869821384271892,0.108430496981724,0.186512858678574,0.223238650458943,0.208932853717026,Scotland,96700,55.915797,-2.7511952
0.3546666666666667,,0.2803333333333333,0.27416666666666667,,0.08650000000000001,,0.157738566228834,0.345307801867384,0.397649944611489,0.0,0.0705610064883684,0.0287426808039246,0.174331816122699,0.0913669995901374,0.0976982979916733,0.170599909398796,0.22532735077766,0.240675626119032,Scotland,92700,51.4100839,-0.935151847925782
0.3546666666666667,,0.2803333333333333,0.27416666666666667,,0.08650000000000001,,0.0938096753660089,0.454938468067049,0.262253341820496,0.0,0.169743263314237,0.0192552514322087,0.193081960287283,0.0917722855935783,0.127112378538234,0.194550063371356,0.204773975496408,0.188709336713139,Scotland,94700,55.833333,-3.083333
0.3546666666666667,,0.2803333333333333,0.27416666666666667,,0.08650000000000001,,0.18367055462985,0.236634134729826,0.257486312782671,0.0,0.294596524636991,0.0276124732206617,0.16131556826636,0.0945419762509782,0.114329607049343,0.181257789930337,0.224118107421327,0.224436951081652,Scotland,103000,57.416667,-3.25
0.3546666666666667,,0.2803333333333333,0.27416666666666667,,0.08650000000000001,,0.10145661811273,0.546295123495884,0.136744775174161,0.0,0.167802406586447,0.0477010766307789,0.179021741366188,0.100746652405537,0.123557603307485,0.198603369191846,0.214338605837464,0.183732027891478,Scotland,97200,55.7902072,-3.9920191
0.3546666666666667,,0.2803333333333333,0.27416666666666667,,0.08650000000000001,,0.0440878866724486,0.344897369181844,0.0792136455623012,0.0,0.449045967042498,0.0827551315409077,0.152402402402402,0.0783408408408408,0.093506006006006,0.171433933933933,0.238851351351351,0.265465465465465,Scotland,26600,57.666667,-7.166667
0.3546666666666667,,0.2803333333333333,0.27416666666666667,,0.08650000000000001,,0.183712249745504,0.439248953738265,0.164325302567583,0.0,0.179572446555819,0.0331410473928288,0.157777109210469,0.097058065070701,0.105696909786392,0.161032793226458,0.234710104439764,0.243725018266213,Scotland,93100,52.9442507,1.2119139
0.3546666666666667,,0.2803333333333333,0.27416666666666667,,0.08650000000000001,,0.181260238573175,0.170854387300708,0.477446297962668,0.0,0.118340601278235,0.0520984748852126,0.140973695375477,0.14470725498515,0.108283835383962,0.155006364022061,0.21491302503182,0.236115825201527,Scotland,94300,54.8546687,-1.578869
0.3546666666666667,,0.2803333333333333,0.27416666666666667,,0.08650000000000001,,0.132848607823244,0.141528576259723,0.515049036185323,0.0,0.103314169766655,0.107259609965055,0.168359718557607,0.0856860158311345,0.113214599824098,0.178166226912928,0.224494283201407,0.230079155672823,Scotland,45500,58.8520573,-3.28693984225352
0.3546666666666667,,0.2803333333333333,0.27416666666666667,,0.08650000000000001,,0.121576984549814,0.482232285562067,0.172908897176345,0.0,0.182551944592435,0.0407298881193393,0.16650753824633,0.0972200635033417,0.142049870106801,0.189699580345049,0.21171481226547,0.192808135533006,Scotland,90100,55.833721,-4.4413845
0.3546666666666667,,0.2803333333333333,0.27416666666666667,,0.08650000000000001,,0.089986109357242,0.518120974870564,0.176941533021846,0.0,0.177118323020583,0.0378330597297638,0.160004947099762,0.101595439673491,0.134628573998493,0.179107498229163,0.231333130951979,0.193330410047109,Scotland,88900,55.8455828,-4.4239646
0.3546666666666667,,0.2803333333333333,0.27416666666666667,,0.08650000000000001,,0.269970606034408,0.235086885104176,0.150579234027838,0.0,0.322447479899715,0.0219157949338635,0.16425557861196,0.0927391992761818,0.113755495018833,0.181623280194329,0.218502601221443,0.229123845677251,Scotland,102000,56.26832945,-3.46343877620397
0.3546666666666667,,0.2803333333333333,0.27416666666666667,,0.08650000000000001,,0.090654833938416,0.540997714132042,0.184025816861638,0.0,0.145273631840796,0.0390480032271077,0.177858740670195,0.0912825851033199,0.121137959292153,0.200150605745166,0.214436003632256,0.195134105556909,Scotland,90300,55.8283888,-4.2116533
0.3546666666666667,,0.2803333333333333,0.27416666666666667,,0.08650000000000001,,0.247659751902429,0.355884499113937,0.200583758990931,0.0,0.141373918482227,0.0544980715104763,0.160006584234631,0.119000358259825,0.12508109259564,0.174559679309042,0.216834338720141,0.204517946880718,Scotland,103000,56.26065595,-3.77930275
0.3546666666666667,,0.2803333333333333,0.27416666666666667,,0.08650000000000001,,0.283663081060315,0.13133883980023,0.463047445255474,0.0,0.112850557049558,0.0091000768344218,0.188757771596858,0.0853239528795811,0.0955804155759162,0.206090477748691,0.223372054973821,0.20087532722513,Scotland,97800,50.9095379,-1.40686556127035
0.3546666666666667,,0.2803333333333333,0.27416666666666667,,0.08650000000000001,,0.0654303464643879,0.518486632384764,0.145891988738162,0.0,0.214928915466412,0.0552621169462735,0.173598256240621,0.0965749148383846,0.127517881200915,0.177968607949877,0.22827694228726,0.19606339748294,Scotland,91300,55.966667,-4.533333
0.34650000000000003,0.0545,0.32,0.08883333333333333,,0.0685,0.12216666666666667,0.170923473940622,0.497720859561537,0.170127583628777,0.0181366519547548,0.0763572341605769,0.0667341967537322,0.186065352416959,0.0955981636510937,0.124385633270321,0.179638131244936,0.208792870645423,0.205519848771266,Wales,92573,51.5979357,-3.7938665
0.34650000000000003,0.0545,0.32,0.08883333333333333,,0.0685,0.12216666666666667,0.476021460998762,0.119459347915807,0.338423442014032,0.044758563763929,0.0,0.02133718530747,0.185378523375628,0.0998211700587584,0.158247466575832,0.207732266030827,0.187737375457719,0.161083198501235,South East,117430,51.2494169,-0.7630148
0.34650000000000003,0.0545,0.32,0.08883333333333333,,0.0685,0.12216666666666667,0.571018847309478,0.229536556496403,0.175657834835655,0.0117909496494582,0.0,0.0119958117090048,0.177914044889805,0.0899291719636352,0.114617496554745,0.177711068616663,0.212078156548121,0.22775006142703,West Midlands,93607,52.5985756,-1.9269572
0.34650000000000003,0.0545,0.32,0.08883333333333333,,0.0685,0.12216666666666667,0.489462069524022,0.224181564189257,0.254712206183062,0.0316441601036584,0.0,0.0,0.212833419206532,0.0822599183544053,0.100719353176648,0.219046014823035,0.194859498236297,0.190281796203083,North West,100924,53.3984501,-2.35182278398903
0.34650000000000003,0.0545,0.32,0.08883333333333333,,0.0685,0.12216666666666667,0.327208049598536,0.398129891249111,0.177843276755768,0.0238438865738388,0.0408781380221567,0.0320967578005894,0.181959793087233,0.0899561094129633,0.130466729367505,0.19132573085665,0.208382318363508,0.19790931891214,Wales,102072,57.27409625,-5.51591617403947
0.34650000000000003,0.0545,0.32,0.08883333333333333,,0.0685,0.12216666666666667,0.38613516689151,0.374472344314374,0.14439270638409,0.0197136515949345,0.0,0.075286130815092,0.169521173539994,0.0869526709106006,0.125004151674509,0.179086631608082,0.219529476889012,0.219905895377802,East Midlands,90322,53.029057,-1.46249535974619
0.34650000000000003,0.0545,0.32,0.08883333333333333,,0.0685,0.12216666666666667,0.571193512369983,0.0911833264774441,0.277898572016219,0.0596854126265891,0.0,3.91765097647451e-05,0.158648651429865,0.0752955946365909,0.0816551241548926,0.160922852115212,0.234736614631034,0.288741163032405,South East,97177,50.85453835,-0.564816299557614
0.34650000000000003,0.0545,0.32,0.08883333333333333,,0.0685,0.12216666666666667,0.224105978447388,0.339556592765461,0.32372388862196,0.0215297320795295,0.0,0.0910838080856613,0.184915072299047,0.0924943697249058,0.128128222937846,0.183441729283745,0.211203721243501,0.199816884510955,East Midlands,95021,53.08977375,-1.25187674615571
0.34650000000000003,0.0545,0.32,0.08883333333333333,,0.0685,0.12216666666666667,0.541154230585372,0.157620268567207,0.247381687019252,0.0463908565468688,0.0,0.0074529572813002,0.205446749550629,0.0961840922708208,0.138340698022768,0.198060215698023,0.192433717795087,0.169534526662672,South East,106816,51.148555,0.8722566
0.34650000000000003,0.0545,0.32,0.08883333333333333,,0.0685,0.12216666666666667,0.247792819305474,0.49102413184226,0.156538159701785,0.046767706494016,0.0,0.0578771826564645,0.20579973810214,0.0983116584532032,0.140535191275403,0.194034326612621,0.198102739931427,0.163216345625206,North West,100040,53.4865407,-2.098691
0.34650000000000003,0.0545,0.32,0.08883333333333333,,0.0685,0.12216666666666667,0.510222412318221,0.0961719418306244,0.217194183062446,0.0929640718562874,0.0,0.0834473909324208,0.204788789008258,0.0920485273697288,0.138209822407367,0.214390119125923,0.19438354162099,0.156179200467734,South East,109464,51.8161412,-0.8130383
0.34650000000000003,0.0545,0.32,0.08883333333333333,,0.0685,0.12216666666666667,0.553982259461231,0.181899033398086,0.206543871556627,0.0475577503686193,0.0,0.0100170852154375,0.186671517916847,0.0896432364394445,0.1310034220981,0.196898477756362,0.201952955984738,0.193830389804508,South East,101692,52.0601807,-1.3402795
0.34650000000000003,0.0545,0.32,0.08883333333333333,,0.0685,0.12216666666666667,0.317976009098517,0.259651080448917,0.175618548958177,0.0225317053282118,0.220317160575953,0.0039054955902233,0.155804602061498,0.128025318925246,0.108038975537323,0.157896448197002,0.213780171899895,0.236454483379036,Wales,92264,53.2277163,-4.1268822
0.34650000000000003,0.0545,0.32,0.08883333333333333,,0.0685,0.12216666666666667,0.179286630990144,0.546988885391191,0.0825967987989442,0.0288640821367169,0.0,0.162263602683004,0.264506968576019,0.116130478645892,0.156215670888914,0.236774651571199,0.149968239733961,0.0764039905840152,London,133816,51.5389922,0.0804245
0.34650000000000003,0.0545,0.32,0.08883333333333333,,0.0685,0.12216666666666667,0.170770024385669,0.472097167510786,0.174920277621459,0.0462858750703432,0.0,0.135926655411743,0.183971291866029,0.0917416267942583,0.141732057416268,0.184210526315789,0.211062200956938,0.187282296650718,Wales,104500,53.5352272,-1.3789721
0.34650000000000003,0.0545,0.32,0.08883333333333333,,0.0685,0.12216666666666667,0.16827650413127,0.47922727801699,0.175747701617596,0.053857791225416,0.0,0.122890725008728,0.187507748057026,0.0935965288704524,0.142516568921947,0.18189100271778,0.209488389834549,0.184999761598245,Wales,104865,53.5527719,-1.4827755
0.34650000000000003,0.0545,0.32,0.08883333333333333,,0.0685,0.12216666666666667,0.368216423075357,0.484407442087693,0.1016366079062,0.0197451451369946,0.0,0.0259943817937548,0.165080831408776,0.0893302540415704,0.122966384398255,0.168447523736207,0.224172440338722,0.230002566076469,North West,97424,54.1162206,-3.228422940078
0.34650000000000003,0.0545,0.32,0.08883333333333333,,0.0685,0.12216666666666667,0.518709033294266,0.238290576029865,0.154968094804011,0.0402830229630594,0.0,0.0477492729087988,0.217509551252995,0.095133255011517,0.137075512714961,0.198758568375871,0.187158305658597,0.164364806986059,Eastern,108102,51.5944857,0.3672374
0.34650000000000003,0.0545,0.32,0.08883333333333333,,0.0685,0.12216666666666667,0.511158907960305,0.198304868180076,0.244260828825759,0.0417820179735082,0.0,0.0044933770603518,0.192381800665297,0.0936596804391689,0.150273571701234,0.21832112409794,0.189446130914511,0.155917692181848,South East,110027,51.262826,-1.0861976
0.34650000000000003,0.0545,0.32,0.08883333333333333,,0.0685,0.12216666666666667,0.338943568865291,0.504648380936392,0.112337621456003,0.035864934628864,0.0,0.0082054941134498,0.1760426863208,0.087455135218134,0.125256712922976,0.178326711579432,0.217356672616648,0.215562081342009,East Midlands,104202,53.34945205,-0.961660401193982
0.34650000000000003,0.0545,0.32,0.08883333333333333,,0.0685,0.12216666666666667,0.328649822106977,0.0897505477497035,0.552915636495206,0.020523025588454,0.0,0.0081609680596594,0.147938758372879,0.214628859335638,0.122912883004277,0.168004374401937,0.17411681996602,0.172398304919249,South West,102411,51.3813864,-2.3596963
0.34650000000000003,0.0545,0.32,0.08883333333333333,,0.0685,0.12216666666666667,0.479001341549376,0.355078560221924,0.148775551967985,0.0104595375065372,0.0,0.0066850087541781,0.155903067924078,0.10502199245186,0.294772316140348,0.221614126592042,0.136674594356342,0.0860139025353302,London,108899,51.4707933,-0.172214
0.34650000000000003,0.0545,0.32,0.08883333333333333,,0.0685,0.12216666666666667,0.619740248805439,0.118614098974888,0.198581261708801,0.05020312796009,0.0,0.0128612625507819,0.187849827936482,0.0794912724408142,0.105228243293669,0.198225465400721,0.213845930594137,0.215359260334176,South East,96476,51.6082881,-0.6571233
0.34650000000000003,0.0545,0.32,0.08883333333333333,,0.0685,0.12216666666666667,0.459418007811701,0.25275556737081,0.239177112942476,0.0299789370360524,0.0,0.0186703748389603,0.187932804479701,0.0791133924405039,0.139085394307046,0.242426504899673,0.192543163789081,0.158898740083994,Wales,107150,51.4070938,-0.0303183
0.34650000000000003,0.0545,0.32,0.08883333333333333,,0.0685,0.12216666666666667,0.395089736966239,0.358992789595454,0.200610975089288,0.0256519688223005,0.0,0.0196545295267189,0.195489473923521,0.105524485063429,0.146055563133724,0.211276315191197,0.183749374801073,0.157904787887055,Eastern,109962,52.1363806,-0.4675041
0.34650000000000003,0.0545,0.32,0.08883333333333333,,0.0685,0.12216666666666667,0.173377331072899,0.301071688060063,0.488253814482926,0.0,0.0,0.0372971663841123,0.140106941891173,0.148598837263557,0.275016097274195,0.218139061785538,0.145789979563461,0.072349082222077,London,107159,51.4945379,-0.0691595028998192
0.34650000000000003,0.0545,0.32,0.08883333333333333,,0.0685,0.12216666666666667,0.156160558464223,0.433205351948807,0.194671320535195,0.001326352530541,0.0,0.214636416521233,0.186372350244957,0.171966834178783,0.259843637826708,0.212998098724331,0.108514717135937,0.0603043618892842,Wales,126756,51.51686765,-0.0416595381921766
0.34650000000000003,0.0545,0.32,0.08883333333333333,,0.0685,0.12216666666666667,0.477289159188534,0.213732828647982,0.229957895632203,0.0351295028282226,0.0,0.0438906137030578,0.15172675776231,0.084611688993665,0.0937622202607733,0.163201233478207,0.236170854608225,0.270527244896819,Yorkshire & the Humber,89503,53.8425488,-0.4315677
0.34650000000000003,0.0545,0.32,0.08883333333333333,,0.0685,0.12216666666666667,0.509399149083963,0.134518537813667,0.272358253017279,0.0016714422158548,0.0,0.0820526178692367,0.147224186109147,0.0768721453500768,0.0871068017820871,0.142533301911142,0.223927998294224,0.322335566553322,South East,89109,50.8419553,0.4709063
0.34650000000000003,0.0545,0.32,0.08883333333333333,,0.0685,0.12216666666666667,0.48113053802994,0.294391544246036,0.127464903499174,0.0349917351523758,0.0,0.0620212790724745,0.205852244509086,0.0977671467520752,0.127180401974398,0.206065090256732,0.194135592876762,0.168999523630946,London,98663,51.4634854,0.1480552
0.34650000000000003,0.0545,0.32,0.08883333333333333,,0.0685,0.12216666666666667,0.535515028557567,0.156945332657067,0.257084261362383,0.0412375680860916,0.0,0.009217809336891,0.185162119414788,0.0843416370106761,0.13582443653618,0.208580466587584,0.201937524713325,0.184153815737446,Wales,101160,51.8988832,-1.1518287
0.34650000000000003,0.0545,0.32,0.08883333333333333,,0.0685,0.12216666666666667,0.228610666056306,0.583543144884413,0.181734950789654,0.0061112382696269,0.0,0.0,0.19313312857847,0.098993288590604,0.129725476813408,0.187208508702082,0.206963561217912,0.183976036097524,North West,105492,53.3895177,-3.0248007
0.34650000000000003,0.0545,0.32,0.08883333333333333,,0.0685,0.12216666666666667,0.36226148409894,0.422025912838634,0.164098939929329,0.0183510011778563,0.0,0.0332626619552414,0.19484055563247,0.149107019244081,0.151266786653745,0.198449397757165,0.160108911348009,0.14622732936453,Wales,108344,52.45046225,-1.93199500617883
0.34650000000000003,0.0545,0.32,0.08883333333333333,,0.0685,0.12216666666666667,0.309089171365765,0.431042721972666,0.170290547644079,0.0261158367580999,0.0,0.0634617222593902,0.219524818849509,0.109955472305746,0.147820443305236,0.193235405267741,0.188544388031744,0.140919472240022,Wales,121722,52.5284461,-1.8425676
0.34650000000000003,0.0545,0.32,0.08883333333333333,,0.0685,0.12216666666666667,0.157331735912028,0.331115485002781,0.2500748791237,0.0199820290103119,0.0,0.241495870951179,0.237599959078586,0.13113608075159,0.147231836859963,0.208281471124827,0.154461286637453,0.12128936554758,Wales,117298,52.4796992,-1.9026911
0.34650000000000003,0.0545,0.32,0.08883333333333333,,0.0685,0.12216666666666667,0.231135377292454,0.412338419898269,0.268887955574222,0.0210695786084278,0.0,0.0665686686266274,0.259317709781347,0.128738940585801,0.138518651773595,0.18778517343451,0.159231033411287,0.126408491013459,Wales,122294,52.4796992,-1.9026911
0.34650000000000003,0.0545,0.32,0.08883333333333333,,0.0685,0.12216666666666667,0.126984126984127,0.529020118685772,0.275558450330487,0.0226998600858783,0.0,0.0457374439137357,0.230196357315001,0.211620770942805,0.192393294088209,0.189575020083495,0.112026391687409,0.0641881658830811,Wales,151865,52.47971745,-1.91503442178895
0.34650000000000003,0.0545,0.32,0.08883333333333333,,0.0685,0.12216666666666667,0.340576790919216,0.406834285172634,0.1581080120382,0.0325126187824356,0.0,0.0619682930875139,0.219959550228226,0.101430585965042,0.137464281738227,0.191125171633206,0.184102126396259,0.16591828403904,Wales,107788,52.3960578,-1.98586937908393
0.34650000000000003,0.0545,0.32,0.08883333333333333,,0.0685,0.12216666666666667,0.199354164688005,0.51310665780226,0.228986608414854,0.0377053851267926,0.0,0.0208471839680881,0.239843102500349,0.13943526747249,0.146878051582515,0.205763849568778,0.158973601503328,0.109106127372541,Wales,121861,52.5315031,-1.90406171023003
0.34650000000000003,0.0545,0.32,0.08883333333333333,,0.0685,0.12216666666666667,0.31308525003874,0.390321652314436,0.225798596506763,0.024616474442698,0.0,0.0461780266973634,0.179824805081764,0.212511806211456,0.130414652665889,0.17651906587403,0.160231123951331,0.14049854621553,Wales,107994,52.45046225,-1.93199500617883
0.34650000000000003,0.0545,0.32,0.08883333333333333,,0.0685,0.12216666666666667,0.180505876341339,0.351456310679612,0.377721001532959,0.0272611139499233,0.0,0.0630556974961676,0.245128440043694,0.127233165368759,0.141856654568519,0.195928327284259,0.164355685542126,0.125497727192642,Wales,113516,52.47809765,-1.82875869525344
0.34650000000000003,0.0545,0.32,0.08883333333333333,,0.0685,0.12216666666666667,0.245599981151191,0.39867587116839,0.230473811936008,0.0276135051716419,0.0,0.0976368305727681,0.168371548697499,0.0888344675133284,0.10224957739153,0.169140912834294,0.232478002687356,0.238925490875991,North East,92284,54.6640762,-1.6752864
0.34650000000000003,0.0545,0.32,0.08883333333333333,,0.0685,0.12216666666666667,0.262456987084953,0.477052330517943,0.152232202708138,0.0207802654511328,0.0,0.0874782142378334,0.243750556000356,0.123707855173027,0.135477270705453,0.201948225246864,0.163063784360822,0.132052308513477,North West,112408,53.749326,-2.4840566
0.34650000000000003,0.0545,0.32,0.08883333333333333,,0.0685,0.12216666666666667,0.199233716475096,0.504202199975281,0.181003584229391,0.0248733160301569,0.0,0.0906871832900754,0.243913891497508,0.105910929711768,0.137759156252257,0.20457090226107,0.175549013942065,0.132296106335332,Wales,110744,53.5242138,-2.2281266
0.34650000000000003,0.0545,0.32,0.08883333333333333,,0.0685,0.12216666666666667,0.424975042319545,0.341073831329485,0.163744086114849,0.0379790789530795,0.0,0.0322279612830418,0.159989895375029,0.0844262467633623,0.108540513230743,0.160758267898869,0.221775466812622,0.264509609919373,Wales,95006,53.8179442,-3.0509812
0.34650000000000003,0.0545,0.32,0.08883333333333333,,0.0685,0.12216666666666667,0.374956734195256,0.39765855644915,0.141178865926906,0.0391122874885472,0.0,0.0470935559401404,0.181807381955423,0.0973690703561213,0.133547779838982,0.180518875252447,0.218406455327198,0.188350437269828,North West,109429,53.7983538,-3.0488911
0.34650000000000003,0.0545,0.32,0.08883333333333333,,0.0685,0.12216666666666667,0.0817275299824821,0.50343619458294,0.136774019673898,0.0180568656515294,0.0563490994025962,0.203656290706553,0.178931980211655,0.0945560863992203,0.134037436837255,0.176633227046897,0.215627284187332,0.200213985317641,Wales,94399,51.7497044,-3.23940277107558
0.34650000000000003,0.0545,0.32,0.08883333333333333,,0.0685,0.12216666666666667,0.179126191861766,0.460897981109271,0.272080218452034,0.0139218407269797,0.0,0.0739737678499485,0.172941613495324,0.0852416746787868,0.118007604230399,0.188051743728695,0.218446814089677,0.217310549777117,Wales,91527,54.9565368,-1.6890663
0.34650000000000003,0.0545,0.32,0.08883333333333333,,0.0685,0.12216666666666667,0.173538957502886,0.457622688361759,0.276351042279292,0.0326297675836981,0.0,0.0598575442723648,0.181208450288078,0.0928842271138031,0.124390604225144,0.176146156497759,0.214930812035259,0.210439749839957,Wales,101534,55.1270903,-1.5099726
0.34650000000000003,0.0545,0.32,0.08883333333333333,,0.0685,0.12216666666666667,0.516092003811834,0.137659187386295,0.242159750498137,0.0642164082127696,0.0,0.0398726500909642,0.158127761327866,0.0848130470114609,0.114740470208016,0.167776646522011,0.202925489683259,0.271616585247387,South East,107059,50.7834973,-0.6730718
0.34650000000000003,0.0545,0.32,0.08883333333333333,,0.0685,0.12216666666666667,0.2462243185632,0.499410404099959,0.1554492267223,0.0392081273527144,0.0,0.0597079232618259,0.173317492487246,0.0875872328105188,0.132324311372463,0.178189551031818,0.221948224394237,0.206633187903717,East Midlands,100166,53.228666,-1.2912756
0.34650000000000003,0.0545,0.32,0.08883333333333333,,0.0685,0.12216666666666667,0.354944732875565,0.461271143862,0.13289231284542,0.0417643610785463,0.0,0.0091274493384692,0.208551690236045,0.102932785575716,0.126932293998367,0.193163563584652,0.187422642403813,0.180997024201406,North West,113918,54.6082822,-1.7299041
0.34650000000000003,0.0545,0.32,0.08883333333333333,,0.0685,0.12216666666666667,0.282576113459947,0.4636154173098,0.162584166610742,0.0431067266179003,0.0,0.0481175760016106,0.243831757544359,0.115067672581272,0.146451236886414,0.193733000906618,0.167886284160083,0.133030047921254,Wales,123536,53.5782863,-2.4300367
0.34650000000000003,0.0545,0.32,0.08883333333333333,,0.0685,0.12216666666666667,0.373007367716008,0.400334896182183,0.172404554588078,0.0403661531591873,0.0,0.0138870283545434,0.1917268749364,0.0902309962348631,0.11886638852142,0.19327363386588,0.20687900681795,0.199023099623486,North West,98270,54.3146038,-1.96950644691168
0.34650000000000003,0.0545,0.32,0.08883333333333333,,0.0685,0.12216666666666667,0.0891053128861109,0.664437822516171,0.151294909998304,0.060905589068973,0.0,0.0342563655304406,0.186558036771088,0.0974512743628185,0.139597964175807,0.188649096504379,0.213919356111418,0.173824272074489,North West,101382,53.4506931,-2.9948834
0.34650000000000003,0.0545,0.32,0.08883333333333333,,0.0685,0.12216666666666667,0.494659474328942,0.203821108508306,0.15342459865466,0.0906707356386065,0.0,0.0574240828694848,0.167830001118867,0.0873232405821549,0.114158827427726,0.172228007814853,0.215424868102832,0.243035054953567,East Midlands,116189,52.9805831,-0.0302848
0.34650000000000003,0.0545,0.32,0.08883333333333333,,0.0685,0.12216666666666667,0.484281301108486,0.132564055969471,0.308740686898056,0.0687579502089769,0.0,0.0056560058150099,0.174761548531887,0.104759678324294,0.133878810547971,0.219309893398167,0.187002057228352,0.180288011969329,South West,106938,50.7263763,-1.8608305
0.34650000000000003,0.0545,0.32,0.08883333333333333,,0.0685,0.12216666666666667,0.45242082097407,0.14730647784901,0.317409817242369,0.0712132810257391,0.0,0.0116496029088125,0.148487702968635,0.17427556169034,0.144244131280253,0.184460133742457,0.170507643092305,0.17802482722601,South West,107224,50.72223285,-1.89366803185795
0.34650000000000003,0.0545,0.32,0.08883333333333333,,0.0685,0.12216666666666667,0.539134991157784,0.165120188633932,0.226557212409667,0.0438399231491387,0.0,0.0253476846494771,0.199736684384794,0.0986745792354022,0.143939319505988,0.220851059648847,0.192534805804734,0.144263551420234,South East,101779,51.4143513,-0.7449925
0.34650000000000003,0.0545,0.32,0.08883333333333333,,0.0685,0.12216666666666667,0.268434637380434,0.328053039121413,0.337086897110178,0.0,0.0,0.0664254263879751,0.26214367352427,0.130655842409574,0.140177490923759,0.202853973376361,0.153968334005647,0.110200685760387,Yorkshire & the Humber,118992,53.5781957,-2.4141644
0.34650000000000003,0.0545,0.32,0.08883333333333333,,0.0685,0.12216666666666667,0.290547135884922,0.410711533521706,0.18656563061906,0.0343950680708964,0.0,0.0777806319034163,0.23631271622339,0.108747780564149,0.135042375208215,0.195767970566162,0.18203034906921,0.142098808368875,Yorkshire & the Humber,109259,55.11022305,-1.89590789893185
0.34650000000000003,0.0545,0.32,0.08883333333333333,,0.0685,0.12216666666666667,0.318851549096781,0.46424967201534,0.119386416389141,0.0204864264809768,0.0,0.0770259360177616,0.253380577644102,0.151308145523464,0.15120926208232,0.203510362160603,0.136360265337234,0.104231387252276,Yorkshire & the Humber,121355,53.9099363,-2.40008788748701
0.34650000000000003,0.0545,0.32,0.08883333333333333,,0.0685,0.12216666666666667,0.536106557377049,0.194856557377049,0.196618852459016,0.0509016393442623,0.0,0.0215163934426229,0.184030345224948,0.0917558937917126,0.115187016853123,0.188620540644356,0.214798098621981,0.205608104863879,Eastern,104135,51.8780637,0.5537161
0.34650000000000003,0.0545,0.32,0.08883333333333333,,0.0685,0.12216666666666667,0.313563218390805,0.188425787106447,0.392743628185907,0.0226486756621689,0.0656671664167916,0.016951524237881,0.156647185347731,0.0799096182675386,0.102830947052817,0.160318943228974,0.226464901036348,0.273828405066591,Wales,92055,51.9472048,-3.391696
0.34650000000000003,0.0545,0.32,0.08883333333333333,,0.0685,0.12216666666666667,0.168904277369512,0.415017900885623,0.394808743169399,0.0019785189372526,0.0,0.0192905596382136,0.200356850791763,0.11989443164077,0.16748940599212,0.221857110995465,0.177800906995762,0.11260129358412,Wales,134512,51.2631549,-2.9347369
0.34650000000000003,0.0545,0.32,0.08883333333333333,,0.0685,0.12216666666666667,0.290659008464329,0.467330281568492,0.211025220245293,0.0063266539989635,0.0,0.0246588357229227,0.181782136738709,0.129975836194836,0.178752309775494,0.22149905364664,0.164882435232773,0.123108228411548,Wales,133671,51.5688188,-0.2265437
0.34650000000000003,0.0545,0.32,0.08883333333333333,,0.0685,0.12216666666666667,0.371737378329786,0.320176073074459,0.265845543408626,0.0164500196325611,0.0,0.0257909855545681,0.204401562997662,0.0974698392722583,0.160541300581852,0.253482175456586,0.165808260893208,0.118296860798434,London,128727,51.4801717,-0.341798968313621
0.34650000000000003,0.0545,0.32,0.08883333333333333,,0.0685,0.12216666666666667,0.575793420076585,0.0998215681950319,0.237394494677119,0.040718538864051,0.0,0.046271978187213,0.183452577508714,0.0876189893801341,0.1229234187407,0.190811064228786,0.208177908232944,0.207016041908722,Eastern,98118,51.6231609,0.303664
0.34650000000000003,0.0545,0.32,0.08883333333333333,,0.0685,0.12216666666666667,0.266558586499377,0.407697187566082,0.206997016047555,0.0212870938182843,0.0685134277860012,0.0289466882827001,0.172791062204782,0.0882312717632578,0.129522286628023,0.187098267355376,0.210557875800835,0.211799236247725,Wales,95055,51.5049859,-3.5756674
0.34650000000000003,0.0545,0.32,0.08883333333333333,,0.0685,0.12216666666666667,0.452355107166422,0.148692080114084,0.328161249813762,0.0440159206521507,0.0,0.026775642253581,0.177236116571406,0.0905434421023981,0.124716484712856,0.174161550790819,0.207014042197155,0.226328363625367,Wales,99203,51.1283378,-3.0037046
0.34650000000000003,0.0545,0.32,0.08883333333333333,,0.0685,0.12216666666666667,0.481275147013309,0.206923995224831,0.216584869788212,0.0415395498960958,0.0,0.0536764380775522,0.149816414686825,0.0751727861771058,0.0953239740820734,0.151425485961123,0.228401727861771,0.299859611231101,Wales,92600,54.0871383,-0.1964511
0.34650000000000003,0.0545,0.32,0.08883333333333333,,0.0685,0.12216666666666667,0.415239966320516,0.326948264571054,0.178828702404341,0.0635232481990831,0.0,0.0154598185050051,0.164801090757153,0.0799705319640226,0.105018362544807,0.171277461350692,0.230972225276538,0.247960328106789,Wales,90946,53.5525329,-0.4896411
0.34650000000000003,0.0545,0.32,0.08883333333333333,,0.0685,0.12216666666666667,0.400859437947115,0.369533901408795,0.190638962814659,0.0341577752276778,0.0,0.004809922601753,0.149952294578357,0.149774054541451,0.130733824716651,0.189123163865502,0.200561980351657,0.179854681946381,Wales,95377,50.8214626,-0.1400561
0.34650000000000003,0.0545,0.32,0.08883333333333333,,0.0685,0.12216666666666667,0.344854180353623,0.421006027021623,0.201119712074038,0.0266217258419263,0.0,0.0063983547087891,0.138803956398086,0.204565970705571,0.155606029721518,0.206614057055221,0.178600894945789,0.115809091173816,Wales,103020,50.82237285,-0.136248201013513
0.34650000000000003,0.0545,0.32,0.08883333333333333,,0.0685,0.12216666666666667,0.190946594448966,0.285914741952684,0.499340498975669,0.0122919765386018,0.0,0.0115061880840793,0.104158212844115,0.299788565448604,0.235706810755398,0.161160113619375,0.117132605770668,0.0820536915618392,Wales,93644,51.4741361,-2.58408207596344
0.34650000000000003,0.0545,0.32,0.08883333333333333,,0.0685,0.12216666666666667,0.253785935722729,0.350447175323951,0.326136895867252,0.0269643374891272,0.0,0.04266565559694,0.191573457390261,0.1053544981237,0.190782957921804,0.22757298490782,0.159017599970924,0.12569850168549,South West,110057,51.44740795,-2.59805655
0.34650000000000003,0.0545,0.32,0.08883333333333333,,0.0685,0.12216666666666667,0.358205363783524,0.341339633372708,0.228485803036269,0.0317189482434265,0.0,0.0402502515640722,0.188909479397677,0.11905702220737,0.161314822128383,0.209010541665401,0.167572986602667,0.154135147998501,Wales,98750,51.3299934,-2.5374845
0.34650000000000003,0.0545,0.32,0.08883333333333333,,0.0685,0.12216666666666667,0.364687216681777,0.264444078134015,0.335799060413748,0.0224594082255007,0.0,0.01261023654496,0.193842321675504,0.135260126193943,0.139481853897085,0.204730899200527,0.16435433207872,0.16233046695422,South West,109197,51.3299934,-2.5374845
0.34650000000000003,0.0545,0.32,0.08883333333333333,,0.0685,0.12216666666666667,0.2350605280258,0.394406873480783,0.29402421121032,0.0267863589323963,0.0,0.0497220283507015,0.193955579465109,0.101464033200123,0.199613818014141,0.207596833691977,0.1605056870581,0.13686404857055,South West,104096,51.42605745,-2.62583955031907
0.34650000000000003,0.0545,0.32,0.08883333333333333,,0.0685,0.12216666666666667,0.46873580308099,0.140337835047289,0.328294717713625,0.0458637921777557,0.0,0.0167678519803411,0.160644635892161,0.0808795165230808,0.0978955038360979,0.172313659937422,0.221882902575972,0.266383781235266,Wales,93324,52.6928977,1.25648751941622
0.34650000000000003,0.0545,0.32,0.08883333333333333,,0.0685,0.12216666666666667,0.566986310146723,0.149520534779916,0.22087435661961,0.0325053926489118,0.0,0.0301134058048395,0.197845340112346,0.0861453934150641,0.122575751363319,0.220129976628808,0.196687031038583,0.17661650744188,Wales,97556,51.3122439,0.0346366025843522
0.34650000000000003,0.0545,0.32,0.08883333333333333,,0.0685,0.12216666666666667,0.436916521402285,0.217896571760604,0.196087546000387,0.0571373232616695,0.0,0.0919620375750532,0.182309468356472,0.0847927568232459,0.104160995331861,0.185878628393979,0.213574906990109,0.229283244104332,West Midlands,99183,52.3353816,-2.0597449
0.34650000000000003,0.0545,0.32,0.08883333333333333,,0.0685,0.12216666666666667,0.583249496981891,0.172451374916164,0.145665660630449,0.0404091213950368,0.0,0.0582243460764587,0.197448174697628,0.0971926231398706,0.129814655927966,0.202577657228788,0.197134501305435,0.175832387700313,Eastern,108394,51.7465723,-0.0190782
0.34650000000000003,0.0545,0.32,0.08883333333333333,,0.0685,0.12216666666666667,0.370498145415387,0.379511825469629,0.192178837793642,0.0223547242053204,0.0,0.0354564671160212,0.164731141853873,0.101482844692643,0.134577145999915,0.182415281127046,0.199623471675763,0.217170114650759,East Midlands,94546,52.9782566,-1.2170642
0.34650000000000003,0.0545,0.32,0.08883333333333333,,0.0685,0.12216666666666667,0.445312686122692,0.178010720667064,0.0977010125074449,0.0998451459201905,0.0,0.179130434782609,0.210822273131757,0.0975538178995399,0.12264043773785,0.205928015601037,0.194208304144499,0.168847151485317,Wales,105634,51.9937391,-0.7364092
0.34650000000000003,0.0545,0.32,0.08883333333333333,,0.0685,0.12216666666666667,0.198067830607692,0.312790388275989,0.334609165523876,0.0237018236895429,0.0,0.1308307919029,0.208866941115259,0.100919189798545,0.135286117221801,0.187726488548921,0.189022664828896,0.178178598486577,North West,109554,53.7907262,-2.2439196
0.34650000000000003,0.0545,0.32,0.08883333333333333,,0.0685,0.12216666666666667,0.445336491178773,0.318808582381631,0.158380667563174,0.0291230957589868,0.0,0.0483511631174357,0.191884902826777,0.0969954945748282,0.14269845642534,0.191787151984786,0.198887417689348,0.17774657649892,Wales,112531,52.802742,-1.629917
0.34650000000000003,0.0545,0.32,0.08883333333333333,,0.0685,0.12216666666666667,0.395335416210623,0.357963025611431,0.171518974746771,0.0277407414777815,0.0,0.0474418419533939,0.1938657800095,0.0946984751693987,0.122025223199139,0.191452030360899,0.203375371998565,0.194583119262498,North West,103159,53.5803553,-2.410543
0.34650000000000003,0.0545,0.32,0.08883333333333333,,0.0685,0.12216666666666667,0.325195249812774,0.420584144645341,0.180293142184658,0.0217181983524125,0.0,0.0522092650048143,0.223740056778256,0.0996711358461927,0.136183489332996,0.197084258556558,0.18152176968266,0.161799289803337,North West,106731,53.5804488,-2.3941097
0.34650000000000003,0.0545,0.32,0.08883333333333333,,0.0685,0.12216666666666667,0.49726420829752,0.171652585899667,0.272510010272321,0.05435944739104,0.0,0.004213748139452,0.168217397725594,0.0900211687096933,0.127307635504357,0.177915620538571,0.203967902328558,0.232570275193226,Wales,101568,53.5927543,-2.2972827
0.34650000000000003,0.0545,0.32,0.08883333333333333,,0.0685,0.12216666666666667,0.287876918013904,0.28592290921058,0.121066271751203,0.0319017647784771,0.270167427701674,0.0030647085441605,0.164059503004987,0.0861962405694557,0.10213759004305,0.164837389710584,0.223509228080644,0.259260048591279,Wales,93849,51.8591257,-4.3115907
0.34650000000000003,0.0545,0.32,0.08883333333333333,,0.0685,0.12216666666666667,0.164984089920564,0.457592198338026,0.138474921594213,0.0241970560629993,0.159718883776297,0.0550328503079,0.187643970365451,0.0942992923402577,0.125645921099052,0.191192645319277,0.202803660738373,0.198414510137589,Wales,96373,51.6723809,-3.17839377287632
0.34650000000000003,0.0545,0.32,0.08883333333333333,,0.0685,0.12216666666666667,0.400565408395705,0.274263748779694,0.256020175724048,0.0230231044581841,0.0,0.046127562642369,0.176603026845841,0.085323129423405,0.107504518057084,0.189162720728543,0.231021636192918,0.210384968752208,Yorkshire & the Humber,99047,53.6779597,-1.7160311
0.34650000000000003,0.0545,0.32,0.08883333333333333,,0.0685,0.12216666666666667,0.386022386022386,0.157976157976158,0.383588133588134,0.0500273000273,0.0,0.0223860223860223,0.176689035773752,0.0926181946616882,0.114617286442303,0.179575155154145,0.20694283263535,0.229557495332761,South West,99095,50.214674,-5.330508
0.34650000000000003,0.0545,0.32,0.08883333333333333,,0.0685,0.12216666666666667,0.276942764076315,0.262796649604467,0.42354583527222,0.0257794322940902,0.0,0.0109353187529083,0.140252895239477,0.218853509344552,0.211366585269537,0.18865598027127,0.131258915403399,0.109612114471765,Eastern,124084,52.2055314,0.1186637
0.34650000000000003,0.0545,0.32,0.08883333333333333,,0.0685,0.12216666666666667,0.401040409139797,0.330911565223117,0.169713997234355,0.0346803046598915,0.0,0.0636537237428389,0.179478506551,0.0919328684129368,0.137207891045474,0.184233826440772,0.212616520259851,0.194530387289965,West Midlands,100519,52.7069197,-1.97843475467299
0.34650000000000003,0.0545,0.32,0.08883333333333333,,0.0685,0.12216666666666667,0.458691588785047,0.165167674546454,0.332886201209456,0.039670148433205,0.0,0.0035843870258383,0.150871632329635,0.206395077840962,0.111410459587956,0.159345576582455,0.174149342779901,0.19782791087909,South East,107270,51.2800275,1.0802533
0.34650000000000003,0.0545,0.32,0.08883333333333333,,0.0685,0.12216666666666667,0.242596865685992,0.327636765695606,0.353042976636862,0.0230987405057206,0.0375204307278146,0.016104220748005,0.191937708894629,0.164199279689655,0.157023951707728,0.185604903295096,0.158542343693581,0.14269181271931,Wales,108008,51.5246206,-3.10187012759086
0.34650000000000003,0.0545,0.32,0.08883333333333333,,0.0685,0.12216666666666667,0.370928447128672,0.37432695260518,0.188780837342614,0.0242194697512539,0.0348858634455932,0.0068584297266864,0.178877634704072,0.123302552960348,0.124985355358874,0.191924678616694,0.192936490185428,0.187973288174585,Wales,93891,51.50059055,-3.20546911580268
0.34650000000000003,0.0545,0.32,0.08883333333333333,,0.0685,0.12216666666666667,0.285474149316812,0.367744879091324,0.258266695483034,0.0256945945296928,0.0419998559181615,0.0208198256609754,0.15357374338935,0.230280770639789,0.168941450538715,0.17169373549884,0.142273406163991,0.133236893769315,Wales,106457,51.4816546,-3.1791934
0.34650000000000003,0.0545,0.32,0.08883333333333333,,0.0685,0.12216666666666667,0.291366080044112,0.419220695676148,0.187772825437669,0.0281440977806368,0.0716812939392547,0.0018150071221798,0.204497341593093,0.101292619872201,0.140793132042339,0.201356031413102,0.189122481830155,0.16293839324911,Wales,102505,51.50851295,-3.30768868132742
0.34650000000000003,0.0545,0.32,0.08883333333333333,,0.0685,0.12216666666666667,0.430506430868167,0.32011655948553,0.187560289389067,0.0243770096463022,0.0,0.0374397106109324,0.17032426482764,0.0945812999814928,0.126774008162629,0.180444756143888,0.215218725344087,0.212656945540263,North West,102662,54.8948478,-2.9362311
0.34650000000000003,0.0545,0.32,0.08883333333333333,,0.0685,0.12216666666666667,0.371551705278817,0.0880532038240248,0.486731858852355,0.0295333727111636,0.0,0.0241298593336396,0.214173483283022,0.0941407254339938,0.128174606953425,0.23048574938341,0.19045261062916,0.142572824316989,London,105014,51.35830475,-0.131380592674323
0.34650000000000003,0.0545,0.32,0.08883333333333333,,0.0685,0.12216666666666667,0.439869209809264,0.149798365122616,0.0947138964577656,0.0010899182561307,0.0,0.314528610354223,0.16882393420061,0.0914572205655863,0.109567344977116,0.170200216272897,0.207960590272089,0.251990693711702,Eastern,91553,51.54450755,0.584008406730769
0.34650000000000003,0.0545,0.32,0.08883333333333333,,0.0685,0.12216666666666667,0.524907856450048,0.0703200775945683,0.350436469447139,0.0543355965082444,0.0,0.0,0.165271247933707,0.0784654687533543,0.0939438826989545,0.168341169146218,0.230265558918872,0.263712672548893,South West,93160,50.7549392,-3.3564018
0.34650000000000003,0.0545,0.32,0.08883333333333333,,0.0685,0.12216666666666667,0.519048625792812,0.166701902748414,0.259133192389006,0.0463002114164904,0.0,0.0088160676532769,0.174981946391402,0.0910751454908457,0.10827917250754,0.176012064058451,0.21543264942016,0.2342190221316,Eastern,94164,51.45455195,-2.58441522958552
0.34650000000000003,0.0545,0.32,0.08883333333333333,,0.0685,0.12216666666666667,0.18991400968157,0.11769031230213,0.424763577687453,0.0252660389305337,0.242366061398313,0.0,0.144999520363245,0.130780955223244,0.0976647019324031,0.142974387397278,0.218160113407446,0.265420321676384,Wales,93821,52.1249769,-4.58522704943443
0.34650000000000003,0.0545,0.32,0.08883333333333333,,0.0685,0.12216666666666667,0.470196148839715,0.321603303559406,0.138157008842408,0.0265047802863683,0.0,0.0435387584721037,0.212231711003627,0.0963195284159613,0.14010542623942,0.201415129987908,0.191278718258767,0.158649486094317,South East,105854,51.3203555,0.5054466
0.34650000000000003,0.0545,0.32,0.08883333333333333,,0.0685,0.12216666666666667,0.408382845825716,0.0936928702010968,0.470692413162706,0.0272318708104814,0.0,0.0,0.190136050859351,0.0804155887682108,0.102179536861509,0.200159197310403,0.202337686821186,0.22477193937934,North West,95479,52.9884392,-1.9937596
0.34650000000000003,0.0545,0.32,0.08883333333333333,,0.0685,0.12216666666666667,0.465796334487723,0.110490680571228,0.371376318144675,0.0282112144441417,0.0,0.0241254523522316,0.189694895018142,0.0960740236360753,0.147263755841394,0.214748761764404,0.182624593084536,0.169593970655449,Eastern,107209,51.7345329,0.4730532
0.34650000000000003,0.0545,0.32,0.08883333333333333,,0.0685,0.12216666666666667,0.570877823742176,0.233783110610556,0.164930367546728,0.0122154599207294,0.0,0.0181932381798098,0.147866465863454,0.126129518072289,0.221360441767068,0.210416666666667,0.170055220883534,0.124171686746988,London,119520,51.47536985,-0.181046742926716
0.34650000000000003,0.0545,0.32,0.08883333333333333,,0.0685,0.12216666666666667,0.411850501367366,0.0511901144535602,0.505054188190013,0.0225665957662311,0.0,0.0093386002228299,0.170236336779911,0.115683260808815,0.139666254141882,0.195446924028903,0.190476665735159,0.18849055850533,South West,100196,51.8995685,-2.0711559
0.34650000000000003,0.0545,0.32,0.08883333333333333,,0.0685,0.12216666666666667,0.603434543582571,0.0709637313751772,0.28173747498883,0.0421547487227305,0.0,0.0017095013306913,0.200520885909834,0.0845127294017887,0.0904282166723869,0.202539823544851,0.210898225353819,0.21110011911732,South East,99061,51.6839371,-0.611320478287867
0.34650000000000003,0.0545,0.32,0.08883333333333333,,0.0685,0.12216666666666667,0.396705903823341,0.375467652158044,0.183502144356237,0.0287434984943881,0.0,0.0155808011679897,0.151541850220264,0.124632450506873,0.133135183907436,0.179831219149727,0.194979035083064,0.215880261132636,Wales,94205,53.1908873,-2.8908955
0.34650000000000003,0.0545,0.32,0.08883333333333333,,0.0685,0.12216666666666667,0.472470066108825,0.274860154408025,0.208381489528917,0.035481484905922,0.0,0.0088068050483102,0.170927692225715,0.0846059572654126,0.0926519955240581,0.180209942985027,0.229242819843342,0.242361592156445,Wales,93835,53.1908873,-2.8908955
0.34650000000000003,0.0545,0.32,0.08883333333333333,,0.0685,0.12216666666666667,0.15946417913747,0.395477353610822,0.383341806848073,0.03165410376003,0.0,0.0300625566436039,0.168702609367124,0.0873435505839705,0.125374030737551,0.183374266685257,0.216975364914576,0.218230177711522,East Midlands,93241,53.2352134,-1.4264097
0.34650000000000003,0.0545,0.32,0.08883333333333333,,0.0685,0.12216666666666667,0.547911839838413,0.109586328442147,0.268421156854591,0.0677241133487791,0.0,0.0063565615160696,0.153803314577612,0.0995525512261632,0.112380696330152,0.162301000518503,0.204386150212202,0.267576287135368,South East,104146,50.8364862,-0.7791721
0.34650000000000003,0.0545,0.32,0.08883333333333333,,0.0685,0.12216666666666667,0.524434613635424,0.248397899698185,0.1640343986439,0.0254475544714102,0.0,0.0376855335510811,0.198585649295077,0.0958965812350795,0.132039097337958,0.221908923021485,0.19571190486915,0.15585784424125,Wales,111005,51.61820325,0.00226325
0.34650000000000003,0.0545,0.32,0.08883333333333333,,0.0685,0.12216666666666667,0.466226228698444,0.0688029966246809,0.415246562937351,0.0369226969622128,0.0,0.0128015147773112,0.176621334640203,0.102691333823409,0.125265457812628,0.185677530017153,0.213591440006534,0.196152903700073,South West,97944,51.4587621,-2.1159032
0.34650000000000003,0.0545,0.32,0.08883333333333333,,0.0685,0.12216666666666667,0.49095017708537,0.274927753514547,0.197444755882928,0.028203289659518,0.0,0.0084740238576363,0.201255967617647,0.0918326675583033,0.123160999459704,0.219094605007927,0.194621836830498,0.170033923525921,London,112899,51.65309,-0.2002261
0.34650000000000003,0.0545,0.32,0.08883333333333333,,0.0685,0.12216666666666667,0.38016598030813,0.432259548048582,0.139766289692079,0.0405961912327278,0.0,0.0072119907184815,0.186911072578648,0.0850532573693336,0.123784988853109,0.196759970274957,0.209095863264801,0.198394847659153,North West,100925,53.6531915,-2.6294313
0.34650000000000003,0.0545,0.32,0.08883333333333333,,0.0685,0.12216666666666667,0.563581306147169,0.0974058746340971,0.254466538810942,0.084485717169678,0.0,6.05632381144645e-05,0.140801889470517,0.0724561981218844,0.0821306505274393,0.148171278685546,0.210498824758422,0.345941158436191,South West,88068,50.76509225,-1.81452413842956
0.34650000000000003,0.0545,0.32,0.08883333333333333,,0.0685,0.12216666666666667,0.507986249152265,0.26437641776385,0.197563200112252,0.0165571431912256,0.0,0.0135169897804073,0.113417957843325,0.144439536259908,0.219076353756011,0.210191613672165,0.180120185696068,0.132754352772522,London,119981,50.8832295,0.6209696
0.34650000000000003,0.0545,0.32,0.08883333333333333,,0.0685,0.12216666666666667,0.142921127842,0.440152710830525,0.357782706991426,0.0200273002602056,0.0,0.0391161540758435,0.144853547342597,0.203593528073817,0.108640160506948,0.164936780524627,0.18493062246104,0.19304536109097,North East,100681,54.76470845,-1.57630517092966
0.34650000000000003,0.0545,0.32,0.08883333333333333,,0.0685,0.12216666666666667,0.532349504479162,0.249621326870645,0.139524819318821,0.0041113082615657,0.0,0.0743930410698056,0.150475104135901,0.0796117691391092,0.0947764006151401,0.137795476071658,0.217122080884824,0.320219169153367,Eastern,98190,51.81876975,1.16813027577237
0.34650000000000003,0.0545,0.32,0.08883333333333333,,0.0685,0.12216666666666667,0.200422484414447,0.465866350662064,0.318048328095213,0.0,0.0,0.0156628368282755,0.138653941402827,0.128538499638054,0.304825313369147,0.202099287537623,0.150340991351393,0.0755419667009563,Wales,104988,51.4622924,-0.1388561
0.34650000000000003,0.0545,0.32,0.08883333333333333,,0.0685,0.12216666666666667,0.353745238240746,0.390067021124896,0.148587259874921,0.0178655095846319,0.067122980708509,0.0226119904662959,0.164561571434517,0.0868533854925298,0.0999521411627616,0.162782471180657,0.229940904740106,0.255909525989429,Wales,96116,52.4140074,-4.07879700657863
0.34650000000000003,0.0545,0.32,0.08883333333333333,,0.0685,0.12216666666666667,0.38603359766694,0.32844615784112,0.139983620637996,0.0188762159678804,0.109502027445419,0.0171583804406447,0.177700871200376,0.0884503435790231,0.109525190793883,0.162327335287116,0.210468407733779,0.251527851405823,Wales,99977,53.3352895,-3.40576670769421
0.34650000000000003,0.0545,0.32,0.08883333333333333,,0.0685,0.12216666666666667,0.335053875978212,0.125663043219714,0.485288171071097,0.0298993839347303,0.0,0.0240955257962465,0.201382024928931,0.124539689481741,0.155783949267439,0.20874699322108,0.166262847146293,0.143284495954516,Eastern,114325,51.8896903,0.8994651
0.34650000000000003,0.0545,0.32,0.08883333333333333,,0.0685,0.12216666666666667,0.375546435899723,0.268043536443929,0.286666964046748,0.0213667588544919,0.0,0.0483763047551075,0.182278344975819,0.0859430413756045,0.115529285330468,0.191585169263837,0.221225147770016,0.203439011284256,Yorkshire & the Humber,93050,51.5715504,0.2644778
0.34650000000000003,0.0545,0.32,0.08883333333333333,,0.0685,0.12216666666666667,0.458023621688175,0.172374481280496,0.318527976651922,0.0422727894568835,0.0,0.0088011309225226,0.172122574327933,0.0764976855972939,0.111069076019227,0.180579045753961,0.215517625066762,0.244213993234823,North West,89872,53.1635322,-2.2108035
0.34650000000000003,0.0545,0.32,0.08883333333333333,,0.0685,0.12216666666666667,0.421975141798227,0.387042611135,0.14443966664619,0.0,0.0,0.0465425804205827,0.200089199180054,0.0920466923400204,0.133901692211368,0.198862710454315,0.202610791385418,0.172488914428825,Wales,116591,52.4877341,-0.7032713
0.34650000000000003,0.0545,0.32,0.08883333333333333,,0.0685,0.12216666666666667,0.241247537442738,0.481332035793121,0.168996700766656,0.0313071135268567,0.0,0.0771166124706273,0.229130383321215,0.110211190206456,0.148585583605282,0.205914678480242,0.169831419827193,0.136326744559612,Wales,118282,52.4334327,-1.39838873485581
0.34650000000000003,0.0545,0.32,0.08883333333333333,,0.0685,0.12216666666666667,0.296289863882074,0.432798558495973,0.181143216898595,0.0281136704079195,0.0,0.0616546903154375,0.194200818335182,0.114324593861554,0.146992758013254,0.196810543288813,0.180126944478102,0.167544342023096,West Midlands,107290,52.40531375,-1.47647338279221
0.34650000000000003,0.0545,0.32,0.08883333333333333,,0.0685,0.12216666666666667,0.317974727069543,0.436280409180779,0.179811742456804,0.0373506404194962,0.0,0.0285824808733774,0.171295677733983,0.231745607589017,0.139321263945487,0.172281047498163,0.149976618344579,0.13537978488877,West Midlands,119752,52.38884215,-1.48949082326318
0.34650000000000003,0.0545,0.32,0.08883333333333333,,0.0685,0.12216666666666667,0.201995297125768,0.464899664406548,0.241558797342648,0.0334908567906307,0.0,0.0580553843344063,0.174290833393747,0.0841471876715308,0.126308812411322,0.194102965087979,0.205712687842414,0.215437513593007,Wales,96557,55.0855893,-1.59069
0.34650000000000003,0.0545,0.32,0.08883333333333333,,0.0685,0.12216666666666667,0.453332196307509,0.32695177589221,0.145908838954505,0.0294631816825139,0.0,0.0443440071632626,0.210341539162651,0.0985459056653135,0.157114766273113,0.224443638020811,0.176601149434988,0.132953001443123,South East,118493,51.1103444,-0.1801094
0.34650000000000003,0.0545,0.32,0.08883333333333333,,0.0685,0.12216666666666667,0.459039807390178,0.338903511456612,0.15059884515721,0.0278100834506539,0.0,0.0236477525453469,0.18145455873758,0.0912843366452367,0.142661455289304,0.196056765049679,0.199709599649328,0.188833284628872,North West,109504,53.0996153,-2.4414627
0.34650000000000003,0.0545,0.32,0.08883333333333333,,0.0685,0.12216666666666667,0.412068533982571,0.325286127101868,0.143552754328881,0.0228674145031741,0.0,0.0962251700835058,0.204831999708696,0.105333588224049,0.137540850788796,0.204476973354817,0.197576717553777,0.150239870369865,Wales,109851,51.3758448,-0.0927317
0.34650000000000003,0.0545,0.32,0.08883333333333333,,0.0685,0.12216666666666667,0.510344976375914,0.213069836680978,0.225798796142478,0.0435589307674052,0.0,0.0072274600332247,0.197589025911043,0.0852352580217344,0.133454739800867,0.219511470931729,0.188691383439894,0.175518121894733,London,101039,51.3629173,-0.0933556
0.34650000000000003,0.0545,0.32,0.08883333333333333,,0.0685,0.12216666666666667,0.314384610264261,0.475581885553263,0.156271494819055,0.0226097761210588,0.0,0.0311522332423617,0.217774258589585,0.108332040847979,0.178069108511628,0.228786233806519,0.173914108225921,0.0931242500183669,Wales,122503,51.3784565,-0.102629261607142
0.34650000000000003,0.0545,0.32,0.08883333333333333,,0.0685,0.12216666666666667,0.338033528055686,0.410147944224356,0.088251751382081,0.0357886255287719,0.0,0.127778150809105,0.235778223337052,0.10826251457622,0.14413469685657,0.21305190392698,0.172892844858684,0.125879816444493,London,119204,51.56075915,0.15564382375908
0.34650000000000003,0.0545,0.32,0.08883333333333333,,0.0685,0.12216666666666667,0.31051528191548,0.39682224428997,0.232351318547942,0.0283129206664459,0.0,0.031998234580161,0.184203227562687,0.0940738990641917,0.127150766828627,0.187213017082867,0.207644659934873,0.199714429526754,North East,97349,54.5242081,-1.5555812
0.34650000000000003,0.0545,0.32,0.08883333333333333,,0.0685,0.12216666666666667,0.487788957165687,0.275553154613186,0.146982690706102,0.0367794359286019,0.0,0.0528957615864226,0.225971830468298,0.0888360084894479,0.155446936356704,0.226826287887836,0.171167115333376,0.131751821464338,South East,108841,51.4443059,0.21807
0.34650000000000003,0.0545,0.32,0.08883333333333333,,0.0685,0.12216666666666667,0.569296289600032,0.164848630948794,0.196488479077523,0.0449988951164145,0.0,0.0243677052572369,0.17693891688255,0.0853094960192065,0.12006908266196,0.188155360074397,0.221358688947723,0.208168455414164,East Midlands,105381,52.2578681,-1.1626569
0.34650000000000003,0.0545,0.32,0.08883333333333333,,0.0685,0.12216666666666667,0.316836734693878,0.330434782608696,0.280346051464064,0.0183895297249334,0.0,0.0539929015084294,0.181952032236817,0.134826998333915,0.142634352357705,0.191938858537719,0.179617575264443,0.169030183269402,East Midlands,103235,52.9497463,-1.4906424
0.34650000000000003,0.0545,0.32,0.08883333333333333,,0.0685,0.12216666666666667,0.284767407982908,0.433402932893076,0.204671263474798,0.0442119063804991,0.0,0.032946489268719,0.224855715683958,0.120549124168888,0.148460967295555,0.204259340510986,0.16711667622937,0.134758176111242,East Midlands,118517,52.86789915,-1.36915564065248
0.34650000000000003,0.0545,0.32,0.08883333333333333,,0.0685,0.12216666666666667,0.520945891460366,0.210809612128054,0.220204015805177,0.0369123457785662,0.0,0.0111281348278364,0.153723874665562,0.0795710239675805,0.0913365200550773,0.168970882915962,0.244713362961636,0.261684335434181,East Midlands,89331,53.1302876,-1.65617327896854
0.34650000000000003,0.0545,0.32,0.08883333333333333,,0.0685,0.12216666666666667,0.349677687668954,0.363880224578914,0.167747972551466,0.0,0.0,0.118694115200665,0.232245755362408,0.124535065235406,0.140087494459327,0.202981364065601,0.166904353523868,0.133245967353389,Wales,103777,53.7024493,-1.6273877
0.34650000000000003,0.0545,0.32,0.08883333333333333,,0.0685,0.12216666666666667,0.531124207717113,0.141043033470477,0.283709551873679,0.0434782608695652,0.0,0.0006449460691649,0.197678359600068,0.0820199966107439,0.142781826055847,0.207676664972039,0.193780715133028,0.176062437628274,Wales,106218,51.6056908,-1.2467923
0.34650000000000003,0.0545,0.32,0.08883333333333333,,0.0685,0.12216666666666667,0.251431831146606,0.395573302909298,0.207644038790645,0.0347746719908727,0.0,0.110576155162578,0.185469559556614,0.0940456762709899,0.144876356599517,0.196679062218536,0.195867554865923,0.18306179048842,Yorkshire & the Humber,112140,53.52604325,-1.1385744
0.34650000000000003,0.0545,0.32,0.08883333333333333,,0.0685,0.12216666666666667,0.333557498318763,0.371217215870881,0.162911903160726,0.042703429724277,0.0,0.089609952925353,0.174461180439169,0.0881433009169807,0.122025683999274,0.178026623397419,0.219936590625233,0.217406620621924,Wales,93677,53.5227681,-1.1335312
0.34650000000000003,0.0545,0.32,0.08883333333333333,,0.0685,0.12216666666666667,0.211574085508929,0.470990688369106,0.1507644429076,0.0430261565440758,0.0,0.123644626670289,0.189314666225494,0.0957068409297708,0.13056290842915,0.173690958722806,0.212186698651667,0.198537927041112,Yorkshire & the Humber,96712,53.5580363,-1.1837572
0.34650000000000003,0.0545,0.32,0.08883333333333333,,0.0685,0.12216666666666667,0.577933556842426,0.0771715940262115,0.284933455247384,0.0550441938433404,0.0,0.004917200040638,0.177982903067642,0.0822017096932358,0.104372295295146,0.194472276109062,0.218156430535718,0.222814385299196,Wales,93815,51.2325184,-0.3306724
0.34650000000000003,0.0545,0.32,0.08883333333333333,,0.0685,0.12216666666666667,0.440458630794344,0.335221350325486,0.157964088343462,0.0348496469801561,0.0,0.031506283556552,0.17761198373968,0.0867055387928943,0.118779893861632,0.170752767456075,0.212131207978811,0.234018608170908,Wales,103073,51.2209803,1.3959799
0.34650000000000003,0.0545,0.32,0.08883333333333333,,0.0685,0.12216666666666667,0.551670584284755,0.151234049697784,0.236526192075218,0.0605691739422431,0.0,0.0,0.168204504672347,0.0828373356343704,0.115999725444437,0.179784866105135,0.216673367129816,0.236500201013894,Wales,101984,52.26851,-2.1486075
0.34650000000000003,0.0545,0.32,0.08883333333333333,,0.0685,0.12216666666666667,0.379053355903885,0.378020093653132,0.113131224305846,0.0842438498911777,0.0,0.0455514762459603,0.205640888519168,0.0991810016142289,0.139863533279856,0.185527397328104,0.190914762767759,0.178872416490884,Wales,100977,52.5110832,-2.0816813
0.34650000000000003,0.0545,0.32,0.08883333333333333,,0.0685,0.12216666666666667,0.220346369996559,0.488611079252208,0.275192109186833,0.0138777382727377,0.0,0.0019727032916618,0.189353974285954,0.104378110381789,0.199139130353591,0.228718686100036,0.181072072156189,0.0973380267224395,London,107099,51.44592435,-0.0867103990721076
0.34650000000000003,0.0545,0.32,0.08883333333333333,,0.0685,0.12216666666666667,0.527557402510179,0.196322881249213,0.200289636065987,0.0421231582924064,0.0,0.0337069218822146,0.202811579707729,0.0849493434090867,0.146542942342242,0.209340445629827,0.189781630271712,0.166574058639403,Wales,107980,51.8861316,-0.5209341
0.34650000000000003,0.0545,0.32,0.08883333333333333,,0.0685,0.12216666666666667,0.208670827247377,0.20152259549418,0.130128800956048,0.0265347674058336,0.402978798742973,0.0301642101535873,0.167920913642185,0.084039839541062,0.106669206913706,0.160691793943628,0.223689920511436,0.256988325447983,Wales,94479,52.9262284,-4.13143829999999
0.34650000000000003,0.0545,0.32,0.08883333333333333,,0.0685,0.12216666666666667,0.383700942321632,0.326726726726727,0.263125194159677,0.0157605881743812,0.0,0.0106865486175831,0.171461797532207,0.117801640161298,0.197227130623896,0.236902118919245,0.162392581517225,0.11421473124613,London,132426,51.5126553,-0.3051952
0.34650000000000003,0.0545,0.32,0.08883333333333333,,0.0685,0.12216666666666667,0.312086396068203,0.509279817205923,0.133193938479446,0.0145071242266818,0.0,0.0309327240197452,0.208358120166567,0.108652431196969,0.145715269732928,0.230267071605247,0.182825072795016,0.124182034503272,London,127756,51.5174885,-0.2887523
0.34650000000000003,0.0545,0.32,0.08883333333333333,,0.0685,0.12216666666666667,0.312149416213072,0.499542942618523,0.165704076120829,0.0020359828811235,0.0,0.0205675821664519,0.203191301980753,0.107019903604426,0.149621303101632,0.238683127572016,0.179901042417255,0.121583321323918,Wales,124902,51.52959275,-0.355178079169097
0.34650000000000003,0.0545,0.32,0.08883333333333333,,0.0685,0.12216666666666667,0.493612839829676,0.179932307020417,0.271164974342177,0.0274047385085708,0.0,0.0278851402991592,0.205363477273802,0.123312680319727,0.131012628293052,0.219987702785792,0.177004209431017,0.143319301896609,Wales,105714,51.4400687,-0.9277274
0.34650000000000003,0.0545,0.32,0.08883333333333333,,0.0685,0.12216666666666667,0.149680582380033,0.570618531174169,0.166963799336404,0.0452136879116525,0.0,0.0675233991977417,0.180625912252082,0.0960440456769983,0.12105048510346,0.179906842963853,0.219605907100541,0.202766806903065,North East,93176,54.7850506,-1.3530807
0.34650000000000003,0.0545,0.32,0.08883333333333333,,0.0685,0.12216666666666667,0.521505953019414,0.0768422181701169,0.347999570953556,0.0436983803496728,0.0,0.0099538775072401,0.180392854154464,0.0830788218559116,0.10052506066438,0.187954982846624,0.222920676094051,0.22512760438457,Wales,95607,50.90894935,-1.40282796619078
0.34650000000000003,0.0545,0.32,0.08883333333333333,,0.0685,0.12216666666666667,0.153550863723608,0.712476007677543,0.11746641074856,0.0,0.0,0.0165067178502879,0.244163773037738,0.131193955813332,0.163849353226237,0.236845117716641,0.145915213492578,0.0780325867134735,London,131034,51.5329628,0.0553201
0.34650000000000003,0.0545,0.32,0.08883333333333333,,0.0685,0.12216666666666667,0.567008957832641,0.0753768844221105,0.309220013109023,0.0291238802709198,0.0,0.0192702643653047,0.169686096680461,0.084419300871709,0.0957118957471163,0.178128026767632,0.228735581579642,0.243319098353438,South East,90856,51.07788895,-0.943907586453713
0.34650000000000003,0.0545,0.32,0.08883333333333333,,0.0685,0.12216666666666667,0.565121648779236,0.0929790054303673,0.259674177962116,0.0661051011245563,0.0,0.0161200667037242,0.197761306912721,0.0873796198255432,0.106539605707659,0.199062169112086,0.20913628800484,0.20012101043715,South East,99165,51.4805123,-0.1538335
0.34650000000000003,0.0545,0.32,0.08883333333333333,,0.0685,0.12216666666666667,0.488322142052801,0.296137965550319,0.158693748175335,0.0568461442215456,0.0,0.0,0.186982507566096,0.0915069379675276,0.119534804042865,0.180929630546091,0.201229609608466,0.219816510268953,Wales,105074,51.34604635,1.40742551002479
0.34650000000000003,0.0545,0.32,0.08883333333333333,,0.0685,0.12216666666666667,0.53047363717605,0.129915102770331,0.281456657730116,0.0421134941912421,0.0,0.0160411081322609,0.197645570370956,0.0989117434838046,0.130936730881379,0.186249023929782,0.196647260578624,0.189609670755454,Wales,101169,51.3524914,-1.99633064
0.34650000000000003,0.0545,0.32,0.08883333333333333,,0.0685,0.12216666666666667,0.496245055107783,0.171077404751327,0.261323009879207,0.0631253834274713,0.0,0.0082291468342112,0.17925399502128,0.0853408817152493,0.107203083594315,0.19884766722878,0.207439974303381,0.221914398136995,South East,99623,50.90894935,-1.40282796619078
0.34650000000000003,0.0545,0.32,0.08883333333333333,,0.0685,0.12216666666666667,0.407173039266206,0.0479027105019066,0.473070184479027,0.0250231887045243,0.0,0.0468308770483355,0.168261429681277,0.0932665925831227,0.115462153470945,0.177623491695104,0.200330425718135,0.245055906851417,South East,101689,50.7664372,0.2781546
0.34650000000000003,0.0545,0.32,0.08883333333333333,,0.0685,0.12216666666666667,0.424160809301714,0.0831855306663163,0.4528016816659,0.0313560620990168,0.0,0.008495916267052,0.189441392137161,0.0864848109113453,0.12639758855848,0.200194540051735,0.199179083737734,0.198302584603544,South East,93554,50.9202337,-1.29926561951309
0.34650000000000003,0.0545,0.32,0.08883333333333333,,0.0685,0.12216666666666667,0.357941785195297,0.483156457792065,0.11598925536131,0.0219516491258972,0.0,0.0209608525254304,0.222569198012775,0.114565097389796,0.132229319454302,0.207176090213705,0.187138238309282,0.13632205662014,Wales,126808,51.6267968,-0.0769118
0.34650000000000003,0.0545,0.32,0.08883333333333333,,0.0685,0.12216666666666667,0.364675107251229,0.433001988071571,0.155885738202365,0.0349482055038191,0.0,0.011488960971016,0.186697917870994,0.0919563183839063,0.139295586643263,0.186288008576564,0.206951641213752,0.188810527311521,Wales,95143,52.9074234,-2.8938664
0.34650000000000003,0.0545,0.32,0.08883333333333333,,0.0685,0.12216666666666667,0.420944901624963,0.355048247629391,0.15182338443544,0.026651071473328,0.0,0.045532394836877,0.205506248867959,0.0980981706212642,0.134486506067741,0.223745698243072,0.184223872486868,0.153939503713095,Wales,110420,51.4505687,0.0541253
0.34650000000000003,0.0545,0.32,0.08883333333333333,,0.0685,0.12216666666666667,0.490688881250379,0.0949511697029743,0.35034474391896,0.0404391693794609,0.0,0.0235760357482257,0.184774673126701,0.0799192179692611,0.120044752486513,0.206600991760612,0.203386777157269,0.205273587499644,Wales,105469,52.3990199,0.262039
0.34650000000000003,0.0545,0.32,0.08883333333333333,,0.0685,0.12216666666666667,0.413657817696612,0.407185390237588,0.121243502678589,0.0216876107780853,0.0,0.0362256786091251,0.236716492902902,0.112572227107147,0.132238412259766,0.215409496294435,0.180245886195202,0.122817485240548,London,127376,51.58646195,-0.0724400066499359
0.34650000000000003,0.0545,0.32,0.08883333333333333,,0.0685,0.12216666666666667,0.547588459444747,0.144605334784976,0.218116494284159,0.0403266194882961,0.0,0.0493630919978225,0.189732295128298,0.0920838490249773,0.126026916667479,0.207897634802608,0.199935680664243,0.184323623712395,Wales,102613,51.6676884,0.0548011292574446
0.34650000000000003,0.0545,0.32,0.08883333333333333,,0.0685,0.12216666666666667,0.564612067363099,0.113033941782222,0.27110673259229,0.0470091824974906,0.0,0.0042380757648983,0.197936175341653,0.0917780785848059,0.1087726455154,0.216210202303028,0.196239500083443,0.18906339817167,South East,107858,51.3363098,-0.267381692674653
0.34650000000000003,0.0545,0.32,0.08883333333333333,,0.0685,0.12216666666666667,0.399189097393224,0.346098327248026,0.177103676657893,0.0181497834762673,0.0,0.0594591152245903,0.174454403127003,0.0929064525958537,0.136323039581385,0.186958212060396,0.211955322524719,0.197402570110643,East Midlands,95173,52.93800485,-1.35131723923961
0.34650000000000003,0.0545,0.32,0.08883333333333333,,0.0685,0.12216666666666667,0.321123016861866,0.450556524628291,0.129620400365479,0.0238184234570977,0.0,0.0748816346872663,0.232520060161963,0.107454304321733,0.152197912113152,0.226459409197668,0.179848705999155,0.101519608206329,London,134969,51.47253155,0.162351392919021
0.34650000000000003,0.0545,0.32,0.08883333333333333,,0.0685,0.12216666666666667,0.587916761758543,0.10850847527957,0.24662337392892,0.0345857797879624,0.0,0.022365609245005,0.219012921402895,0.0770815117069853,0.0997085397843194,0.231895462935976,0.198824443796755,0.173477120373069,South East,102929,51.38712105,-0.374287723331783
0.34650000000000003,0.0545,0.32,0.08883333333333333,,0.0685,0.12216666666666667,0.335923398635263,0.385362095531587,0.206515518379925,0.0378604446401056,0.0,0.034338542813119,0.135590387035872,0.239576777847703,0.137370201384519,0.169829688483323,0.159190135305223,0.158442809943361,South West,101694,50.7255794,-3.5269497
0.34650000000000003,0.0545,0.32,0.08883333333333333,,0.0685,0.12216666666666667,0.470370927210636,0.146545243669323,0.302218690263966,0.0761399514594385,0.0,0.0047251873966365,0.175482837986591,0.0862703892724907,0.119903932752927,0.182317622335635,0.195506854798359,0.240518362853998,Wales,99930,50.6977053,-3.3057308
0.34650000000000003,0.0545,0.32,0.08883333333333333,,0.0685,0.12216666666666667,0.561594272259127,0.107854585829967,0.279667668510826,0.036008959166874,0.0,0.0148745142332063,0.162900140675445,0.0837373113785181,0.116790980578692,0.173577305711018,0.21550668461375,0.247487577042577,Wales,98809,50.8526637,-1.1783134
0.34650000000000003,0.0545,0.32,0.08883333333333333,,0.0685,0.12216666666666667,0.584771790685017,0.0669271440789985,0.305302853588368,0.027155742166239,0.0,0.0158424694813778,0.189388797956006,0.0929378418300131,0.100572877160765,0.19611561339774,0.21133578186754,0.209649087787936,Wales,100196,51.2151749,-0.7984854
0.34650000000000003,0.0545,0.32,0.08883333333333333,,0.0685,0.12216666666666667,0.566627438555198,0.17571176390712,0.196781786086091,0.0389716199701262,0.0,0.0219073914814647,0.194284906784023,0.0859282736623229,0.117764027818433,0.187633111606827,0.207618778451817,0.206770901676575,South East,99072,51.3158434,0.8911283
0.34650000000000003,0.0545,0.32,0.08883333333333333,,0.0685,0.12216666666666667,0.34404984986341,0.441085498837288,0.139119048156594,0.0206578917661933,0.0,0.0550877113765154,0.216164862977177,0.108521775701636,0.153635291732068,0.239408800402544,0.168888421590201,0.113380847596374,London,133153,51.4442232,-0.410659
0.34650000000000003,0.0545,0.32,0.08883333333333333,,0.0685,0.12216666666666667,0.409532055412371,0.276155766752577,0.248187822164948,0.0316929768041237,0.0,0.0344313788659793,0.190859038019023,0.137114429714648,0.152607111914366,0.205410793638964,0.171528120662189,0.14248050605081,South West,107341,51.5117457,-2.5720005
0.34650000000000003,0.0545,0.32,0.08883333333333333,,0.0685,0.12216666666666667,0.467318081053742,0.341820373200181,0.17321309429008,0.0176269289542216,0.0,2.15225017756064e-05,0.206410998438082,0.0930966406875609,0.151125452916505,0.228095491052669,0.169511682669056,0.151759734236127,London,126127,51.5973246,-0.1805587
0.34650000000000003,0.0545,0.32,0.08883333333333333,,0.0685,0.12216666666666667,0.500553097345133,0.109633512889573,0.306488072335514,0.0467487495190457,0.0,0.0365765679107349,0.164548691646794,0.0858079339670924,0.112345235372905,0.170091361493145,0.2166105866083,0.250596190911764,South East,91833,51.05774845,1.00607206984296
0.34650000000000003,0.0545,0.32,0.08883333333333333,,0.0685,0.12216666666666667,0.477696488294314,0.246425585284281,0.223160535117057,0.0527173913043478,0.0,0.0,0.160550458715596,0.0935998252512014,0.104674530362604,0.161959370904325,0.226878549584972,0.252337265181302,South West,91560,51.80017015,-2.53075276336614
0.34650000000000003,0.0545,0.32,0.08883333333333333,,0.0685,0.12216666666666667,0.433793131676968,0.153759567762269,0.376407023863125,0.0329294748475297,0.0,0.0031108018501084,0.184837106331257,0.0894016018058298,0.110541966010462,0.180279122262496,0.21763288694029,0.217307316649665,Wales,92146,51.291291,-2.4992598
0.34650000000000003,0.0545,0.32,0.08883333333333333,,0.0685,0.12216666666666667,0.529322484084489,0.20249588937139,0.22252202875332,0.0456595977908006,0.0,0.0,0.149040259254643,0.0751693049150359,0.0997133241929452,0.164121899538826,0.232550168266234,0.279405043832315,North West,96276,53.79336215,-2.89426008005
0.34650000000000003,0.0545,0.32,0.08883333333333333,,0.0685,0.12216666666666667,0.492720370447624,0.156355596345584,0.278315464519628,0.0419256601727086,0.0,0.0306829085144549,0.168528580286486,0.0809958698096749,0.103885321534791,0.166741983962671,0.227780521896314,0.252067722510063,East Midlands,95153,53.3995376,-0.7758801
0.34650000000000003,0.0545,0.32,0.08883333333333333,,0.0685,0.12216666666666667,0.153399416909621,0.53203498542274,0.238413994169096,0.0205481049562682,0.0,0.055603498542274,0.176974892835273,0.101561543172076,0.143508879363135,0.191324760155134,0.199418248622168,0.187211675852215,Wales,97980,54.9625789,-1.6019294
0.34650000000000003,0.0545,0.32,0.08883333333333333,,0.0685,0.12216666666666667,0.373893848528061,0.40995487488035,0.152292395147584,0.0302787599382703,0.0,0.0335801215057334,0.178569661954274,0.0847439182437846,0.126383791216945,0.191905501528477,0.209178777416132,0.209218349640387,East Midlands,101081,53.02605385,-1.1071169188526
0.34650000000000003,0.0545,0.32,0.08883333333333333,,0.0685,0.12216666666666667,0.465733362050398,0.278785268145595,0.182726685332759,0.0326297652379926,0.0,0.0401249192332543,0.197814549470742,0.106858365994546,0.131938267864299,0.192331375289553,0.192526853869987,0.178530587510874,South East,102313,51.3647379,0.6045482
0.34650000000000003,0.0545,0.32,0.08883333333333333,,0.0685,0.12216666666666667,0.430886675375572,0.0521309601567602,0.475791966035271,0.0325359242325277,0.0,0.0086544741998693,0.163179870821825,0.0900332731661701,0.100841615379597,0.157917056303416,0.224604745231933,0.263423439097058,Wales,91963,51.14804,-2.716577
0.34650000000000003,0.0545,0.32,0.08883333333333333,,0.0685,0.12216666666666667,0.403318979098834,0.355151769772083,0.194349333053251,0.035962608969646,0.0,0.0112173091061863,0.195000644246875,0.112579993987029,0.144972726882275,0.195782330455697,0.191298372202895,0.160365932225229,South West,116417,51.8653705,-2.2458192
0.34650000000000003,0.0545,0.32,0.08883333333333333,,0.0685,0.12216666666666667,0.574036140913055,0.0670290222483623,0.317865617457967,0.0333015596162816,0.0,0.0077676597643336,0.188080431177446,0.0839759535655058,0.100829187396352,0.199917081260365,0.209660033167496,0.217537313432836,Wales,96480,51.1857892,-0.6149074
0.34650000000000003,0.0545,0.32,0.08883333333333333,,0.0685,0.12216666666666667,0.485415051893302,0.220485093672609,0.220371665689926,0.0206627975121462,0.0,0.0530653912320169,0.169409898845328,0.0825967545403554,0.110515830802855,0.18426396920875,0.22283039668878,0.230383149913931,Wales,103404,53.7035625,-0.8715949
0.34650000000000003,0.0545,0.32,0.08883333333333333,,0.0685,0.12216666666666667,0.160908891435258,0.498305580612917,0.297827729965624,0.0215520393982982,0.0,0.0214057585879025,0.238096913509662,0.112183236724749,0.14274907862678,0.210143461548611,0.17089604095383,0.125931268636368,Wales,113690,53.4689321,-2.1677485
0.34650000000000003,0.0545,0.32,0.08883333333333333,,0.0685,0.12216666666666667,0.524090928697753,0.171332441875512,0.213238148643402,0.0322650217832032,0.0,0.0590734590001294,0.173480835151137,0.0932377687753194,0.116588760776981,0.174581905058689,0.211717045808663,0.230393684429209,South East,96270,50.7952074,-1.1210853
0.34650000000000003,0.0545,0.32,0.08883333333333333,,0.0685,0.12216666666666667,0.29425637897733,0.377350818338924,0.223726745959134,0.0167530751245298,0.0604655891023686,0.0274473924977127,0.168380703066567,0.0927345632843015,0.102998005484916,0.176815839773955,0.212966425662761,0.246104462727499,Wales,96264,51.5251128,-0.1354765
0.34650000000000003,0.0545,0.32,0.08883333333333333,,0.0685,0.12216666666666667,0.506270528515975,0.177110438083863,0.211704986563153,0.0319071791153009,0.0,0.0730068677217079,0.178480026705241,0.0835550340390665,0.111120102774715,0.178743032865654,0.217627482120639,0.230474321494684,Wales,98855,52.913192,-0.6438974
0.34650000000000003,0.0545,0.32,0.08883333333333333,,0.0685,0.12216666666666667,0.492322209831003,0.29261388007206,0.134961825512567,0.0485759629407223,0.0,0.0315261216436475,0.209034527272897,0.0969495140363514,0.132346750731986,0.199156228660162,0.190260147239034,0.172252832059569,South East,106900,51.39723695,0.396172587146342
0.34650000000000003,0.0545,0.32,0.08883333333333333,,0.0685,0.12216666666666667,0.346207801611005,0.326545388722961,0.209385464747941,0.065164268259571,0.0,0.0526970766585211,0.197713924027068,0.0972606182457904,0.135703182448596,0.175374419405583,0.205346588106075,0.188601267766887,Wales,107435,53.5645868,-0.0817374
0.34650000000000003,0.0545,0.32,0.08883333333333333,,0.0685,0.12216666666666667,0.435519804882625,0.335240730752093,0.145118547876457,0.0484510213175113,0.0,0.0356698951713139,0.17071679197995,0.0912280701754386,0.11722305764411,0.169273182957393,0.211588972431078,0.23996992481203,Eastern,99745,52.6071742,1.7314845
0.34650000000000003,0.0545,0.32,0.08883333333333333,,0.0685,0.12216666666666667,0.251886846805324,0.504868352825949,0.186812237137754,0.0,0.0,0.056432563230973,0.188157166574433,0.109224809501511,0.232046315610234,0.247618236771529,0.141552083776766,0.0814013877655272,London,117455,51.4859955,0.0131852
0.34650000000000003,0.0545,0.32,0.08883333333333333,,0.0685,0.12216666666666667,0.543290503333011,0.0546613853733938,0.373123369722732,0.0248864843976427,0.0,0.0040382571732199,0.166686325391209,0.176663128096249,0.121097743178423,0.19057167570968,0.181518833058111,0.163462294566328,South East,101736,51.2356068,-0.5732063
0.34650000000000003,0.0545,0.32,0.08883333333333333,,0.0685,0.12216666666666667,0.150971871666103,0.576305586635789,0.248002914313965,0.0017954255679009,0.0,0.022924201816242,0.225281246774693,0.114812330133829,0.20906010252176,0.218460797467919,0.148647951284962,0.0837375718168369,London,116268,51.5432402,-0.0493621
0.34650000000000003,0.0545,0.32,0.08883333333333333,,0.0685,0.12216666666666667,0.141304347826087,0.57740203972088,0.233709071390231,0.0143048845947396,0.0,0.0332796564680622,0.160070008973231,0.118180122071484,0.273941203123751,0.223797720266176,0.148760183729133,0.0752507618362252,London,112557,51.5432402,-0.0493621
0.34650000000000003,0.0545,0.32,0.08883333333333333,,0.0685,0.12216666666666667,0.417543403905269,0.351798934926614,0.153353249339741,0.0582759665757457,0.0,0.0190284452526302,0.19313467810887,0.0953903965715612,0.132577556815183,0.186537466882,0.193398566557945,0.198961335064442,Wales,94737,52.4492074,-2.0514646
0.34650000000000003,0.0545,0.32,0.08883333333333333,,0.0685,0.12216666666666667,0.342287656719053,0.369901112484549,0.193868091117782,0.015318735652481,0.0,0.0786244040261345,0.209185380725758,0.0995687091017251,0.132659131469363,0.19274241522903,0.194145969660916,0.171698393813206,Yorkshire & the Humber,107584,53.7229229,-1.8604874
0.34650000000000003,0.0545,0.32,0.08883333333333333,,0.0685,0.12216666666666667,0.48628652858844,0.117203818298944,0.347180197942491,0.0383196361293848,0.0,0.0110098190407402,0.188776008596268,0.0856696297743479,0.120953404317671,0.195594412425515,0.213080003907395,0.195926540978802,Wales,102370,50.9328589,-1.2547935
0.34650000000000003,0.0545,0.32,0.08883333333333333,,0.0685,0.12216666666666667,0.371810800017749,0.413830589696943,0.18531747792519,0.013133957492124,0.0,0.0159071748679948,0.161927540845385,0.110848224656073,0.205014152850788,0.228957851175676,0.174712426116957,0.11853980435512,Wales,116231,51.4960068,-0.2482125
0.34650000000000003,0.0545,0.32,0.08883333333333333,,0.0685,0.12216666666666667,0.291216582558285,0.360303624306627,0.329628393877466,0.0075071943946281,0.0,0.0113442048629937,0.165982203969884,0.09757871321013,0.201351813826146,0.234616700889801,0.169310403832991,0.131160164271047,Wales,116880,51.5702227,-0.148444684547609
0.34650000000000003,0.0545,0.32,0.08883333333333333,,0.0685,0.12216666666666667,0.489573924995091,0.127115648929904,0.310956214411938,0.0266836834871392,0.0,0.0456705281759277,0.179542047964658,0.100021694540865,0.113235642158409,0.187914168507416,0.201611312716945,0.217675134111707,Wales,101408,52.6015963,-1.0845088
0.34650000000000003,0.0545,0.32,0.08883333333333333,,0.0685,0.12216666666666667,0.456270363508593,0.320918247833216,0.145701569454205,0.0365851061564343,0.0,0.0405247130475521,0.208432325413967,0.0943394528437725,0.14386249100072,0.204742620590353,0.189758819294456,0.158864290856731,Eastern,111120,51.7676194,0.0974893
0.34650000000000003,0.0545,0.32,0.08883333333333333,,0.0685,0.12216666666666667,0.545030705087391,0.13417815112243,0.270862001684159,0.0282815420320811,0.0,0.0216476000739386,0.212474117362651,0.0783363639230195,0.0842854289948602,0.213325485332296,0.21265279952912,0.198925804858053,Wales,95141,51.8145103,-0.3549311
0.34650000000000003,0.0545,0.32,0.08883333333333333,,0.0685,0.12216666666666667,0.458071176734129,0.0659173695385394,0.435124763815572,0.0200635019576523,0.0,0.0208231879541071,0.167855942756617,0.0899665948488861,0.109989919155581,0.191071534462651,0.218606076179558,0.222509932596707,Yorkshire & the Humber,101182,53.9921491,-1.5391039
0.34650000000000003,0.0545,0.32,0.08883333333333333,,0.0685,0.12216666666666667,0.438069049801405,0.39232101028618,0.148670944087993,0.0175985334555453,0.0,0.0033404623688766,0.18660242593297,0.106453657918093,0.151041798740543,0.211563332065424,0.177279066818816,0.167059718524154,London,118307,51.2238642,-0.3299108
0.34650000000000003,0.0545,0.32,0.08883333333333333,,0.0685,0.12216666666666667,0.3810093881923,0.436141389956524,0.162077583853149,0.0207716379980257,0.0,0.0,0.204590201748099,0.107225531143679,0.163186120653436,0.233826788259233,0.166621357783654,0.124550000411899,London,121387,51.5795991,-0.3531364
0.34650000000000003,0.0545,0.32,0.08883333333333333,,0.0685,0.12216666666666667,0.281313738821191,0.42537001202866,0.170833115422833,0.0701323152554782,0.0,0.0523508184718372,0.191167233425025,0.0987892308691979,0.123232038813923,0.172680803136303,0.216671359570274,0.197459334185276,North East,92338,54.6857276,-1.2093696
0.34650000000000003,0.0545,0.32,0.08883333333333333,,0.0685,0.12216666666666667,0.466904851447913,0.197066566378338,0.259725878567548,0.0507500731269065,0.0,0.0255526304792946,0.166476392399902,0.107457392155264,0.102799070374297,0.171715730245454,0.210552067193998,0.240999347631085,Eastern,98104,51.9445801,1.2898522
0.34650000000000003,0.0545,0.32,0.08883333333333333,,0.0685,0.12216666666666667,0.412666583114008,0.366629067970088,0.159167815515729,0.0275514893261478,0.0,0.0339850440740276,0.17230983523665,0.0875335107854641,0.118425446253947,0.180676798610912,0.220183748819371,0.220870660293655,South East,104817,50.8553888,0.5824703
0.34650000000000003,0.0545,0.32,0.08883333333333333,,0.0685,0.12216666666666667,0.510967359861513,0.17714051431565,0.233993121199007,0.0594720178575495,0.0,0.0184269867662802,0.176495973896111,0.087911162570391,0.1146571233093,0.168285879690543,0.215851797273828,0.236798063259828,South East,95005,50.8334197,-0.982658943316543
0.34650000000000003,0.0545,0.32,0.08883333333333333,,0.0685,0.12216666666666667,0.296838421338882,0.552791506065407,0.0881080186336872,0.0,0.0,0.0622620539620232,0.229110959922788,0.11315127446482,0.157231460531937,0.233778459883233,0.16451750708036,0.102210338116861,London,126402,51.5029246,-0.4191564
0.34650000000000003,0.0545,0.32,0.08883333333333333,,0.0685,0.12216666666666667,0.32640553667841,0.163348689833441,0.458777177878301,0.0475704071209689,0.0,0.0038981884888786,0.178401270513499,0.0810481736368449,0.114610905240868,0.185897300158814,0.206934886183166,0.233107464266808,North West,94450,53.3774667,-2.1221506
0.34650000000000003,0.0545,0.32,0.08883333333333333,,0.0685,0.12216666666666667,0.504041835076461,0.198654110587941,0.233863910996291,0.0253552231342972,0.0,0.0380849202050085,0.205171395657267,0.0888391949583248,0.147310235336257,0.213380574836155,0.187688167358832,0.157610431853164,Eastern,103296,51.7511784,-0.472528
0.34650000000000003,0.0545,0.32,0.08883333333333333,,0.0685,0.12216666666666667,0.428196593863123,0.425888583853648,0.125045552829134,0.0208692694540948,0.0,0.0,0.207911788978207,0.115459852675979,0.172845921080784,0.229521349757007,0.158167007977504,0.116094079530519,London,130868,51.5897175,-0.2216026
0.34650000000000003,0.0545,0.32,0.08883333333333333,,0.0685,0.12216666666666667,0.575853719629289,0.111797612089839,0.258015362778659,0.034795858729231,0.0,0.0195374467729815,0.178718802171379,0.0815317254486082,0.0991295582691964,0.189313201524585,0.219185417738531,0.232121294847699,Wales,95239,51.5375786,-0.9050287
0.34650000000000003,0.0545,0.32,0.08883333333333333,,0.0685,0.12216666666666667,0.462608913683947,0.0724628596502225,0.41064376606281,0.033953906266324,0.0,0.0203305543366973,0.169161087042143,0.0875603739557637,0.118540245848967,0.176789452954955,0.215915922140917,0.232032918057254,West Midlands,96482,52.0553813,-2.7151735
0.34650000000000003,0.0545,0.32,0.08883333333333333,,0.0685,0.12216666666666667,0.515984257405234,0.225666873806071,0.196045938916891,0.0620957904669842,0.0,0.0002071394048194,0.161254810071608,0.0841421660219571,0.101301875549181,0.165365464443345,0.215541707487047,0.272393976426862,Wales,99009,51.3503509,1.1337922
0.34650000000000003,0.0545,0.32,0.08883333333333333,,0.0685,0.12216666666666667,0.538322387824924,0.137598804514531,0.259546187423807,0.0309882417712061,0.0,0.0335443784655314,0.194893045345746,0.0870112300021759,0.132215063529456,0.214202594158885,0.200049196302709,0.171628870661028,Eastern,105699,51.7957409,-0.078521
0.34650000000000003,0.0545,0.32,0.08883333333333333,,0.0685,0.12216666666666667,0.568518397347816,0.189447970511898,0.173635193788305,0.0369255599904032,0.0,0.0314728783615782,0.198181440495524,0.0939400234165502,0.115930807870982,0.210342939154738,0.197180571817049,0.184424217245156,Eastern,105908,51.68082975,-0.268111310310969
0.34650000000000003,0.0545,0.32,0.08883333333333333,,0.0685,0.12216666666666667,0.40298948945988,0.212517994123563,0.306777622212143,0.0042397113052394,0.0,0.0734751828991737,0.157224780606482,0.0770592579720219,0.0872034929185854,0.168672343383439,0.238823963854375,0.271016161265097,North East,92072,54.971478,-2.1017927
0.34650000000000003,0.0545,0.32,0.08883333333333333,,0.0685,0.12216666666666667,0.261665555661365,0.396986001333206,0.239953337777354,0.0282115988953433,0.0,0.0731835063327302,0.21235898971748,0.0952281122092442,0.134651093141659,0.188220025955875,0.193960267545173,0.175581511430568,Wales,100170,53.5967685,-2.2239715
0.34650000000000003,0.0545,0.32,0.08883333333333333,,0.0685,0.12216666666666667,0.41661438834362,0.321967014064555,0.222462814934736,0.0342001416573914,0.0,0.0047556409996964,0.167958826828544,0.0842488425544081,0.111873577249183,0.1802425961972,0.237471544983669,0.218204612186995,East Midlands,90932,53.3675462,-1.85287464915649
0.34650000000000003,0.0545,0.32,0.08883333333333333,,0.0685,0.12216666666666667,0.427251270152418,0.167320078409409,0.324618954274513,0.020302436292355,0.0,0.0605072608713045,0.172501623640201,0.0835565838610164,0.122686312713103,0.188088569572983,0.214279915570709,0.218886994641987,Wales,98544,52.608409,-1.41719099634814
0.34650000000000003,0.0545,0.32,0.08883333333333333,,0.0685,0.12216666666666667,0.551218801390537,0.145111263764858,0.255230125523012,0.0369699619059514,0.0,0.0114698474156414,0.201489135389758,0.08211518006382,0.124418781340222,0.21971331611204,0.198338651674011,0.173924935420149,Wales,98717,51.9464129,-0.2791646
0.34650000000000003,0.0545,0.32,0.08883333333333333,,0.0685,0.12216666666666667,0.209601689394109,0.47372677644733,0.286972345157594,0.011030485476153,0.0,0.0186687035248129,0.140086776079985,0.203065459347293,0.202150537634409,0.189992454253914,0.15800792303339,0.106696849651009,London,106020,51.5182454,-0.1139421
0.34650000000000003,0.0545,0.32,0.08883333333333333,,0.0685,0.12216666666666667,0.504970004816745,0.0960064807111266,0.332070762359329,0.0669527521127994,0.0,0.0,0.149667284826006,0.0737536816843024,0.0860805061634122,0.152198101887204,0.22059561470492,0.317704810734155,Wales,91670,50.7981119,-3.1924599
0.34650000000000003,0.0545,0.32,0.08883333333333333,,0.0685,0.12216666666666667,0.519783530904333,0.210006739880268,0.140506680410736,0.0538793957895571,0.0,0.0758236530151052,0.196612439657337,0.0955902186752983,0.127103273153445,0.198891276241501,0.191347862079229,0.19045493019319,London,107511,51.5613235,0.2212279
0.34650000000000003,0.0545,0.32,0.08883333333333333,,0.0685,0.12216666666666667,0.232586268231946,0.355982449899205,0.394379224475276,0.0068065931459741,0.0,0.0102454642475987,0.179610285060281,0.0859351509684678,0.174256311771952,0.250783212577957,0.185429821243247,0.123985218378095,Wales,103101,51.5873645,-0.1209667
0.34650000000000003,0.0545,0.32,0.08883333333333333,,0.0685,0.12216666666666667,0.535458606131065,0.0764241571314936,0.322686573252565,0.0516836974035774,0.0,0.0137469660812988,0.187048766870103,0.086193950828825,0.120964170886198,0.196906105003754,0.211586222829749,0.197300783581371,South East,103882,51.0630273,-0.3295028
0.34650000000000003,0.0545,0.32,0.08883333333333333,,0.0685,0.12216666666666667,0.214731556223015,0.505725549089544,0.142599023840811,0.0276422001126337,0.0,0.109301670733997,0.177985085771747,0.0906900568492946,0.128712378411206,0.178034866239882,0.217152358100775,0.207425254627094,North East,100441,52.330324,-0.1150244
0.34650000000000003,0.0545,0.32,0.08883333333333333,,0.0685,0.12216666666666667,0.387166409176525,0.347632854331125,0.237878563416647,0.0255232693487968,0.0,0.0017989037269052,0.167016299798099,0.0933766681439897,0.151711232579899,0.235544393558871,0.199822721229133,0.152528684690008,Wales,101533,50.8352056,-0.17018
0.34650000000000003,0.0545,0.32,0.08883333333333333,,0.0685,0.12216666666666667,0.306915290356953,0.376707511987214,0.263654768247203,0.0043260522109749,0.0,0.0483963771976558,0.20150479284554,0.131629210474643,0.136493457810464,0.189723496545938,0.180941075668053,0.159707966655361,Yorkshire & the Humber,112042,53.6466645,-1.7822482
0.34650000000000003,0.0545,0.32,0.08883333333333333,,0.0685,0.12216666666666667,0.497314900683676,0.126900597407639,0.273168417193262,0.0665990898699506,0.0,0.0360169948454719,0.178377327395447,0.0853648374642384,0.128695362337626,0.197922356884276,0.208449452350311,0.201190663568102,Eastern,108008,52.3305093,-0.1843514
0.34650000000000003,0.0545,0.32,0.08883333333333333,,0.0685,0.12216666666666667,0.342130825179464,0.415337961098344,0.11923997251771,0.0350873036556184,0.0,0.0882039375488639,0.201946290880085,0.101366657803776,0.133804839138527,0.183036426482319,0.198032438181335,0.181813347513959,North West,94025,53.7607317,-2.39005491388217
0.34650000000000003,0.0545,0.32,0.08883333333333333,,0.0685,0.12216666666666667,0.42517168401503,0.380101930635339,0.137930289811255,0.0195654990713946,0.0,0.0372305964669805,0.211150076582496,0.112387951020681,0.151591493065727,0.227981486286293,0.167510608558826,0.129378384485977,London,119479,51.5654227,0.0657240217789008
0.34650000000000003,0.0545,0.32,0.08883333333333333,,0.0685,0.12216666666666667,0.287650097269739,0.496835938373471,0.165023143489636,0.0240379240177992,0.0,0.0264528968493548,0.247375026785441,0.124292099060214,0.155531576208406,0.231533351700493,0.146072489056234,0.0951954571892123,London,130669,51.5539949,0.0783889
0.34650000000000003,0.0545,0.32,0.08883333333333333,,0.0685,0.12216666666666667,0.397933544166703,0.352900402893905,0.185331196118356,0.0295672139669886,0.0,0.0342676428540484,0.198467165998955,0.105033966207978,0.150644487023167,0.207794809266678,0.178496777564884,0.159562793938338,Eastern,114820,52.0579324,1.1528095
0.34650000000000003,0.0545,0.32,0.08883333333333333,,0.0685,0.12216666666666667,0.473252226555678,0.117818266488154,0.321409860876652,0.0351009954013621,0.0,0.0524186506781535,0.140339538090314,0.0755486613811329,0.0885326898770538,0.149402504883374,0.234574284729404,0.311602321038722,Wales,69625,50.6654865,-1.39171080890146
0.34650000000000003,0.0545,0.32,0.08883333333333333,,0.0685,0.12216666666666667,0.473234200743494,0.117815270231627,0.321389762653703,0.0351158135544752,0.0,0.0524449528167,0.156734855222848,0.0801886126522948,0.109454632727683,0.160857227563424,0.219968093967501,0.272796577866249,Wales,70834,50.5970541,-1.26024136313707
0.34650000000000003,0.0545,0.32,0.08883333333333333,,0.0685,0.12216666666666667,0.146715733925844,0.561866407443411,0.274846086191733,0.0165717724390131,0.0,0.0,0.160541938303529,0.110964417088538,0.255226353935244,0.224123174418181,0.156198783552464,0.0929453327020431,London,109828,51.56042135,-0.121667594006483
0.34650000000000003,0.0545,0.32,0.08883333333333333,,0.0685,0.12216666666666667,0.19341832842977,0.439446442192438,0.338759943336602,0.016301623624278,0.0,0.0120736624169118,0.145158508399738,0.136776018489772,0.264427886439684,0.208191037979923,0.152169788540481,0.0932767601504018,London,115956,51.5384287,-0.0999051
0.34650000000000003,0.0545,0.32,0.08883333333333333,,0.0685,0.12216666666666667,0.196414286386523,0.540515740435744,0.190202813985224,0.0051997553056326,0.0,0.0676674038868759,0.183728488465022,0.0898183174383291,0.130491768341414,0.183419468272151,0.213959188022803,0.19858276946028,Wales,93845,54.9049537,-1.6506749
0.34650000000000003,0.0545,0.32,0.08883333333333333,,0.0685,0.12216666666666667,0.419420447873857,0.357774888870251,0.148012245240292,0.0308227795018032,0.0,0.0439696385137968,0.195703360837191,0.0941436908834775,0.116391628094184,0.186254779633729,0.201298047896961,0.206208492654458,Wales,99380,53.8684021,-1.9020456
0.34650000000000003,0.0545,0.32,0.08883333333333333,,0.0685,0.12216666666666667,0.534411697698983,0.157923078516248,0.274030196963735,0.0251641364455398,0.0,0.0084708903754944,0.166994064141436,0.0999167271640261,0.103098176538412,0.178054404919503,0.217139257804159,0.234797369432464,West Midlands,93668,52.3450526,-1.5816028
0.34650000000000003,0.0545,0.32,0.08883333333333333,,0.0685,0.12216666666666667,0.495099161819264,0.288645628177529,0.188842577749279,0.0191682315760545,0.0,0.0082444006778729,0.137297256613856,0.125443118955331,0.194520754148948,0.219681631731457,0.193143416249577,0.129913822300832,Wales,132867,51.50664635,-0.180426597224794
0.34650000000000003,0.0545,0.32,0.08883333333333333,,0.0685,0.12216666666666667,0.488383408344484,0.302619308275554,0.15784778818473,0.0,0.0,0.0511494951952317,0.197276697317384,0.0907225070297736,0.13338939069267,0.201010840769975,0.195359897288451,0.182240666901746,East Midlands,110600,52.3994233,-0.728004
0.34650000000000003,0.0545,0.32,0.08883333333333333,,0.0685,0.12216666666666667,0.381094206472664,0.0903934438669044,0.496243882080662,0.0243388853056114,0.0,0.0079295822741586,0.188512556790048,0.117662899484872,0.149256843037953,0.233918535055639,0.173562549406256,0.137086616225232,London,115117,51.4047687,-0.302715358100072
0.34650000000000003,0.0545,0.32,0.08883333333333333,,0.0685,0.12216666666666667,0.161540490635716,0.468820891585334,0.247296227908204,0.0752571880770245,0.0,0.0470852017937219,0.207914080128609,0.101627945263851,0.144123030438025,0.183296371260616,0.193881405010701,0.169157167898198,Yorkshire & the Humber,103259,53.7536,-0.4276738
0.34650000000000003,0.0545,0.32,0.08883333333333333,,0.0685,0.12216666666666667,0.223488041619499,0.34837062549676,0.33890507960211,0.0341289530094655,0.0,0.0551073002721645,0.188805194805195,0.138484848484848,0.148034632034632,0.192329004329004,0.176614718614719,0.155731601731602,Wales,115500,50.3127124,-3.92306973520501
0.34650000000000003,0.0545,0.32,0.08883333333333333,,0.0685,0.12216666666666667,0.29645088849834,0.342877367701621,0.250268502245655,0.0371021284905291,0.0,0.0733011130638547,0.180682716766861,0.0937473204843611,0.145298819584044,0.186246582128941,0.202871488048169,0.191153072987624,Wales,104963,50.3127124,-3.92306973520501
0.34650000000000003,0.0545,0.32,0.08883333333333333,,0.0685,0.12216666666666667,0.492874935481699,0.25228338681807,0.163124705459931,0.065236417495119,0.0,0.0264805547451807,0.156231998644604,0.083029310442198,0.0998814028350369,0.167210707629751,0.22489410967414,0.26875247077427,Wales,88535,52.4967692,-2.1661721
0.34650000000000003,0.0545,0.32,0.08883333333333333,,0.0685,0.12216666666666667,0.0928996598639455,0.702141794217687,0.136798469387755,0.0256696428571428,0.0,0.0424904336734693,0.198555570987489,0.0997959423510432,0.145212123802096,0.179613465668102,0.209858869029177,0.166964028162092,North West,93601,53.4552358,-2.8546852
0.34650000000000003,0.0545,0.32,0.08883333333333333,,0.0685,0.12216666666666667,0.422748277966693,0.332439619844799,0.194502572151016,0.0337649315546255,0.0,0.0165445984828668,0.152871438455898,0.184730412152882,0.113773197153863,0.16292999287433,0.188799272975122,0.196895686387905,Wales,96833,53.8546993,-2.7449198
0.34650000000000003,0.0545,0.32,0.08883333333333333,,0.0685,0.12216666666666667,0.238993552286923,0.331352004835785,0.364774330042313,0.0139784404593995,0.0,0.0509016723755792,0.108215340065061,0.420009025779884,0.176980500554709,0.127573757544988,0.0897971079896955,0.0774242680656625,Wales,106362,53.7974185,-1.5437941
0.34650000000000003,0.0545,0.32,0.08883333333333333,,0.0685,0.12216666666666667,0.280912337809123,0.46383199963832,0.172046656720467,0.0072109950721099,0.0,0.0759980107599801,0.220827670743731,0.104999955587533,0.139925920004264,0.1959922189357,0.179426368570185,0.158827866158588,Yorkshire & the Humber,112581,53.8150727,-1.46277022066895
0.34650000000000003,0.0545,0.32,0.08883333333333333,,0.0685,0.12216666666666667,0.331166508888188,0.426780267171558,0.195855685284527,0.0177132639108025,0.0,0.0284842747449247,0.199896028280308,0.0892805156997296,0.143647327926804,0.221761280931587,0.179975046787274,0.165439800374298,Yorkshire & the Humber,96181,54.9225753,-1.3774208
0.34650000000000003,0.0545,0.32,0.08883333333333333,,0.0685,0.12216666666666667,0.330411006466733,0.286120394080118,0.335597413306714,0.0197691072436092,0.0,0.0281020789028253,0.187202053538687,0.0824219676869647,0.11533898487888,0.203930196941263,0.195625444897431,0.215481352056774,Yorkshire & the Humber,92720,53.8467166,-1.6345596
0.34650000000000003,0.0545,0.32,0.08883333333333333,,0.0685,0.12216666666666667,0.206777660433621,0.494098279182456,0.203205566254582,0.0001242467540535,0.0,0.0957942473752873,0.22533965752874,0.128233780850551,0.183985850952649,0.201736473993086,0.154087949192057,0.106616287482917,Wales,124390,53.76424865,-1.54194485056313
0.34650000000000003,0.0545,0.32,0.08883333333333333,,0.0685,0.12216666666666667,0.320687288476558,0.391214824982841,0.186708636073178,0.030743379168343,0.0,0.0706458712990793,0.186954159876311,0.089246166060758,0.143924198738038,0.203742008273787,0.205037399189336,0.171096067861769,Wales,95719,53.7974185,-1.5437941
0.34650000000000003,0.0545,0.32,0.08883333333333333,,0.0685,0.12216666666666667,0.306339794754846,0.391790193842645,0.228369441277081,0.0275028506271379,0.0,0.0459977194982896,0.197655140919876,0.0959783979112686,0.163991224151453,0.208366838411214,0.181473429232312,0.152534969373877,Wales,100731,53.8127231,-1.6285113
0.34650000000000003,0.0545,0.32,0.08883333333333333,,0.0685,0.12216666666666667,0.248019855400885,0.546001942376174,0.144232221862523,0.015323189813316,0.0,0.0464227905471026,0.219639963418743,0.119490750397099,0.137139602419497,0.215989859932292,0.17297479423043,0.134765029601938,East Midlands,124655,52.61912795,-1.20558865113606
0.34650000000000003,0.0545,0.32,0.08883333333333333,,0.0685,0.12216666666666667,0.217830540037244,0.465153631284916,0.270577281191806,0.0155260707635009,0.0,0.0309124767225325,0.191075832695011,0.226605836651207,0.150327017449348,0.181353692308987,0.144965109721299,0.105672511174148,East Midlands,118802,52.6340046,-1.1323751
0.34650000000000003,0.0545,0.32,0.08883333333333333,,0.0685,0.12216666666666667,0.270041018888945,0.398642831822555,0.235124322681926,0.0240542867270977,0.0,0.0721375398794753,0.219623703182697,0.14229422766437,0.158487459436993,0.207834454977061,0.158679284492543,0.113080870246335,East Midlands,125114,52.6076266,-1.27222922342505
0.34650000000000003,0.0545,0.32,0.08883333333333333,,0.0685,0.12216666666666667,0.238792375705336,0.46543297640734,0.180299462389479,0.0355667125783089,0.0,0.0799084729195361,0.18688988315338,0.0918318296110042,0.139735246265345,0.192796923532022,0.204481585564266,0.184264531873983,Wales,108177,53.4975985,-2.5109297
0.34650000000000003,0.0545,0.32,0.08883333333333333,,0.0685,0.12216666666666667,0.386574255870572,0.0553286735254849,0.505458258069583,0.0325924762428335,0.0,0.0200463362915259,0.161450775022609,0.0807201295560182,0.0916251288199045,0.166351189349486,0.215597198561423,0.284255578690559,South East,95096,50.8746139,0.0051153241109362
0.34650000000000003,0.0545,0.32,0.08883333333333333,,0.0685,0.12216666666666667,0.235590926813605,0.444599894497833,0.283686153987294,0.0182335267539735,0.0,0.0178894979472947,0.209495609731123,0.0994103642771202,0.15860432968402,0.235658028346887,0.188777295184784,0.108054372776066,London,117191,53.4386428,-2.9134318
0.34650000000000003,0.0545,0.32,0.08883333333333333,,0.0685,0.12216666666666667,0.158764249132661,0.554766231620684,0.255878627677735,0.0028085246984966,0.0,0.0277823668704223,0.171945701357466,0.119832664560744,0.239409203449159,0.23479040382481,0.158319815589516,0.0757022112183044,Wales,117132,52.500397,-1.9626529
0.34650000000000003,0.0545,0.32,0.08883333333333333,,0.0685,0.12216666666666667,0.219865355845266,0.480123958110707,0.272120111134858,0.0162427869202821,0.0,0.0116477879888865,0.200714902504167,0.0802257164086189,0.191758539671064,0.25588890897042,0.169859630098199,0.101552302347531,Wales,99594,51.4624292,-0.0101787
0.34650000000000003,0.0545,0.32,0.08883333333333333,,0.0685,0.12216666666666667,0.249254005417068,0.429761740807051,0.268030115227471,0.0267869439471147,0.0,0.0261671946012945,0.192033775427523,0.093999744125549,0.19082263635976,0.252812486673206,0.161303253870101,0.109028103543861,Wales,117245,51.5696734,-0.015681
0.34650000000000003,0.0545,0.32,0.08883333333333333,,0.0685,0.12216666666666667,0.54359719100006,0.198957566594386,0.200847474486243,0.0565778741520281,0.0,1.98937672827103e-05,0.169806025073286,0.0822886130688787,0.109576082662841,0.180700222457847,0.216293478034886,0.24133557870226,West Midlands,96199,52.6843696,-1.8275286
0.34650000000000003,0.0545,0.32,0.08883333333333333,,0.0685,0.12216666666666667,0.375385490256119,0.35224513899521,0.202445265851578,0.0219592747315238,0.0,0.0479648301655694,0.162714810302375,0.193557181927393,0.148869823039763,0.174387199563776,0.168525444956591,0.151945540210103,East Midlands,117371,53.2293545,-0.5404819
0.34650000000000003,0.0545,0.32,0.08883333333333333,,0.0685,0.12216666666666667,0.149424706031104,0.587558477683652,0.221519787583765,0.0342647616639271,0.0,0.0072322670375521,0.187751718861248,0.0867453747489453,0.131324187326653,0.187379785979193,0.205381337470644,0.201417595613317,Wales,94104,53.3576179,-2.8892004
0.34650000000000003,0.0545,0.32,0.08883333333333333,,0.0685,0.12216666666666667,0.0981016042780748,0.647593582887701,0.206149732620321,0.0205614973262032,0.0,0.0275935828877005,0.138274289305826,0.269269643357653,0.19253930370232,0.158412393724997,0.134707016485897,0.106797353423308,Wales,117738,53.407612,-2.9992357
0.34650000000000003,0.0545,0.32,0.08883333333333333,,0.0685,0.12216666666666667,0.100919305413687,0.664708886618999,0.142364657814096,0.0291624106230847,0.0,0.0628447395301328,0.199444297173377,0.102726478356062,0.144060557862802,0.18960658988935,0.204156971321414,0.160005105396994,Wales,101853,53.4297355,-2.9614199
0.34650000000000003,0.0545,0.32,0.08883333333333333,,0.0685,0.12216666666666667,0.0877380697624652,0.563262358228119,0.311898138240959,0.0219880162636422,0.0,0.0151134175048148,0.15526269685231,0.202390453757957,0.152313562126492,0.181999571742812,0.164411827684881,0.143621887835549,Wales,102743,53.39939255,-2.92498524247524
0.34650000000000003,0.0545,0.32,0.08883333333333333,,0.0685,0.12216666666666667,0.0890836653386454,0.639362549800797,0.164462151394422,0.0283134130146082,0.0,0.0787782204515272,0.187101084331158,0.100868492728301,0.14521815098412,0.185723829590421,0.208078524076263,0.173009918289737,Wales,97296,53.4363002,-2.9237039
0.34650000000000003,0.0545,0.32,0.08883333333333333,,0.0685,0.12216666666666667,0.154751776311251,0.402676538894893,0.106532686426453,0.0287429005035756,0.307296097863828,0.0,0.180918254508336,0.0906771010547805,0.118067369853692,0.173666638312351,0.211923698536917,0.224746937733923,Wales,94046,51.6797331,-4.1620223
0.34650000000000003,0.0545,0.32,0.08883333333333333,,0.0685,0.12216666666666667,0.415832649712879,0.344975389663659,0.183100902378999,0.0174938474159146,0.0,0.0385972108285479,0.154560978515547,0.204787339660855,0.123158333664271,0.171855764266709,0.172749295103451,0.172888288789166,East Midlands,100724,52.7723859,-1.2077985
0.34650000000000003,0.0545,0.32,0.08883333333333333,,0.0685,0.12216666666666667,0.49631114509496,0.173138523218087,0.222943230899585,0.0433776271466655,0.0,0.0642294736407034,0.147977931662682,0.0751275761057458,0.0953430839776832,0.143319980540115,0.232887205125816,0.305344222587958,East Midlands,96609,53.3675163,-0.0022381
0.34650000000000003,0.0545,0.32,0.08883333333333333,,0.0685,0.12216666666666667,0.411643640662974,0.396251614739562,0.136294966391522,0.0537078799290609,0.0,0.0021018982768813,0.167921734531994,0.0853093601269169,0.112585933368588,0.164399788471708,0.208154415653094,0.2616287678477,Wales,94550,52.4766308,1.7537638
0.34650000000000003,0.0545,0.32,0.08883333333333333,,0.0685,0.12216666666666667,0.320155902004454,0.490579064587973,0.118619153674833,0.0360579064587973,0.0,0.034587973273942,0.235044101004691,0.112494276803994,0.132700398248054,0.207529566246534,0.171860017104797,0.14037164059193,Eastern,115757,51.91545195,-0.477859357931655
0.34650000000000003,0.0545,0.32,0.08883333333333333,,0.0685,0.12216666666666667,0.313880607525998,0.33998450667856,0.226437240310805,0.0247188901147914,0.0,0.0949787553698443,0.223170474972065,0.125795533675568,0.164823241728879,0.215899337662548,0.157803112500202,0.112508299460737,Wales,123500,51.89107295,-0.423030407620178
0.34650000000000003,0.0545,0.32,0.08883333333333333,,0.0685,0.12216666666666667,0.477518844348727,0.206505617749243,0.23454357057234,0.0288100123935878,0.0,0.0526219549361019,0.166985801132143,0.0777223216247606,0.107427985476766,0.184072574316477,0.226208787184397,0.237582530265457,North West,95571,53.2606635,-2.1255158
0.34650000000000003,0.0545,0.32,0.08883333333333333,,0.0685,0.12216666666666667,0.603221577818384,0.0771629458965599,0.273178676412171,0.0252840231985381,0.0,0.0211527766743465,0.195412888057195,0.0825488220334916,0.117796650832494,0.221265774195096,0.199692913008013,0.18328295187371,South East,104204,51.522743,-0.7197368
0.34650000000000003,0.0545,0.32,0.08883333333333333,,0.0685,0.12216666666666667,0.507097591888466,0.126214617659485,0.313371356147021,0.034431770173215,0.0,0.0188846641318124,0.197534382584394,0.0940097080238287,0.143947194234022,0.214413105832169,0.181676105023167,0.16841950430242,Wales,108776,51.3416829,0.50638
0.34650000000000003,0.0545,0.32,0.08883333333333333,,0.0685,0.12216666666666667,0.188255345522157,0.473172783213068,0.162402054097127,0.0010624640311656,0.0,0.175107353136482,0.180575616281662,0.0950280634748301,0.121753797535843,0.188572979575219,0.20769879506393,0.206370748068516,North West,103158,53.4852134,-2.6417771
0.34650000000000003,0.0545,0.32,0.08883333333333333,,0.0685,0.12216666666666667,0.591317749807347,0.125866940662728,0.202770258254461,0.0498330336501412,0.0,0.0302120176253235,0.167790269664719,0.0866407937905097,0.105105225254061,0.17258141954069,0.224963991357926,0.242918300392094,Eastern,99976,51.7155563,0.684354757425754
0.34650000000000003,0.0545,0.32,0.08883333333333333,,0.0685,0.12216666666666667,0.16308233225901,0.526311163199531,0.21901552886024,0.0244652798124816,0.0,0.0671256958687371,0.17821054265339,0.178962072261205,0.233333605626669,0.186313992337665,0.133796776591486,0.0893830105295833,North West,122417,53.4859033,-2.2070883970057
0.34650000000000003,0.0545,0.32,0.08883333333333333,,0.0685,0.12216666666666667,0.116922574322117,0.527605357726233,0.303952956550147,0.0077425677883044,0.0,0.0437765436131983,0.178314537699704,0.30316091954023,0.180944119135401,0.169431793537194,0.109791802212102,0.0583568278753704,Wales,110664,53.4626512,-2.2383858
0.34650000000000003,0.0545,0.32,0.08883333333333333,,0.0685,0.12216666666666667,0.113157495831438,0.415390834217574,0.450558334596534,0.0152341973624374,0.0,0.0056591379920165,0.154027837282624,0.184468685803425,0.198585066297554,0.202408023816586,0.148128618352393,0.112381768447418,Wales,91030,53.42577675,-2.24218148469786
0.34650000000000003,0.0545,0.32,0.08883333333333333,,0.0685,0.12216666666666667,0.263276542246499,0.387501625699051,0.154333029869511,0.0616681839857805,0.0,0.133220618199159,0.182752924198694,0.0868904754671122,0.134057420628893,0.189949491113474,0.211064484277685,0.195285204314142,East Midlands,105329,53.1443785,-1.1964165
0.34650000000000003,0.0545,0.32,0.08883333333333333,,0.0685,0.12216666666666667,0.476726777055261,0.0819423029652968,0.385287479609394,0.0391723089986815,0.0,0.016871131371366,0.170175551549489,0.0805970469568203,0.102304918877157,0.176206112112628,0.224654476779123,0.246061893724783,Wales,93192,51.3528618,-2.1212567
0.34650000000000003,0.0545,0.32,0.08883333333333333,,0.0685,0.12216666666666667,0.497613439773225,0.17966942493278,0.235946390979011,0.0389144798549304,0.0,0.0478562644600537,0.176429442000954,0.0837581474219702,0.115404589051985,0.180986699168036,0.221207143235652,0.222213979121403,Wales,94355,52.7651671,-0.7984629
0.34650000000000003,0.0545,0.32,0.08883333333333333,,0.0685,0.12216666666666667,0.495424753149472,0.17364657814096,0.251617296561117,0.0253234593122233,0.0,0.0539879128362274,0.197173891179724,0.093080559187368,0.111153575379664,0.18171577994569,0.202413758423011,0.214462435884542,Wales,99430,52.4373156,-1.647117
0.34650000000000003,0.0545,0.32,0.08883333333333333,,0.0685,0.12216666666666667,0.0855493228812167,0.472434107071608,0.240406505973197,0.0297368976928673,0.112305489708264,0.0595676766728471,0.187422229358166,0.0972584594388471,0.131868903785172,0.181361136755911,0.205063621402481,0.197025649259423,Wales,99652,51.7455659,-3.3786082
0.34650000000000003,0.0545,0.32,0.08883333333333333,,0.0685,0.12216666666666667,0.420147892058004,0.318428886968213,0.134101603764525,0.0253529242293287,0.0978584461730529,0.004110246806876,0.171159576679767,0.0864757303659997,0.107423943926899,0.160269673599905,0.218976151112255,0.255694924315174,Wales,101014,51.4100839,-0.935151847925782
0.34650000000000003,0.0545,0.32,0.08883333333333333,,0.0685,0.12216666666666667,0.532411527140804,0.149793506286079,0.252447121637347,0.0522052615967326,0.0,0.0131425833390375,0.199433859990765,0.0910642227620405,0.12882696593122,0.199142759631407,0.204442793760414,0.177089397924153,Eastern,99622,52.0318886,-0.4929079
0.34650000000000003,0.0545,0.32,0.08883333333333333,,0.0685,0.12216666666666667,0.51893315018315,0.0602564102564102,0.167010073260073,0.106845238095238,0.0,0.146955128205128,0.192394605261812,0.0838147629321363,0.105645251996442,0.194603216801808,0.212169858587511,0.211372304420291,Wales,97797,51.6192016,-0.770410998009853
0.34650000000000003,0.0545,0.32,0.08883333333333333,,0.0685,0.12216666666666667,0.462293528296778,0.261011824171857,0.226329091073202,0.0329903420886361,0.0,0.0173752143695279,0.18694626808592,0.0904561582425053,0.132003314424119,0.192969596532602,0.216797331463658,0.180827331251195,Wales,94131,53.6485368,-1.9187418
0.34650000000000003,0.0545,0.32,0.08883333333333333,,0.0685,0.12216666666666667,0.485406973231011,0.242491993473926,0.206215884142043,0.0270106955103027,0.0,0.0388744536427175,0.166075730715033,0.0860607300331833,0.102822855584345,0.183190145006591,0.222657848084004,0.239192690576844,East Midlands,87995,52.9209621,-1.4036986
0.34650000000000003,0.0545,0.32,0.08883333333333333,,0.0685,0.12216666666666667,0.450735562076836,0.0645606766787502,0.437616280184897,0.0465504344323609,0.0,0.0005370466271553,0.166745488749461,0.0836144654286344,0.0980967094407836,0.168941997456674,0.217969332954987,0.264632005969459,South West,95151,51.4100839,-0.935151847925782
0.34650000000000003,0.0545,0.32,0.08883333333333333,,0.0685,0.12216666666666667,0.486461323609279,0.193789277678641,0.230409651640934,0.0322561874466599,0.0,0.057083559624486,0.185045257772531,0.0859405745769382,0.12116292798111,0.194883903974813,0.202863046044864,0.210104289649744,Wales,101640,51.4100839,-0.935151847925782
0.34650000000000003,0.0545,0.32,0.08883333333333333,,0.0685,0.12216666666666667,0.508642149264948,0.179723826969142,0.22859424169837,0.0569959137663801,0.0,0.0260438683011601,0.163384762538468,0.0859290526490892,0.110808450469933,0.165578474590368,0.215077351742493,0.259221908009648,Eastern,96185,52.7650941,0.948189
0.34650000000000003,0.0545,0.32,0.08883333333333333,,0.0685,0.12216666666666667,0.525627135594633,0.0706100508375698,0.359717476456371,0.0317526460538378,0.0,0.0122926910575881,0.196223500477652,0.0820748389194902,0.112492123823655,0.211620154881197,0.196416593833208,0.201172788064798,South East,98398,51.0053398,-0.127315425377761
0.34650000000000003,0.0545,0.32,0.08883333333333333,,0.0685,0.12216666666666667,0.232793029595015,0.441783489096573,0.18840050623053,0.0355578271028037,0.0,0.101465147975078,0.216833274953071,0.127367768706383,0.151537197208525,0.180655475619504,0.175356344138173,0.148249939374343,Wales,111339,54.5760419,-1.2344047
0.34650000000000003,0.0545,0.32,0.08883333333333333,,0.0685,0.12216666666666667,0.349437201762597,0.395146007899724,0.160437452909884,0.0405488709787894,0.0,0.0544304664490056,0.181086257832029,0.0881840513369909,0.116460517914922,0.168771440011254,0.216115313443496,0.229382419461308,North East,92409,54.5760419,-1.2344047
0.34650000000000003,0.0545,0.32,0.08883333333333333,,0.0685,0.12216666666666667,0.43122259178442,0.299938563226913,0.201152469122725,0.0357180687668156,0.0,0.031968307099125,0.220446217799432,0.103200782113136,0.152520009855897,0.240118270766932,0.175967507332311,0.107747212132292,Wales,125821,52.0342006,-0.7748261
0.34650000000000003,0.0545,0.32,0.08883333333333333,,0.0685,0.12216666666666667,0.436855807034321,0.283179258314738,0.214722133673361,0.0342684093082562,0.0,0.0309743916693231,0.205628401036124,0.086725166161322,0.133752334290476,0.21663219614064,0.183450131523463,0.173811770847975,South East,99602,52.0657171,-0.78835109536779
0.34650000000000003,0.0545,0.32,0.08883333333333333,,0.0685,0.12216666666666667,0.277528628939738,0.536951669760748,0.132412757347573,0.0197117290002294,0.0,0.0333952149517114,0.198623163814418,0.101121507409382,0.166949467526381,0.236162957935392,0.178366542234288,0.118776361080138,London,123762,51.39366915,-0.171906075690548
0.34650000000000003,0.0545,0.32,0.08883333333333333,,0.0685,0.12216666666666667,0.450154398264063,0.278355032548823,0.215385578367551,0.0237648138874979,0.0267067267568018,0.0056334501752628,0.158331271448089,0.0804780705057177,0.0992609486106479,0.169433178781587,0.233882332691459,0.258614197962499,Wales,92957,51.7501058,-2.8333331
0.34650000000000003,0.0545,0.32,0.08883333333333333,,0.0685,0.12216666666666667,0.376604341625733,0.174457296783394,0.31017271430835,0.0301259705276501,0.0841586119473934,0.024481064807479,0.171397893445138,0.0889866039472338,0.108272829532672,0.165333878719705,0.224051539012169,0.241957255343082,Wales,97790,52.61527305,-3.46499733880222
0.34650000000000003,0.0545,0.32,0.08883333333333333,,0.0685,0.12216666666666667,0.405667246470612,0.312871647587072,0.244326685813681,0.0359815541442498,0.0,0.0011528659843857,0.166073281386691,0.0849083474050414,0.0965353081195451,0.162757105364881,0.223119646817081,0.26660631090676,North West,98306,54.0721085,-2.8650938
0.34650000000000003,0.0545,0.32,0.08883333333333333,,0.0685,0.12216666666666667,0.152650115969418,0.477665149042178,0.163430976720213,0.0218838587750193,0.138561979211408,0.0458079202817627,0.175568684189374,0.117122819709027,0.125291375291375,0.180682822924202,0.199481552929829,0.201852744956193,Wales,99528,51.6628422,-3.8039117
0.34650000000000003,0.0545,0.32,0.08883333333333333,,0.0685,0.12216666666666667,0.539520933648902,0.100281563698686,0.308822329225496,0.0513751734269158,0.0,0.0,0.166868624556611,0.0809998017140716,0.101269029941175,0.168543039062328,0.225605322875587,0.256714181850228,South East,90779,50.8563101,-1.49271024431427
0.34650000000000003,0.0545,0.32,0.08883333333333333,,0.0685,0.12216666666666667,0.601552254208501,0.1003160406768,0.23829897018038,0.0598327349343194,0.0,0.0,0.139907771216149,0.0729477919205703,0.0824882949438863,0.147989553678564,0.22326659294638,0.33339999529445,South East,85007,50.8575514,-1.72034584154634
0.34650000000000003,0.0545,0.32,0.08883333333333333,,0.0685,0.12216666666666667,0.529312090994079,0.235431598628856,0.196498130258648,0.0380180741664069,0.0,0.0007401059520099,0.168968504011955,0.0883867467471278,0.10679509998953,0.180733097914545,0.2192440582138,0.235872493123043,East Midlands,105061,53.0761693,-0.8092339
0.34650000000000003,0.0545,0.32,0.08883333333333333,,0.0685,0.12216666666666667,0.568997580435522,0.0431122397968365,0.358175528404887,0.025375432422164,0.0,0.0043392189405906,0.189520464482833,0.0886981987978332,0.124732482054538,0.200487420256612,0.206989770318564,0.18957166408962,South East,97657,51.4020243,-1.3242212
0.34650000000000003,0.0545,0.32,0.08883333333333333,,0.0685,0.12216666666666667,0.190347003154574,0.445615141955836,0.281556256572029,0.0244374342797055,0.0,0.0580441640378548,0.191895550813428,0.180981008543478,0.148405650780539,0.17929831807439,0.160949343368287,0.138470128419877,Wales,130743,54.9738474,-1.6131572
0.34650000000000003,0.0545,0.32,0.08883333333333333,,0.0685,0.12216666666666667,0.171868515889483,0.478955989953041,0.290946816643005,0.0121655564049361,0.0,0.0460631211095336,0.163158032147737,0.164559165237975,0.158615227966965,0.176716823170042,0.181451086530847,0.155499664946435,Wales,114907,54.9738474,-1.6131572
0.34650000000000003,0.0545,0.32,0.08883333333333333,,0.0685,0.12216666666666667,0.180227330366818,0.449703732736956,0.300371198671985,0.0215802457750213,0.0,0.0481174924492195,0.161758781257905,0.179691379423421,0.135084744174716,0.181640167520823,0.172598915049703,0.169226012573431,North East,106732,54.9738474,-1.6131572
0.34650000000000003,0.0545,0.32,0.08883333333333333,,0.0685,0.12216666666666667,0.35200052790181,0.37102698898005,0.197545256582276,0.0794272265358643,0.0,0.0,0.16535161842431,0.132337269507745,0.118365106190594,0.178441102702935,0.199560813356441,0.205944089817974,West Midlands,92899,53.0117627,-2.2273919
0.34650000000000003,0.0545,0.32,0.08883333333333333,,0.0685,0.12216666666666667,0.269091785112021,0.389084776943124,0.259805961323668,0.0234773658045158,0.0240467795273866,0.034493331289284,0.201549683432194,0.101901223577716,0.157184772043929,0.188096687165605,0.188886971213676,0.162380662566879,Wales,110087,56.4407078,-2.9351431
0.34650000000000003,0.0545,0.32,0.08883333333333333,,0.0685,0.12216666666666667,0.226379566247978,0.457566292284176,0.133271305465098,0.0279568463259564,0.0832724131056024,0.071553576571188,0.189347481568249,0.089338622515774,0.126034786546052,0.193747477630893,0.203728676752862,0.19780295498617,Wales,101589,51.5882332,-2.9974967
0.34650000000000003,0.0545,0.32,0.08883333333333333,,0.0685,0.12216666666666667,0.436605187805289,0.0711849418898433,0.425614788613778,0.0648896749199932,0.0,0.0017054067710965,0.156745755449628,0.0789459589738096,0.105928980772321,0.165957902629747,0.223523110706443,0.268898291468052,South West,93355,50.5296441,-3.6112097
0.34650000000000003,0.0545,0.32,0.08883333333333333,,0.0685,0.12216666666666667,0.227254154181422,0.435621538182148,0.229660401343866,0.032007627349496,0.0,0.0754562789430672,0.175845103951754,0.0921652647727873,0.122361529915886,0.177379251970587,0.218272231920859,0.213976617468127,Wales,94513,52.0322303,0.7943311
0.34650000000000003,0.0545,0.32,0.08883333333333333,,0.0685,0.12216666666666667,0.243433247434332,0.46995795469958,0.134590171345902,0.0,0.0,0.152018626520186,0.18597629057157,0.0909541054593823,0.134450517976252,0.181568395195977,0.212443080866433,0.194607609930386,Wales,102997,53.6991226,-1.4194401
0.34650000000000003,0.0545,0.32,0.08883333333333333,,0.0685,0.12216666666666667,0.553638490096354,0.164638726152922,0.217987510461598,0.041417197793944,0.0,0.0223180754951823,0.19248299221816,0.08655977431705,0.125939146204554,0.198230614966848,0.207279042766535,0.189508429526853,Wales,104217,52.2180544,-0.5851492
0.34650000000000003,0.0545,0.32,0.08883333333333333,,0.0685,0.12216666666666667,0.41600209969514,0.0436696210454059,0.477700833821243,0.0484545032403949,0.0,0.0141729421978155,0.168441647504942,0.0794505627496066,0.0984005002218726,0.169026584372101,0.222981967808302,0.261698737343176,South West,99156,50.5687462,-4.7627488
0.34650000000000003,0.0545,0.32,0.08883333333333333,,0.0685,0.12216666666666667,0.496719454595969,0.17037464469663,0.288452907610438,0.0382979632835374,0.0,0.0061550298134256,0.174097181603518,0.0778795953293906,0.104525465219558,0.178299863521154,0.2202400294621,0.244957864864279,Wales,92322,51.983429,-1.70678515265656
0.34650000000000003,0.0545,0.32,0.08883333333333333,,0.0685,0.12216666666666667,0.365123261694058,0.0527615360303413,0.480108249051833,0.0734829329962073,0.0,0.02852402022756,0.166492581963473,0.0827798115828862,0.105677865552525,0.16519455233189,0.221729827301214,0.258125361268013,South West,98611,51.061456,-3.92392329756694
0.34650000000000003,0.0545,0.32,0.08883333333333333,,0.0685,0.12216666666666667,0.514973945531413,0.0545865696588339,0.374319142660505,0.0521482646740733,0.0,0.0039720774751745,0.162641161063163,0.0839452101850659,0.0963222980806389,0.163199364506849,0.221402808192709,0.272489157971575,South West,93155,50.91989035,-2.23114900016168
0.34650000000000003,0.0545,0.32,0.08883333333333333,,0.0685,0.12216666666666667,0.209638662444699,0.498686249410496,0.213456399200521,0.0324732196995216,0.0,0.0457454692447618,0.171066347966178,0.0883024987101054,0.117333024460613,0.176541818909328,0.224073118596595,0.22268319135718,North East,94969,54.8713608,-1.69005251940474
0.34650000000000003,0.0545,0.32,0.08883333333333333,,0.0685,0.12216666666666667,0.515972631292764,0.178123159182564,0.200462186777833,0.0574335040101499,0.0,0.0480085187366894,0.17206378950245,0.0883059085319435,0.123987429486053,0.176885089106205,0.210370674005973,0.228387109367375,Eastern,102462,54.7800926,-1.5321299
0.34650000000000003,0.0545,0.32,0.08883333333333333,,0.0685,0.12216666666666667,0.329418785566615,0.381892197190903,0.232571026662972,0.0559901106161682,0.0,0.000127879963341,0.164378671340019,0.0841744285420655,0.109455965555664,0.172730124730904,0.221746232650721,0.247514577180627,East Midlands,92439,53.2226728,-1.52392859990711
0.34650000000000003,0.0545,0.32,0.08883333333333333,,0.0685,0.12216666666666667,0.598759609015916,0.105252594183409,0.253918872809746,0.0417277161150472,0.0,0.0003412078758806,0.194143983517572,0.0824220452474345,0.106254209754745,0.20745671381592,0.213013590078846,0.196709457585483,South East,100956,51.25876505,-0.894432491739877
0.34650000000000003,0.0545,0.32,0.08883333333333333,,0.0685,0.12216666666666667,0.544803229061554,0.167325933400605,0.23816347124117,0.0418768920282542,0.0,0.0078304742684157,0.18911556684081,0.0847075076126823,0.114983120761949,0.196635826790804,0.210178131901273,0.204379846092481,Eastern,102789,54.9558867,-1.54562436885246
0.34650000000000003,0.0545,0.32,0.08883333333333333,,0.0685,0.12216666666666667,0.413437373327929,0.336299148763681,0.201499797324686,0.0335832995541143,0.0,0.0151803810295905,0.175837057659902,0.098301288425107,0.119642464649425,0.178767675287567,0.206043352207906,0.221408161770093,Wales,95543,51.3140232,-2.4940789
0.34650000000000003,0.0545,0.32,0.08883333333333333,,0.0685,0.12216666666666667,0.533940539611617,0.0732514177693761,0.321683278913903,0.0582789139027324,0.0,0.0128458498023715,0.149969078540507,0.0763980917042141,0.0966185175368848,0.157147274494213,0.231800512412757,0.288066525311423,West Midlands,90552,52.06170235,-2.69798114471975
0.34650000000000003,0.0545,0.32,0.08883333333333333,,0.0685,0.12216666666666667,0.326078234704112,0.0600601805416248,0.557331995987964,0.0544032096288866,0.0,0.0021263791374122,0.131209180388189,0.0699337687425259,0.0836629564897433,0.139189127035231,0.232292337411462,0.343712629932849,Eastern,86968,52.835652,1.12765976862862
0.34650000000000003,0.0545,0.32,0.08883333333333333,,0.0685,0.12216666666666667,0.33017709977205,0.197176924425741,0.406233561283535,0.0310582149745747,0.0,0.0353541995440995,0.145236436471305,0.0726073325785944,0.0921797439693459,0.157874684315945,0.243729861534442,0.288371941130367,Wales,91864,55.957131,-3.1975022
0.34650000000000003,0.0545,0.32,0.08883333333333333,,0.0685,0.12216666666666667,0.522762246729931,0.184213901000256,0.212768231170385,0.0476190476190476,0.0,0.0326365734803795,0.164708446434586,0.0902300330883081,0.103009649105427,0.167502129936003,0.227615858611876,0.2469338828238,West Midlands,100943,52.06170235,-2.69798114471975
0.34650000000000003,0.0545,0.32,0.08883333333333333,,0.0685,0.12216666666666667,0.49273335475214,0.111277001870996,0.35703891293255,0.0389507304443142,0.0,0.0,0.176924464822067,0.0765540590738795,0.0895341802782819,0.191846828201781,0.209751541588393,0.255388926035597,South West,94221,51.39663045,-2.76912892386411
0.34650000000000003,0.0545,0.32,0.08883333333333333,,0.0685,0.12216666666666667,0.401840685496668,0.40069819105046,0.115963186290067,0.0282450015867978,0.0,0.0532529355760076,0.179072448914227,0.0899259069459569,0.12208271944996,0.182382081011253,0.21488053295753,0.211656310721073,Wales,93667,52.5298901,-1.45011388649844
0.34650000000000003,0.0545,0.32,0.08883333333333333,,0.0685,0.12216666666666667,0.503848965724853,0.170859674020556,0.218509439642197,0.0826344987743517,0.0,0.0241474218380424,0.212162599917702,0.089976273649743,0.141780264229244,0.215489542020154,0.183831061382082,0.156760258801075,Eastern,114219,52.9442507,1.2119139
0.34650000000000003,0.0545,0.32,0.08883333333333333,,0.0685,0.12216666666666667,0.562247729566095,0.0985956945845946,0.278044063235789,0.041540531449714,0.0,0.0195719811638076,0.197646496053576,0.0847548433389141,0.112432432432432,0.200353982300885,0.206362114326716,0.198450131547477,Wales,104524,52.0248034,0.2400725
0.34650000000000003,0.0545,0.32,0.08883333333333333,,0.0685,0.12216666666666667,0.578604447278234,0.13445445126325,0.236351319040408,0.0502311309476368,0.0,0.000358651470471,0.197004139868411,0.0849412286538035,0.139674354993716,0.204868041694389,0.200081318843794,0.173430915945886,South East,108215,51.25961055,-1.34150770127254
0.34650000000000003,0.0545,0.32,0.08883333333333333,,0.0685,0.12216666666666667,0.445562430266761,0.300963586570646,0.166284613043919,0.0218277715792676,0.0,0.0653615985394056,0.176988656379905,0.0963352155489124,0.125242825940353,0.190868738110336,0.209348672887037,0.201215891133456,East Midlands,99351,52.7704201,-1.39650466914716
0.34650000000000003,0.0545,0.32,0.08883333333333333,,0.0685,0.12216666666666667,0.548098525387035,0.137433111392508,0.235284506351865,0.0402148605040643,0.0,0.0389689963645275,0.163994529635988,0.0826762107060067,0.11401441305128,0.167699634339143,0.20899894278426,0.262616269483322,Eastern,103101,52.7516349,0.397674040578818
0.34650000000000003,0.0545,0.32,0.08883333333333333,,0.0685,0.12216666666666667,0.362806802747116,0.28571155280929,0.259502993897423,0.0358885084077822,0.0,0.0560901421383888,0.196759908940656,0.119624536127483,0.16293229800106,0.211377740356129,0.168592322325132,0.14071319424954,East Midlands,128268,52.2856065,-0.8534202
0.34650000000000003,0.0545,0.32,0.08883333333333333,,0.0685,0.12216666666666667,0.469813069324834,0.224791483013494,0.205940191225334,0.0450487104721864,0.0,0.0544065459641509,0.207270783697356,0.104514118510332,0.136918296538542,0.215070615199253,0.182485256416063,0.153740929638454,East Midlands,110387,52.11838535,-1.08008147951706
0.34650000000000003,0.0545,0.32,0.08883333333333333,,0.0685,0.12216666666666667,0.41918763126145,0.312458108047723,0.199293980964297,0.0452209660842754,0.0,0.0238393136422539,0.172952961233116,0.0919692124562447,0.142387346037062,0.199473424055038,0.19188750239582,0.201329553822719,Eastern,99131,52.6817956,1.26776359471335
0.34650000000000003,0.0545,0.32,0.08883333333333333,,0.0685,0.12216666666666667,0.272167609969219,0.335070995928905,0.344553668950452,0.0284728428160063,0.0,0.0197348823354185,0.146995096362185,0.20044094727639,0.155776029193751,0.179020792944843,0.154939749876459,0.162827384346372,Eastern,105228,52.587805,1.27062866015264
0.34650000000000003,0.0545,0.32,0.08883333333333333,,0.0685,0.12216666666666667,0.255859690716095,0.455062233956571,0.248100651974783,0.0338380300662751,0.0,0.0071393932862762,0.166961956789212,0.24378660367144,0.171826041307807,0.183293141066654,0.140713945896288,0.0934183112685991,East Midlands,121914,53.0120281,-1.2908418
0.34650000000000003,0.0545,0.32,0.08883333333333333,,0.0685,0.12216666666666667,0.287154950312845,0.454888970678444,0.175855723224144,0.034228928965771,0.0,0.0478714268187952,0.223691470187957,0.102824879538014,0.139478427189465,0.195111634236951,0.185695369110237,0.153198219737374,Wales,108748,52.9534193,-1.1496461
0.34650000000000003,0.0545,0.32,0.08883333333333333,,0.0685,0.12216666666666667,0.321203750431618,0.395282743233552,0.224361868841138,0.0263752025286196,0.0,0.0327764349650721,0.159592560759285,0.29594206609001,0.129857542563502,0.151582758809868,0.138607976884955,0.12441709489238,East Midlands,109364,52.915663,-1.15640398322859
0.34650000000000003,0.0545,0.32,0.08883333333333333,,0.0685,0.12216666666666667,0.415177171527124,0.368834834027684,0.153339604891816,0.0,0.0,0.0626483895533754,0.192441071518319,0.0938835000251294,0.143468864652963,0.190682012363673,0.19885409860783,0.180670452832085,West Midlands,99485,52.5246182,-1.4684488
0.34650000000000003,0.0545,0.32,0.08883333333333333,,0.0685,0.12216666666666667,0.54200477326969,0.201829753381066,0.152326968973747,0.0341885441527446,0.0,0.0696499602227525,0.188641916688924,0.100048471179432,0.12329485315211,0.201798379677716,0.197574462612893,0.188641916688924,London,101091,51.424323,0.107481602065726
0.34650000000000003,0.0545,0.32,0.08883333333333333,,0.0685,0.12216666666666667,0.264442946990117,0.318643306379155,0.316329739442947,0.0386343216531895,0.0,0.0619496855345911,0.225029463759576,0.104881776664702,0.125883912787272,0.189893930465527,0.187085665880966,0.167225250441956,North West,108607,53.5415797,-2.1147831
0.34650000000000003,0.0545,0.32,0.08883333333333333,,0.0685,0.12216666666666667,0.236564903285947,0.454509438359357,0.190934514099278,0.0323234677231414,0.0,0.0856676765322768,0.23902020995501,0.119108405341712,0.13391773191459,0.194931443262158,0.167428408198243,0.145593801328287,Wales,112024,53.5415797,-2.1147831
0.34650000000000003,0.0545,0.32,0.08883333333333333,,0.0685,0.12216666666666667,0.593642474193807,0.103204769144595,0.243898535648556,0.0289469472673441,0.0,0.0303072737456989,0.202347623362212,0.0897614708786789,0.109959583413929,0.2052490659391,0.198265242754029,0.194417013652051,London,98227,51.3796373,0.1053732
0.34650000000000003,0.0545,0.32,0.08883333333333333,,0.0685,0.12216666666666667,0.342383034226226,0.386512403082051,0.162773846042366,2.41540059418855e-05,0.0,0.108306562643414,0.174046898800712,0.0895174958700735,0.107925167878827,0.188174465254983,0.21446654223252,0.225869429962884,Wales,93221,53.6780539,-1.5765949
0.34650000000000003,0.0545,0.32,0.08883333333333333,,0.0685,0.12216666666666667,0.192948959882779,0.435184157360744,0.344293230912683,0.023843882512266,0.0,0.0037297693315276,0.169926015478005,0.174583038899342,0.18437385596431,0.202525179427365,0.15214078343564,0.116451126795338,South East,117458,51.7472625,-1.235203
0.34650000000000003,0.0545,0.32,0.08883333333333333,,0.0685,0.12216666666666667,0.411143683776896,0.143262248280355,0.415339809545707,0.0276484451342185,0.0,0.002605813262823,0.154936337201095,0.20273284209932,0.139926409004075,0.168732296283749,0.165730310644345,0.167941804767417,South East,106263,51.7520131,-1.2578499
0.34650000000000003,0.0545,0.32,0.08883333333333333,,0.0685,0.12216666666666667,0.142145377178099,0.547305485982063,0.282459400500929,0.0,0.0,0.0280897363389081,0.174073114778361,0.130032191223266,0.231332790646044,0.213784873825205,0.170400725227559,0.0803763042995633,Wales,108103,51.4734122,-0.0699321
0.34650000000000003,0.0545,0.32,0.08883333333333333,,0.0685,0.12216666666666667,0.419782408826234,0.285090407600368,0.20282332209623,0.042024210848912,0.0,0.0502796506282562,0.200733482848634,0.0951045994338027,0.121521011801904,0.189345196514578,0.199529394463032,0.193766314938049,Wales,108796,53.87904015,-2.17177953034584
0.34650000000000003,0.0545,0.32,0.08883333333333333,,0.0685,0.12216666666666667,0.312064665921403,0.37761200447158,0.21068019606157,0.041620087711755,0.0,0.0580230458336916,0.164165356099753,0.0822062457874635,0.100483037519658,0.181678274545046,0.225994158616041,0.245472927432038,Yorkshire & the Humber,89019,53.4825078,-1.590469
0.34650000000000003,0.0545,0.32,0.08883333333333333,,0.0685,0.12216666666666667,0.424123657741607,0.319942410366134,0.19404507188706,0.0247155512007838,0.0,0.0371733088044152,0.15421795781528,0.0806466541202603,0.100628348707823,0.165705118316725,0.23859768200002,0.260204239039891,Wales,97240,54.6657228,-2.7654626
0.34650000000000003,0.0545,0.32,0.08883333333333333,,0.0685,0.12216666666666667,0.408373385572083,0.298899797271133,0.198537618733058,0.0677205530625726,0.0,0.0264686453611535,0.223364464358703,0.105038290389999,0.151202696137028,0.209467327847486,0.167058696507207,0.143868524759576,Eastern,129667,52.5725769,-0.2427336
0.34650000000000003,0.0545,0.32,0.08883333333333333,,0.0685,0.12216666666666667,0.337266720760403,0.372829488814188,0.174382751825664,0.0769908427031413,0.0,0.0385301958966036,0.194097943523939,0.0958661749942848,0.131101591308929,0.183273862179328,0.197268634018825,0.198391793974694,Wales,100609,50.3877305,-4.171494
0.34650000000000003,0.0545,0.32,0.08883333333333333,,0.0685,0.12216666666666667,0.350090292351994,0.323368636829518,0.251891258724193,0.0663770803845966,0.0,0.0082727317096978,0.153853316944165,0.185374529742616,0.157820240622788,0.185821507058517,0.173836927775915,0.143293477855999,Wales,107388,50.3714122,-4.1424451
0.34650000000000003,0.0545,0.32,0.08883333333333333,,0.0685,0.12216666666666667,0.24469001875602,0.482131089369899,0.164039134181579,0.0,0.0,0.109139757692503,0.188674944752202,0.0894072877543133,0.150135270392135,0.185840707964602,0.205244329048945,0.180697460087802,Wales,100909,53.712412,-1.2736371
0.34650000000000003,0.0545,0.32,0.08883333333333333,,0.0685,0.12216666666666667,0.14463588639117,0.448849104859335,0.243123794140082,0.032238524700498,0.113182572800287,0.0179701171086283,0.185770478227865,0.111340043573844,0.133964924041523,0.188067470449639,0.195756972307935,0.185100111399193,Wales,101437,51.6001047,-3.3449362
0.34650000000000003,0.0545,0.32,0.08883333333333333,,0.0685,0.12216666666666667,0.474868586819584,0.12745992441027,0.316043268604197,0.0529562535296928,0.0,0.028671966636257,0.169633120023046,0.0833659128788658,0.123551924936727,0.188347496862075,0.204129714603181,0.230971830696105,South West,97198,50.74020055,-1.9537512539581
0.34650000000000003,0.0545,0.32,0.08883333333333333,,0.0685,0.12216666666666667,0.27348643006263,0.403862212943633,0.112630480167015,0.0122129436325678,0.0,0.197807933194154,0.185410970269315,0.142629372849197,0.286052333508885,0.235572934327001,0.100857796278795,0.0494765927668078,London,138611,51.508044,-0.0148511948312562
0.34650000000000003,0.0545,0.32,0.08883333333333333,,0.0685,0.12216666666666667,0.447419657786838,0.280459032915684,0.203266371944934,0.0415053714181001,0.0,0.0273495659344435,0.198955389332188,0.0981993948049094,0.14103242687226,0.197487341835359,0.197137806717066,0.167187640438217,South East,100133,50.82802085,-1.08355666238751
0.34650000000000003,0.0545,0.32,0.08883333333333333,,0.0685,0.12216666666666667,0.3383890697445,0.13909440662918,0.466632139686298,0.0216040248594258,0.0,0.0342803590805958,0.160016686752572,0.209344581440623,0.159479002503013,0.183980717530361,0.156938907944748,0.130240103828683,South East,107870,50.79444535,-1.07121589189787
0.34650000000000003,0.0545,0.32,0.08883333333333333,,0.0685,0.12216666666666667,0.291121703806326,0.416629487871886,0.237889496794797,0.0454833634677248,0.0,0.0088759480592669,0.198683811750444,0.154452959258778,0.155682556176127,0.189660994934407,0.171468156037581,0.130051521842663,North West,115485,53.7593363,-2.6992717
0.34650000000000003,0.0545,0.32,0.08883333333333333,,0.0685,0.12216666666666667,0.523344508696533,0.285286771820084,0.169633013072925,0.0107778502801341,0.0,0.0109578561303242,0.174362199065756,0.10296442687747,0.228206970894718,0.239840100610852,0.149416097736256,0.105210204814948,London,111320,51.4625524,-0.2167462
0.34650000000000003,0.0545,0.32,0.08883333333333333,,0.0685,0.12216666666666667,0.330389657683904,0.407706664238893,0.239689548434086,0.0067370721048798,0.0,0.0154770575382374,0.174635185170247,0.120483677107617,0.190155444594126,0.223624028975453,0.185573580065663,0.105528084086894,Wales,123967,52.8040025,-4.7141157
0.34650000000000003,0.0545,0.32,0.08883333333333333,,0.0685,0.12216666666666667,0.215783262610792,0.46463454440455,0.164511512290657,0.0690235267532076,0.0,0.0860471539407939,0.187814943296946,0.0925601773760648,0.129700943105991,0.183974624189767,0.209785387691883,0.196163924339348,Wales,94260,53.4598936,-1.3376657
0.34650000000000003,0.0545,0.32,0.08883333333333333,,0.0685,0.12216666666666667,0.578080726018983,0.144748053183268,0.151286979610438,0.0422256127766659,0.0,0.0836586284106445,0.175526403050651,0.0890429412252341,0.110617176490094,0.185215120616762,0.211493824090193,0.228104534527066,Eastern,96504,51.5884892,0.6012418
0.34650000000000003,0.0545,0.32,0.08883333333333333,,0.0685,0.12216666666666667,0.43549336022861,0.274625987560935,0.257017986216171,0.0251092620608505,0.0,0.0077534039334341,0.178994782220006,0.137493230639629,0.185510560202178,0.229341631351379,0.153705311476537,0.11495448411027,Wales,116335,51.45502715,-0.967763723533099
0.34650000000000003,0.0545,0.32,0.08883333333333333,,0.0685,0.12216666666666667,0.47843888423321,0.223656171435412,0.246402490123309,0.0305997845085598,0.0,0.0209026696995091,0.199008840637534,0.0908002771886352,0.111053946788182,0.202715188677264,0.209130425652548,0.187291321055837,Wales,95242,51.4564242,-0.9700664
0.34650000000000003,0.0545,0.32,0.08883333333333333,,0.0685,0.12216666666666667,0.151752623353427,0.331569546773833,0.433221701272606,0.0444295601696807,0.0,0.0390265684304532,0.17945886842613,0.0912033960079754,0.11478678472654,0.167334862680359,0.221565937010913,0.225650151148082,North East,93286,54.6179021,-1.0687914
0.34650000000000003,0.0545,0.32,0.08883333333333333,,0.0685,0.12216666666666667,0.445272181555138,0.296322687914318,0.181058495821727,0.0358230226080196,0.0,0.0415236121007967,0.188474734082928,0.090902650568268,0.133348176785516,0.196712850044024,0.195123925958162,0.195437662561103,West Midlands,98809,52.3057655,-1.9417444
0.34650000000000003,0.0545,0.32,0.08883333333333333,,0.0685,0.12216666666666667,0.548354177088544,0.11647823911956,0.267913956978489,0.0433016508254127,0.0,0.0239519759879939,0.200904493916311,0.0839189823982904,0.11935266973077,0.214342952408146,0.197901795171734,0.183579106374748,South East,108567,51.2376557,-0.2057067
0.34650000000000003,0.0545,0.32,0.08883333333333333,,0.0685,0.12216666666666667,0.0939518885189513,0.529799572244394,0.14140189182634,0.0164046479835953,0.151522501267832,0.0669194981588869,0.184796186555008,0.104509978314529,0.129353333266711,0.176241917914997,0.206711503292794,0.19838708065596,Wales,100067,51.5450167,-3.5149965
0.34650000000000003,0.0545,0.32,0.08883333333333333,,0.0685,0.12216666666666667,0.509310182275299,0.218573224387178,0.208595223130107,0.0605554682589566,0.0,0.00296590194846,0.173843281699379,0.0870679650840103,0.111034865533074,0.179332963318028,0.226207174933145,0.222513749432363,North West,99094,53.90264405,-2.42285603548628
0.34650000000000003,0.0545,0.32,0.08883333333333333,,0.0685,0.12216666666666667,0.64570943075616,0.156939633575148,0.196828094024356,0.0003267760277106,0.0,0.0001960656166263,0.154180145517856,0.0898578137930293,0.105538061409825,0.157565531398111,0.230743602695412,0.262114845185766,Wales,93047,51.4405529,-0.307639437733795
0.34650000000000003,0.0545,0.32,0.08883333333333333,,0.0685,0.12216666666666667,0.501929713882807,0.0507477641295877,0.432237354807585,0.0113927338850335,0.0,0.0036924332949864,0.208991505431321,0.0795995802050536,0.117856534180099,0.243229909492927,0.194558811657383,0.155763659033216,London,111482,51.43851165,-0.274735034756565
0.34650000000000003,0.0545,0.32,0.08883333333333333,,0.0685,0.12216666666666667,0.180909024868635,0.363755236457854,0.344407584086011,0.0435382715451485,0.0,0.0673898830423517,0.22918002837541,0.109556294093639,0.135239927701009,0.199900880415136,0.177900219617904,0.148222649796902,North West,102906,53.6153659,-2.1557561
0.34650000000000003,0.0545,0.32,0.08883333333333333,,0.0685,0.12216666666666667,0.499700405052369,0.289001270282578,0.165112767538288,0.0,0.0,0.0461855571267646,0.199578812523049,0.101017061004251,0.143747209875585,0.202344674986898,0.192659303973137,0.16065293763708,South East,103039,51.3883811,0.504925
0.34650000000000003,0.0545,0.32,0.08883333333333333,,0.0685,0.12216666666666667,0.564744589484479,0.197385006516119,0.121370735146452,0.0446728053496271,0.0,0.0718268635033221,0.19992795389049,0.0966156801891672,0.147731471218503,0.206772334293948,0.182646124288775,0.166306436119116,London,108264,51.5760462,0.1822646
0.34650000000000003,0.0545,0.32,0.08883333333333333,,0.0685,0.12216666666666667,0.507417880384258,0.0714866749302758,0.391830647660366,0.0292647970251007,0.0,0.0,0.160516361940109,0.12888767201079,0.109295934613083,0.175433259306582,0.199375335909059,0.226491436220377,South East,98613,51.07592055,-1.51962399721452
0.34650000000000003,0.0545,0.32,0.08883333333333333,,0.0685,0.12216666666666667,0.414452243670093,0.32585443302415,0.180600818918693,0.0340101947020974,0.0,0.0450823096849669,0.187509861154938,0.0908015146733985,0.124398469548753,0.189797649100663,0.218947223098769,0.188545282423477,North West,101405,53.6848806,-2.26143975890742
0.34650000000000003,0.0545,0.32,0.08883333333333333,,0.0685,0.12216666666666667,0.283055510600421,0.409821284072781,0.173352137423994,0.0559036367419601,0.0,0.0778674311608443,0.179876586280581,0.0895512624831014,0.117962583402381,0.175210413850246,0.212125506955649,0.225273647028041,Yorkshire & the Humber,91724,53.33872705,-1.31389056549178
0.34650000000000003,0.0545,0.32,0.08883333333333333,,0.0685,0.12216666666666667,0.175207526286663,0.451355838406198,0.160774764803542,0.0616270060874377,0.0,0.151034864416159,0.198085310859762,0.103607599615584,0.140921859983736,0.19013824203445,0.196006135876395,0.171240851630073,Yorkshire & the Humber,108216,53.4310417,-1.355187
0.34650000000000003,0.0545,0.32,0.08883333333333333,,0.0685,0.12216666666666667,0.446187162290015,0.31408868237916,0.201963711288186,0.0088934676113785,0.0,0.0288669764312595,0.192409992048041,0.0904421106510552,0.138290968585191,0.205507874267643,0.190006123922601,0.183342930525469,West Midlands,109407,52.3726682,-1.2620038
0.34650000000000003,0.0545,0.32,0.08883333333333333,,0.0685,0.12216666666666667,0.564990243595392,0.213969492876775,0.171083275634166,0.0270032101718386,0.0,0.022953777721827,0.190321708569884,0.0833558619446697,0.114185014969011,0.215083155607622,0.193565828602325,0.203488430306489,London,99873,51.5775626,-0.4278453
0.34650000000000003,0.0545,0.32,0.08883333333333333,,0.0685,0.12216666666666667,0.329131086320497,0.439808758117076,0.170524012273733,0.0272828905116433,0.0,0.0332532527770509,0.182412626832018,0.0915767434369463,0.118934879476029,0.189252160841789,0.209201696462125,0.208621892951092,Wales,93135,53.3421509,-2.7334941
0.34650000000000003,0.0545,0.32,0.08883333333333333,,0.0685,0.12216666666666667,0.571521357899067,0.130139210634567,0.224966983480915,0.0596895364697222,0.0,0.0136829115157288,0.191910053059647,0.0964403856484492,0.116627555203709,0.212427078326595,0.199289396552536,0.183305531209063,South East,106107,51.3948374,-0.55196094647528
0.34650000000000003,0.0545,0.32,0.08883333333333333,,0.0685,0.12216666666666667,0.523894284719266,0.212223813024804,0.222342607282436,0.0415392949734937,0.0,0.0,0.179314266332811,0.0987999162036251,0.110381772293327,0.192801492373532,0.204014245383717,0.214688307412986,East Midlands,100243,52.91250105,-1.01106222911909
0.34650000000000003,0.0545,0.32,0.08883333333333333,,0.0685,0.12216666666666667,0.50799931188715,0.15723378634096,0.243936005504903,0.0398030276965422,0.0,0.0510278685704455,0.166970861011482,0.0873002398183323,0.102559477068698,0.17699866295974,0.220431248540928,0.245739510600819,Wales,94238,52.6720893,-0.6494345
0.34650000000000003,0.0545,0.32,0.08883333333333333,,0.0685,0.12216666666666667,0.202014860255427,0.417885189983871,0.248763848859039,0.0260979930722652,0.0,0.105238107829398,0.173891772666213,0.169870147100284,0.232375329607456,0.186885354649331,0.13355942884625,0.103417967130467,Wales,120598,53.4877463,-2.2891921
0.34650000000000003,0.0545,0.32,0.08883333333333333,,0.0685,0.12216666666666667,0.499456398640997,0.0810645526613816,0.365481313703284,0.031845979614949,0.0,0.0221517553793884,0.171017500621548,0.0798823923641512,0.108722206007934,0.182313454616208,0.215974316567759,0.242090129822399,South West,92511,51.0690613,-1.7954134
0.34650000000000003,0.0545,0.32,0.08883333333333333,,0.0685,0.12216666666666667,0.43478619098624,0.26732306171212,0.228495509598748,0.0305676855895196,0.0,0.0388275521133723,0.155879568653276,0.0826267698386565,0.108762759301943,0.160448221929536,0.228082811985512,0.264199868291077,Yorkshire & the Humber,97185,54.294096,-0.4259937
0.34650000000000003,0.0545,0.32,0.08883333333333333,,0.0685,0.12216666666666667,0.350001134893433,0.388088158521915,0.178359852009896,0.0449644778355312,0.0,0.0385863767392241,0.187321005215742,0.093959222380275,0.130621147463253,0.181460407776197,0.20176386913229,0.204874348032243,Yorkshire & the Humber,105451,53.5922488,-0.6450841
0.34650000000000003,0.0545,0.32,0.08883333333333333,,0.0685,0.12216666666666667,0.341571434220412,0.3809166040571,0.23405433192297,0.0434576297995175,0.0,0.0,0.155547478218727,0.0817940499399707,0.0946370154974721,0.164337089294959,0.224862042758484,0.278822324290388,North West,90788,50.84018375,0.462184008771202
0.34650000000000003,0.0545,0.32,0.08883333333333333,,0.0685,0.12216666666666667,0.47787505211125,0.278204593730768,0.17406150120104,0.0308697119488614,0.0,0.0389891410080797,0.181282897671514,0.0844955938184593,0.128369068506458,0.189500500589804,0.215164401621713,0.201187537792052,Wales,100881,53.785097,-1.09904072024321
0.34650000000000003,0.0545,0.32,0.08883333333333333,,0.0685,0.12216666666666667,0.5630208018078,0.141718620745314,0.209410245546073,0.0360954744466638,0.0,0.0497548574541492,0.199863279482875,0.0828767605279824,0.104400188996009,0.196636273159551,0.206357504046324,0.209865993787259,South East,99473,51.27452185,0.196116556219498
0.34650000000000003,0.0545,0.32,0.08883333333333333,,0.0685,0.12216666666666667,0.114732791355539,0.548943652998292,0.201508703076021,0.0408012436606437,0.0,0.0940136089095033,0.227983606408404,0.112519651408995,0.148587370391574,0.189098806830057,0.177376116608962,0.144434448352008,Wales,110043,53.3806626,-1.4702278
0.34650000000000003,0.0545,0.32,0.08883333333333333,,0.0685,0.12216666666666667,0.10536335587212,0.429429527998424,0.425293770104379,0.0163132672487362,0.0,0.0236000787763408,0.111366820092055,0.349498588041714,0.20347764214084,0.14456451648767,0.10299513041158,0.0880973028261401,Yorkshire & the Humber,89946,53.3887994,-1.46936796487376
0.34650000000000003,0.0545,0.32,0.08883333333333333,,0.0685,0.12216666666666667,0.235799309836765,0.172308169516498,0.539800705672521,0.0236516614322825,0.0,0.0284401535419332,0.173294323914423,0.133937118824554,0.0959459604814508,0.185922189116802,0.196097623939162,0.214802783723607,Wales,92969,53.38172635,-1.46279513947516
0.34650000000000003,0.0545,0.32,0.08883333333333333,,0.0685,0.12216666666666667,0.165120036934441,0.433564173591874,0.316343490304709,0.0343490304709141,0.0,0.0506232686980609,0.194392134225393,0.103167318047183,0.150360073055558,0.190086398607024,0.191420703490958,0.170573372573884,Wales,105675,53.3708803,-1.46834989543711
0.34650000000000003,0.0545,0.32,0.08883333333333333,,0.0685,0.12216666666666667,0.174261151094875,0.482335440684269,0.238794216087327,0.0449325137269485,0.0,0.0596766784065801,0.190174676684794,0.10097234766233,0.136320836295855,0.178625646150003,0.203847114664002,0.190059378543016,Yorkshire & the Humber,104078,53.36046085,-1.42509192573562
0.34650000000000003,0.0545,0.32,0.08883333333333333,,0.0685,0.12216666666666667,0.40179381443299,0.377525773195876,0.152041237113402,0.0309278350515463,0.0,0.0377113402061855,0.178833357618146,0.0857351012676672,0.130516295109039,0.183942882121521,0.212161833989023,0.208810529894604,Wales,102945,53.20786945,-1.08240544520148
0.34650000000000003,0.0545,0.32,0.08883333333333333,,0.0685,0.12216666666666667,0.500563086548488,0.29318039624609,0.206256517205422,0.0,0.0,0.0,0.180924226560736,0.0814189813389172,0.11503561823818,0.194689084601014,0.210116811397836,0.217815277863316,Yorkshire & the Humber,97422,53.8321814,-1.7779777
0.34650000000000003,0.0545,0.32,0.08883333333333333,,0.0685,0.12216666666666667,0.444233338900952,0.207992316686153,0.292863704693503,0.0309837982294972,0.0,0.0239268414898947,0.169258737626482,0.0908773086412354,0.125078661112942,0.177069911000569,0.210861726249338,0.226853655369432,Wales,100113,52.707755,-2.7540658
0.34650000000000003,0.0545,0.32,0.08883333333333333,,0.0685,0.12216666666666667,0.500514012425692,0.245586197648952,0.163500648102624,0.0537254726679479,0.0,0.0366736691547847,0.201293645035128,0.0970676199408922,0.136602544817456,0.19046312846196,0.194090997575522,0.180482064169041,South East,113014,51.3397366,0.7342319
0.34650000000000003,0.0545,0.32,0.08883333333333333,,0.0685,0.12216666666666667,0.505636284409753,0.101794138264214,0.323115397002823,0.0348028721368622,0.0,0.0346513081863478,0.155509551529064,0.0787181274083791,0.0913646798393047,0.166096171189637,0.239495367713372,0.268816102320243,Yorkshire & the Humber,97576,53.2785819,-2.9444809
0.34650000000000003,0.0545,0.32,0.08883333333333333,,0.0685,0.12216666666666667,0.516037318619295,0.16883937409178,0.181665016953436,0.0363287913569066,0.0,0.0971294989785818,0.171973927303676,0.0858676021837959,0.115313557386918,0.178948788740581,0.215774396446142,0.232121727938887,East Midlands,96347,52.99965,-0.4095586
0.34650000000000003,0.0545,0.32,0.08883333333333333,,0.0685,0.12216666666666667,0.346640427326399,0.463663199325274,0.147104301377565,0.0321197638459375,0.0,0.0104723081248242,0.25039624260226,0.104957031306801,0.150317721132454,0.246920940512716,0.150230475054892,0.0971775893908769,South East,137544,51.5111014,-0.5940682
0.34650000000000003,0.0545,0.32,0.08883333333333333,,0.0685,0.12216666666666667,0.268412513425196,0.50844359132561,0.154064121021,0.0678457987705948,0.0,0.0012339754575992,0.229748901170634,0.114313068453806,0.13965794856173,0.209704512816049,0.172287740980896,0.134287828016885,Wales,114895,52.4968157,-1.9739174
0.34650000000000003,0.0545,0.32,0.08883333333333333,,0.0685,0.12216666666666667,0.439692396265987,0.105892996668997,0.392914422009294,0.0224739893901385,0.0,0.0390261956655837,0.185455057274637,0.0885429072562309,0.116281587665923,0.192893181178407,0.205419977912994,0.211407288711808,Wales,92362,52.4130189,-1.7768935
0.34650000000000003,0.0545,0.32,0.08883333333333333,,0.0685,0.12216666666666667,0.432623784210404,0.314515193017479,0.131316882936001,0.0602613802548805,0.0,0.0612827595812344,0.200839706694,0.097896790980052,0.140660726957344,0.192974848222029,0.190185681621067,0.177442245525507,Eastern,101464,51.5307156,-0.480036149302633
0.34650000000000003,0.0545,0.32,0.08883333333333333,,0.0685,0.12216666666666667,0.46893503460929,0.10958218663998,0.359519639729797,0.0328788257860061,0.0,0.0290843132349261,0.17986502973921,0.0936308525240201,0.115963855421687,0.197689492145798,0.205095699252707,0.207755070916578,Eastern,104912,52.17965405,-0.0034368130503711
0.34650000000000003,0.0545,0.32,0.08883333333333333,,0.0685,0.12216666666666667,0.531992070521743,0.0911046438061495,0.329242059977224,0.0412923362436205,0.0,0.0063688894512632,0.170986374407583,0.0850753215978334,0.0977699729180771,0.182422139471903,0.224018280297901,0.239727911306703,Wales,94528,51.7489422,-0.2303579
0.34650000000000003,0.0545,0.32,0.08883333333333333,,0.0685,0.12216666666666667,0.454911035226456,0.31351096333573,0.158900970524802,0.0239036664270309,0.0,0.0487733644859813,0.187385103011094,0.0877760169043845,0.131072371896461,0.192012678288431,0.209381933438986,0.192371896460644,East Midlands,94651,52.8224616,-1.502636219
0.34650000000000003,0.0545,0.32,0.08883333333333333,,0.0685,0.12216666666666667,0.474537808127915,0.0780521319120586,0.359239673550966,0.061958694203864,0.0,0.0262116922051965,0.150566208333793,0.0754429877275584,0.0878146673870615,0.151040345789549,0.234488538002668,0.30064725275937,Wales,90690,50.4155623,-3.58601027095414
0.34650000000000003,0.0545,0.32,0.08883333333333333,,0.0685,0.12216666666666667,0.457664637520753,0.290136060912543,0.207068297616549,0.0407610251321489,0.0,0.0043699788180066,0.150921740896856,0.0835711746483165,0.101884109491646,0.160702859174242,0.230206693413234,0.272713422375705,South West,98455,50.38628265,-2.21376124551175
0.34650000000000003,0.0545,0.32,0.08883333333333333,,0.0685,0.12216666666666667,0.458908057808704,0.0718697245439947,0.392905669699839,0.0631819491909251,0.0,0.0131345987565364,0.151734374141059,0.0767962179099554,0.0919245780880655,0.157880270463416,0.239404100929031,0.282260458468473,South West,90955,50.4165967,-4.5145378
0.34650000000000003,0.0545,0.32,0.08883333333333333,,0.0685,0.12216666666666667,0.599203461103024,0.142002264273007,0.156861555879023,0.0656234837457544,0.0,0.0363092349991913,0.169828554726391,0.0845991541911381,0.114640896593929,0.177966953169956,0.214091942894201,0.238872498424384,East Midlands,109481,51.5307156,-0.480036149302633
0.34650000000000003,0.0545,0.32,0.08883333333333333,,0.0685,0.12216666666666667,0.494290375203915,0.20186607249433,0.218756216925954,0.0355906577010305,0.0,0.0494966776747702,0.182786271573804,0.0886594688312711,0.118852943494365,0.184726928836,0.215826700291591,0.209147686972969,East Midlands,101512,52.5298901,-1.45011388649844
0.34650000000000003,0.0545,0.32,0.08883333333333333,,0.0685,0.12216666666666667,0.503844135696849,0.142677891086624,0.286724613875391,0.045650537266443,0.0,0.0211028220746925,0.185655011453516,0.078964429269136,0.116879889354713,0.194158706833211,0.200414919825388,0.223927043264036,Eastern,92548,52.5169106,1.36616778144338
0.34650000000000003,0.0545,0.32,0.08883333333333333,,0.0685,0.12216666666666667,0.555942212380048,0.178656543287989,0.20906886006538,0.0405989665717599,0.0,0.0157334176948223,0.184445275885156,0.0860147296286085,0.111919577803159,0.196624788310819,0.218601079122524,0.202394549249734,East Midlands,101563,52.11838535,-1.08008147951706
0.34650000000000003,0.0545,0.32,0.08883333333333333,,0.0685,0.12216666666666667,0.455917589956788,0.339142722562412,0.146798009379672,0.0395871305986196,0.0,0.0185545475025087,0.173029816707492,0.0847516682152208,0.113797618042064,0.187969845426134,0.216044429428161,0.224406622180927,North West,94711,53.72715265,-2.7330066458997
0.34650000000000003,0.0545,0.32,0.08883333333333333,,0.0685,0.12216666666666667,0.215012502166217,0.521996385512341,0.146188696061199,0.0,0.0,0.116802416260243,0.173962510701572,0.0899495336367323,0.119992790519533,0.178096697156761,0.219675122786464,0.218323345198937,North East,88773,54.9987414,-1.4321848
0.34650000000000003,0.0545,0.32,0.08883333333333333,,0.0685,0.12216666666666667,0.525026483050847,0.0799031476997578,0.327481840193705,0.0429214588377723,0.0,0.0246670702179176,0.143155056558465,0.0765698396983548,0.0871021422703431,0.149032081393634,0.241779537842563,0.30236134223664,Wales,94946,52.51314745,-2.69160028051954
0.34650000000000003,0.0545,0.32,0.08883333333333333,,0.0685,0.12216666666666667,0.477481692432872,0.143307567127746,0.308482506102522,0.0707282343368592,0.0,0.0,0.162022849098489,0.0834587687476311,0.0982186366343602,0.168985868211598,0.221571281607017,0.265742595700904,Eastern,92338,50.7230415,-1.8916432
0.34650000000000003,0.0545,0.32,0.08883333333333333,,0.0685,0.12216666666666667,0.559214009766046,0.120271409801345,0.257309826838978,0.0621261741807699,0.0,0.0010785794128605,0.172085253812602,0.0820573101947804,0.102793330652396,0.17619946175024,0.218259246656562,0.24860539693342,South West,96980,50.3852018,-4.020183
0.34650000000000003,0.0545,0.32,0.08883333333333333,,0.0685,0.12216666666666667,0.491100020794344,0.158723227282179,0.292264504054897,0.0253275109170305,0.0,0.0325847369515491,0.199040985261458,0.0910660205935796,0.10908540278619,0.213446396123561,0.204583080961034,0.182778114274177,Eastern,99058,51.76164775,-0.248358374493659
0.34650000000000003,0.0545,0.32,0.08883333333333333,,0.0685,0.12216666666666667,0.492335516883919,0.188182359557996,0.219921039281854,0.0630582941838152,0.0,0.0365027900924149,0.171878319652342,0.0845388701110574,0.12020280057943,0.170487687107677,0.211173346209561,0.241718976339932,Eastern,103552,52.4235557,0.708694
0.34650000000000003,0.0545,0.32,0.08883333333333333,,0.0685,0.12216666666666667,0.510570639063117,0.111868941620247,0.314246238870126,0.0535549804816,0.0,0.0097591999649107,0.174783622352662,0.0892538452809556,0.119871669228468,0.184367166303888,0.210796703013297,0.220926993820729,South West,96937,51.2598871,-2.1848747
0.34650000000000003,0.0545,0.32,0.08883333333333333,,0.0685,0.12216666666666667,0.368255272528074,0.372637633525062,0.211266319729754,0.0440062083447457,0.0,0.0038345658723637,0.18246411048519,0.140214428493549,0.169135017263311,0.195457023441759,0.167017990187171,0.14571143012902,Wales,110063,50.90472085,-1.35879980823962
0.34650000000000003,0.0545,0.32,0.08883333333333333,,0.0685,0.12216666666666667,0.336858633907542,0.392578395603381,0.227797533829031,0.0398559091119013,0.0,0.0029095275481457,0.183539608439185,0.158641841276734,0.166549053667716,0.208699743060833,0.153937321318713,0.128632432236818,Wales,110532,50.92394315,-1.42759975192888
0.34650000000000003,0.0545,0.32,0.08883333333333333,,0.0685,0.12216666666666667,0.481683696019551,0.203676260302108,0.195278579413982,0.0579517978316823,0.0,0.0614096664326755,0.19035259150686,0.0988355522983591,0.135356866577094,0.19495338137698,0.196663409470298,0.183838198770408,Wales,98244,51.5388241,0.7128137
0.34650000000000003,0.0545,0.32,0.08883333333333333,,0.0685,0.12216666666666667,0.468376646719249,0.142627561269586,0.289082489268571,0.0416146835550104,0.0,0.0582986191875832,0.188859607324497,0.0852839069170402,0.121050635496387,0.206538757013799,0.197845049740842,0.200422043507434,Wales,102832,51.547977,0.647921167542796
0.34650000000000003,0.0545,0.32,0.08883333333333333,,0.0685,0.12216666666666667,0.363680852265241,0.354458017278699,0.25714769711457,0.0080182198046264,0.0,0.0166952135368631,0.181144529547294,0.101306121178156,0.160385142287814,0.23738246466156,0.184016750731677,0.135764991593499,Wales,128472,51.6281547,-0.123596
0.34650000000000003,0.0545,0.32,0.08883333333333333,,0.0685,0.12216666666666667,0.37660026161731,0.141788004203032,0.429073831835824,0.0486779748246949,0.0,0.0038599275191388,0.157158555246321,0.0831544678709703,0.109075411048237,0.17116654514085,0.226767173651834,0.252677847041788,North West,97373,53.6475988,-3.0041751
0.34650000000000003,0.0545,0.32,0.08883333333333333,,0.0685,0.12216666666666667,0.470594452900389,0.164658379841028,0.258794182310164,0.0847497040419414,0.0,0.0212032809064772,0.190316157544558,0.0865815161963964,0.130688164732165,0.213267932591909,0.198562478752853,0.180583750182118,South East,102956,51.4250347,-0.459286076091549
0.34650000000000003,0.0545,0.32,0.08883333333333333,,0.0685,0.12216666666666667,0.341373596022832,0.404897808874977,0.166152642238998,0.0,0.0,0.0875759528631927,0.192637598284489,0.0900748433755203,0.12211453559265,0.188664171887483,0.204074338813438,0.20243451204642,Wales,95132,53.70522395,-1.69882757047425
0.34650000000000003,0.0545,0.32,0.08883333333333333,,0.0685,0.12216666666666667,0.413489853562772,0.178348925258919,0.369218133376069,0.0389430878022396,0.0,0.0,0.211191607801368,0.0844042965806211,0.12382311270988,0.227479627415319,0.191165683624562,0.161935671868249,Eastern,99523,51.753051,-0.3379675
0.34650000000000003,0.0545,0.32,0.08883333333333333,,0.0685,0.12216666666666667,0.399917768793257,0.0716782018776125,0.427236803033418,0.0373009890586811,0.0,0.0638662372370314,0.170714837054041,0.0866204877853183,0.116843930751727,0.180779293683651,0.214090239281454,0.230951211443808,South West,99756,50.3378673,-4.79176791622137
0.34650000000000003,0.0545,0.32,0.08883333333333333,,0.0685,0.12216666666666667,0.223090043989586,0.517124517461173,0.201813448244905,0.0471316994344196,0.0,0.0108402908699165,0.180844373009614,0.0878814802982958,0.129581008096317,0.185746089109405,0.207549241781389,0.208397807704979,North West,100169,54.3233651,-1.48706648577979
0.34650000000000003,0.0545,0.32,0.08883333333333333,,0.0685,0.12216666666666667,0.178142340168878,0.528733413751508,0.22226779252111,0.0265862484921592,0.0,0.0442702050663449,0.177261368788419,0.0949674725599148,0.131670233965606,0.186560948093164,0.211560157312611,0.197979819280284,North West,94843,51.1267494,-2.7397217
0.34650000000000003,0.0545,0.32,0.08883333333333333,,0.0685,0.12216666666666667,0.40062152294854,0.0865568497913769,0.437934631432545,0.0571974965229485,0.0,0.0176894993045897,0.154116437504943,0.0777643456745489,0.0940900001129803,0.162352701924055,0.23089785450396,0.280778660279513,South West,88509,50.2149064,-5.4795083
0.34650000000000003,0.0545,0.32,0.08883333333333333,,0.0685,0.12216666666666667,0.488082643599477,0.102018379073579,0.331611591677557,0.0447860269255502,0.0,0.0335013587238367,0.20289868783289,0.0866389790261392,0.1241781217184,0.223276538981864,0.188679602281865,0.174328070158841,Wales,105702,51.1267494,-2.7397217
0.34650000000000003,0.0545,0.32,0.08883333333333333,,0.0685,0.12216666666666667,0.461324764175391,0.301482326111745,0.181258422307453,0.0395148750907017,0.0,0.0164196123147092,0.170128826179849,0.0836206714192033,0.127006959575233,0.184111437818628,0.214562223679479,0.220569881327608,West Midlands,94546,52.8063157,-2.1163818
0.34650000000000003,0.0545,0.32,0.08883333333333333,,0.0685,0.12216666666666667,0.459734943246428,0.286972522587715,0.17545020365125,0.077842330514607,0.0,0.0,0.156487967428162,0.0829197320098091,0.100320321025027,0.16702453447851,0.23149940746477,0.26174803759372,West Midlands,85227,53.07155675,-1.97420071184559
0.34650000000000003,0.0545,0.32,0.08883333333333333,,0.0685,0.12216666666666667,0.334452736318408,0.40271144278607,0.173258706467662,0.0333830845771144,0.0,0.0561940298507462,0.199135132914253,0.0910267471958585,0.135266444800526,0.197080816796088,0.201055918484736,0.176434939808538,North West,97355,53.4840214,-2.0562536
0.34650000000000003,0.0545,0.32,0.08883333333333333,,0.0685,0.12216666666666667,0.414122863989608,0.333990280172896,0.166446440169313,0.0448814136301538,0.0,0.0405590020380282,0.200472146365373,0.0932889195650651,0.146535425982054,0.201132351028819,0.197741299802939,0.160829857255749,Eastern,99971,51.9016663,-0.2027155
0.34650000000000003,0.0545,0.32,0.08883333333333333,,0.0685,0.12216666666666667,0.255315818893236,0.455002794857462,0.233583007266629,0.0312800447177194,0.0,0.0248183342649524,0.19879058410591,0.09070619205677,0.156613635496547,0.21383197894014,0.189386135591927,0.150671473808706,North West,104843,53.407901,-2.160243
0.34650000000000003,0.0545,0.32,0.08883333333333333,,0.0685,0.12216666666666667,0.273803107351253,0.423405900686617,0.159515384435123,0.038267757129801,0.0,0.105007850397207,0.199025453224781,0.0940245957043269,0.140007869011228,0.185587603280772,0.202637127609132,0.178717351169759,North East,99124,54.5658658,-1.312888
0.34650000000000003,0.0545,0.32,0.08883333333333333,,0.0685,0.12216666666666667,0.367532644797306,0.391965057554939,0.156899767960326,0.0304381455025251,0.0,0.0531643841849037,0.18804055089663,0.0842000394123185,0.107442359484137,0.191872304087933,0.217818747126185,0.210625998992796,Wales,91340,54.54583725,-1.33274058959327
0.34650000000000003,0.0545,0.32,0.08883333333333333,,0.0685,0.12216666666666667,0.228774128161423,0.391716957663427,0.201133274980421,0.0423826415442023,0.0,0.135992997650527,0.198524854344862,0.131620889337513,0.150879243478723,0.190679842037224,0.178407621881032,0.149887548920647,West Midlands,112941,53.03285865,-2.19944008999086
0.34650000000000003,0.0545,0.32,0.08883333333333333,,0.0685,0.12216666666666667,0.247349132665526,0.434131443928659,0.178279990227217,0.0620083068653799,0.0,0.0782311263132176,0.199268319427415,0.0988765613006768,0.133825772301803,0.18403660396543,0.193656110130885,0.19033663287379,West Midlands,100318,52.98606945,-2.17512279001374
0.34650000000000003,0.0545,0.32,0.08883333333333333,,0.0685,0.12216666666666667,0.356041713897075,0.33094536386307,0.180253910677851,0.0401722965313987,0.0,0.0925867150306053,0.190133988104058,0.0881717926465296,0.116112439938192,0.18073577037868,0.203437546303156,0.221408462629384,West Midlands,94489,53.0028962,-2.184813
0.34650000000000003,0.0545,0.32,0.08883333333333333,,0.0685,0.12216666666666667,0.501740294511379,0.2421171866955,0.180619915559675,0.0485222943054268,0.0,0.0270003089280197,0.158309725648179,0.0889192886456908,0.114189385697513,0.177203054816506,0.222928358305417,0.238450186886694,Wales,92837,52.9033037,-2.1477653
0.34650000000000003,0.0545,0.32,0.08883333333333333,,0.0685,0.12216666666666667,0.430489138592842,0.323011601226599,0.162631612806382,0.0560547251946046,0.0,0.0278129221795724,0.181379726121781,0.0965248471277237,0.126302644044441,0.185029282576867,0.202232796486091,0.208530703643097,West Midlands,92889,52.4577615,-2.1474345
0.34650000000000003,0.0545,0.32,0.08883333333333333,,0.0685,0.12216666666666667,0.157800224466891,0.54983164983165,0.144809203142536,0.010746352413019,0.0,0.136812570145903,0.182734995889285,0.132709548604314,0.262584661159613,0.232384606350076,0.12377559409623,0.0658105939004815,Wales,127715,52.1927803,-1.70634
0.34650000000000003,0.0545,0.32,0.08883333333333333,,0.0685,0.12216666666666667,0.520904463026189,0.0961503076891623,0.29403226136201,0.0369022550242266,0.0,0.0520107128984114,0.160102226475816,0.0762596889033791,0.0989030636391363,0.174615861931155,0.226412713103289,0.263706445947225,West Midlands,95083,52.1927803,-1.70634
0.34650000000000003,0.0545,0.32,0.08883333333333333,,0.0685,0.12216666666666667,0.21362811947563,0.497463094336157,0.263884105884244,0.0079895309594324,0.0,0.017035149344537,0.181332118942805,0.0974295400495876,0.193062794110206,0.238922903068023,0.176820320801498,0.11243232302788,Wales,118578,51.429769,-0.1311105
0.34650000000000003,0.0545,0.32,0.08883333333333333,,0.0685,0.12216666666666667,0.292903577760604,0.495999454471064,0.172773560030913,0.0342774014638359,0.0,0.0040460062735827,0.201355998820871,0.0991844354917952,0.132376928367888,0.209973469588287,0.195470177852019,0.161638989879139,North West,101770,53.4480136,-2.34841222424097
0.34650000000000003,0.0545,0.32,0.08883333333333333,,0.0685,0.12216666666666667,0.427634987049213,0.377405857740586,0.168180912532377,0.0243474795776051,0.0,0.0024307631002191,0.169407329493975,0.0831363319204773,0.104120887703987,0.181612738614707,0.229351301250742,0.232371411016111,South West,96021,51.745424,-2.2198605
0.34650000000000003,0.0545,0.32,0.08883333333333333,,0.0685,0.12216666666666667,0.473617187339536,0.163821964795531,0.303900425164828,0.0586604227001047,0.0,0.0,0.147574564837357,0.0785813107967525,0.0950762003839512,0.154063126736092,0.226423998026619,0.298280799219227,Eastern,93241,52.15030275,1.39985666680792
0.34650000000000003,0.0545,0.32,0.08883333333333333,,0.0685,0.12216666666666667,0.300732402326731,0.459105574264654,0.169347431881874,0.0257636059628382,0.0,0.0450509855639026,0.166950666201318,0.107782955921904,0.133229998562894,0.180408138126424,0.212127122297727,0.199501118889733,North East,97414,54.90598015,-1.39485326231837
0.34650000000000003,0.0545,0.32,0.08883333333333333,,0.0685,0.12216666666666667,0.570859573758185,0.100512991616966,0.267047587271135,0.0612253409517454,0.0,0.0003545064019685,0.182423136891235,0.0981463176023397,0.116764666918036,0.20069500351578,0.207695992010517,0.194274883062092,South East,98129,51.33588905,-0.691653419464288
0.34650000000000003,0.0545,0.32,0.08883333333333333,,0.0685,0.12216666666666667,0.569589969651995,0.101765500742086,0.262920054050462,0.0517245198591143,0.0,0.0139999556963427,0.169869043688786,0.0814570265214042,0.100880378562782,0.16674369979091,0.225409926268295,0.255639925167822,Wales,90870,51.0160096,-0.454637005673217
0.34650000000000003,0.0545,0.32,0.08883333333333333,,0.0685,0.12216666666666667,0.425762331372508,0.0699453324741732,0.459082500155896,0.0196844665239352,0.0,0.0255253694734872,0.205409796893668,0.0844062126642771,0.131326164874552,0.237352449223417,0.181228195937873,0.160277180406213,London,104625,51.363362,-0.1971463
0.34650000000000003,0.0545,0.32,0.08883333333333333,,0.0685,0.12216666666666667,0.545470891437248,0.205737803172574,0.182143285251928,0.0317057577815958,0.0,0.0349422623566548,0.183534157314992,0.0835289858819879,0.102839116719243,0.192056678905725,0.208326007136577,0.229715054041475,West Midlands,96685,52.5623089,-1.8239794
0.34650000000000003,0.0545,0.32,0.08883333333333333,,0.0685,0.12216666666666667,0.182479271442164,0.427733224593358,0.267183181550451,0.0228807031851751,0.0529427755878754,0.0467808436409768,0.166317521355258,0.171339474464564,0.134090930830966,0.174314383830268,0.177700615069686,0.176237074449259,Wales,104543,51.6785,-3.99494210632912
0.34650000000000003,0.0545,0.32,0.08883333333333333,,0.0685,0.12216666666666667,0.449906217118807,0.308156823276454,0.174024429296857,0.0369641795141589,0.0,0.0309483507937234,0.208451604413783,0.0916217079910521,0.132930428407617,0.217784837490836,0.191147997067504,0.158063424629208,Wales,106394,51.56823085,-1.78694496076881
0.34650000000000003,0.0545,0.32,0.08883333333333333,,0.0685,0.12216666666666667,0.426845953225875,0.342083885587242,0.178011030826457,0.042755141305742,0.0,0.0103039890546838,0.192318241742685,0.0944337777935074,0.153024659134143,0.21478309340742,0.19721998566638,0.148220242255864,Wales,113019,51.5649667,-1.7779576
0.34650000000000003,0.0545,0.32,0.08883333333333333,,0.0685,0.12216666666666667,0.460560810385688,0.322476458127975,0.163251609655838,0.0488244793523625,0.0,0.0048866424781359,0.182114355740204,0.0977373942672684,0.129041256936765,0.185770790367736,0.202976955495113,0.202359247192914,West Midlands,100372,52.6345819,-1.6948438
0.34650000000000003,0.0545,0.32,0.08883333333333333,,0.0685,0.12216666666666667,0.521530516813727,0.194038954173952,0.231488634977433,0.0038832188020981,0.0,0.0490586752327898,0.179529361276017,0.0758171804591946,0.0947101678808995,0.195990476871673,0.217366425863672,0.236586387648543,North West,97868,53.9742358,-2.0351478
0.34650000000000003,0.0545,0.32,0.08883333333333333,,0.0685,0.12216666666666667,0.421983600156189,0.0510152284263959,0.490648184303007,0.0363529871144084,0.0,0.0,0.178593935349941,0.0884675266903914,0.124953662514828,0.182050711743772,0.200455960854092,0.225478202846975,Wales,107904,50.9842844,-3.20757049300792
0.34650000000000003,0.0545,0.32,0.08883333333333333,,0.0685,0.12216666666666667,0.36648674020183,0.383172964092936,0.155503402957052,0.0583431119455526,0.0,0.0364937808026284,0.211921414463326,0.0985754224592807,0.145034016201826,0.196835968436018,0.188973598084024,0.158659580355524,West Midlands,104804,52.6780419,-2.4514273
0.34650000000000003,0.0545,0.32,0.08883333333333333,,0.0685,0.12216666666666667,0.467648147744844,0.125835747108914,0.360040943441427,0.0399634122438312,0.0,0.0065117494609839,0.180890374802041,0.0836757719100309,0.120296860605935,0.187773648963369,0.205256130254319,0.222107213464305,South West,96611,51.9925394,-2.15601695929084
0.34650000000000003,0.0545,0.32,0.08883333333333333,,0.0685,0.12216666666666667,0.480923674261776,0.263717175845509,0.177786860120568,0.0448554204557065,0.0,0.0327168693164401,0.174013771205996,0.114101641099481,0.11965811965812,0.183696073544886,0.207020361448007,0.20151003304351,West Midlands,108342,52.6693074,-2.5514357
0.34650000000000003,0.0545,0.32,0.08883333333333333,,0.0685,0.12216666666666667,0.548141288530229,0.139066014023019,0.226987696785289,0.0547691493583807,0.0,0.0310358513030824,0.15179567715006,0.0789870645121296,0.101799809893788,0.156744637765012,0.233892631317932,0.276780179361078,Yorkshire & the Humber,96789,54.2327725,-1.3423775
0.34650000000000003,0.0545,0.32,0.08883333333333333,,0.0685,0.12216666666666667,0.374390678872904,0.0847501287995878,0.499603693575873,0.0351523798200768,0.0,0.0061031189315578,0.175699354128889,0.0877630855117051,0.117061592062101,0.178898147959495,0.214675740103095,0.225902080234714,South West,98163,50.8532148,-4.2731341
0.34650000000000003,0.0545,0.32,0.08883333333333333,,0.0685,0.12216666666666667,0.368149871782695,0.366155380378004,0.106942729603951,0.0739861335359483,0.0,0.0847658846994016,0.236234355340706,0.100150652274684,0.155080789351698,0.228461691278723,0.169276869081518,0.110795642672671,Eastern,120808,51.5080169,0.396281739543767
0.34650000000000003,0.0545,0.32,0.08883333333333333,,0.0685,0.12216666666666667,0.291293091048569,0.456753128446085,0.126648127726902,0.0425996068466222,0.0,0.0827060459318214,0.22164130005702,0.107136277906926,0.137620071055748,0.197184087021361,0.186201149173209,0.150217114785736,Wales,113995,52.5290396,-2.0693747
0.34650000000000003,0.0545,0.32,0.08883333333333333,,0.0685,0.12216666666666667,0.478381362233287,0.114751143455828,0.343645089336007,0.0524299844535069,0.0,0.0107924205213707,0.156388341003726,0.0796515450361604,0.0918584264738111,0.157111549419242,0.22743808897655,0.287552049090511,Wales,91260,50.9025623,-3.4875797
0.34650000000000003,0.0545,0.32,0.08883333333333333,,0.0685,0.12216666666666667,0.581359649122807,0.136228070175439,0.223070175438596,0.0376315789473684,0.0,0.0217105263157894,0.192141130483979,0.0879082446124569,0.102134444273003,0.192058838656586,0.210399629686777,0.215357712287198,Wales,97215,51.1889529,0.2735876
0.34650000000000003,0.0545,0.32,0.08883333333333333,,0.0685,0.12216666666666667,0.389921272429365,0.440354873516365,0.150041961395516,0.0124685289533629,0.0,0.007213363705391,0.163673138404467,0.105958783449999,0.266742475789238,0.222422101466161,0.145618760893678,0.0955847399964581,London,107287,51.4278214,-0.1679667
0.34650000000000003,0.0545,0.32,0.08883333333333333,,0.0685,0.12216666666666667,0.392042815308492,0.0664243158638796,0.472745632636575,0.0540442290215086,0.0,0.0147430071695445,0.160346363470914,0.0837172769854117,0.109943581835075,0.168124215749193,0.220327780917442,0.257540781041964,South West,104400,50.446247,-3.53949981419378
0.34650000000000003,0.0545,0.32,0.08883333333333333,,0.0685,0.12216666666666667,0.237867282931661,0.429443946611328,0.171838890723011,0.0233221713908409,0.0506767910201386,0.0868509173230203,0.185992327532023,0.0919070634387394,0.131288064327359,0.176358395283816,0.20685320444743,0.207600944970632,Wales,92276,51.70148,-3.05205033541131
0.34650000000000003,0.0545,0.32,0.08883333333333333,,0.0685,0.12216666666666667,0.465658387678646,0.0538563697992031,0.410691985966025,0.0557196376538682,0.0,0.0140736189022577,0.152061855670103,0.0769005112731539,0.0935902271393848,0.152355209119102,0.237888693319923,0.287203503478334,Wales,95449,50.86260145,-4.26120556324792
0.34650000000000003,0.0545,0.32,0.08883333333333333,,0.0685,0.12216666666666667,0.152716667085711,0.601161592034797,0.19442838106253,0.0096296482538405,0.0,0.0420637115631207,0.196966472698988,0.118633371735509,0.205001577669012,0.231653176985111,0.160217791703662,0.0875276092077166,London,136277,51.5976955,-0.0672892
0.34650000000000003,0.0545,0.32,0.08883333333333333,,0.0685,0.12216666666666667,0.422695160331888,0.0998085260910711,0.414662059554988,0.0402095208750577,0.0,0.0226247331469947,0.153033049489925,0.132113649776579,0.113323075626001,0.169220554759295,0.1956095607453,0.2367001096029,South West,94888,50.2633173,-5.0518107
0.34650000000000003,0.0545,0.32,0.08883333333333333,,0.0685,0.12216666666666667,0.572845403392301,0.110270007691374,0.257580051005951,0.0415738979071367,0.0,0.0177306400032384,0.197657102205359,0.0831965852501778,0.115010671093194,0.208745553711169,0.205122124733223,0.190267963006877,South East,105426,51.1371483,0.2673446
0.34650000000000003,0.0545,0.32,0.08883333333333333,,0.0685,0.12216666666666667,0.344532817958819,0.0776035085111127,0.550137515795733,0.0146993235709507,0.0,0.0130268341633836,0.199904971305061,0.0890661101587538,0.110792278452709,0.237758068122531,0.203454572557203,0.159023999403742,London,107335,51.4467444,-0.3281887
0.34650000000000003,0.0545,0.32,0.08883333333333333,,0.0685,0.12216666666666667,0.336256100587311,0.461101000909918,0.155906195715113,0.0180122425345355,0.0,0.0287244602531226,0.175355898038886,0.0809641792298324,0.107073867215387,0.198284550455633,0.214546676185277,0.223774828874984,North East,95252,55.0177847,-1.4256042
0.34650000000000003,0.0545,0.32,0.08883333333333333,,0.0685,0.12216666666666667,0.503102644979075,0.230296658214278,0.196445873791411,0.0276042633022038,0.0,0.0425505597130311,0.201188182402055,0.129500050704797,0.14725518034006,0.220895446709259,0.169075144508671,0.132085995335159,London,118333,51.5449509,-0.4816672
0.34650000000000003,0.0545,0.32,0.08883333333333333,,0.0685,0.12216666666666667,0.421941594317285,0.332596685082873,0.153546059307701,0.0317059420453264,0.0553162701544706,0.0048934490923441,0.186553802798996,0.0910362216736765,0.120784820586708,0.182623343327224,0.208176627008931,0.210825184604464,Wales,94390,51.4470646,-3.39888314748466
0.34650000000000003,0.0545,0.32,0.08883333333333333,,0.0685,0.12216666666666667,0.20024763619991,0.500056280954525,0.27707113912652,0.0,0.0,0.0226249437190454,0.142069099003194,0.139678699312881,0.250266137617342,0.208690602922675,0.16987322171683,0.0894222394270782,Wales,103329,51.4874834,-0.1229297
0.34650000000000003,0.0545,0.32,0.08883333333333333,,0.0685,0.12216666666666667,0.374325672292002,0.380188506402296,0.166133990187896,0.0163670785579056,0.0,0.0629847525599006,0.189872582029445,0.0922672099142687,0.142338416848221,0.202840732252497,0.198077884352394,0.174603174603175,Wales,106029,53.7285927,-1.49541069754893
0.34650000000000003,0.0545,0.32,0.08883333333333333,,0.0685,0.12216666666666667,0.32477226994396,0.502737088084471,0.13979704437761,0.0283229114827877,0.0,0.0043706861111712,0.184231538995987,0.08848630655481,0.124697976833656,0.178839194051829,0.215838976284052,0.207906007279666,North West,96433,53.4241208,-3.0394101
0.34650000000000003,0.0545,0.32,0.08883333333333333,,0.0685,0.12216666666666667,0.348246536509533,0.383635864843857,0.137785195007087,0.0667322024598783,0.0,0.0636002011796442,0.237026492550036,0.118057212997375,0.141711275529339,0.195190766817825,0.167658290429268,0.140355961676157,Wales,117315,52.597305,-2.0009559
0.34650000000000003,0.0545,0.32,0.08883333333333333,,0.0685,0.12216666666666667,0.142541079374549,0.528301886792453,0.292688989981853,0.0204588957665249,0.0,0.0160091480846197,0.208622985369679,0.0972332274112255,0.196124721239697,0.265706560363348,0.152405303185015,0.0799072024310349,Wales,122415,51.5844701,-0.0188186
0.34650000000000003,0.0545,0.32,0.08883333333333333,,0.0685,0.12216666666666667,0.302273861934371,0.455430490627695,0.208006172559343,0.0,0.0,0.0342894748785912,0.17825029748047,0.0926380050701019,0.12851156293652,0.193222618862848,0.215655233069481,0.191722282580578,North West,96644,53.4298941,-2.59644523900819
0.34650000000000003,0.0545,0.32,0.08883333333333333,,0.0685,0.12216666666666667,0.360581776230403,0.332584825199316,0.27702354710451,0.0297274469005582,0.0,8.24045652129128e-05,0.182102529802888,0.0904906165165047,0.129145847267577,0.205187472951174,0.207921863319825,0.185151670142031,North West,101668,53.3833092,-2.6025997
0.34650000000000003,0.0545,0.32,0.08883333333333333,,0.0685,0.12216666666666667,0.438843725498287,0.345665002269632,0.191660132876656,0.0195394709693393,0.0,0.004291668386085,0.174230069028294,0.123909580520367,0.153540544640825,0.203879996965789,0.176714329060153,0.167725479784571,West Midlands,105463,52.2818956,-1.5263935624537
0.34650000000000003,0.0545,0.32,0.08883333333333333,,0.0685,0.12216666666666667,0.205413633985062,0.51900480471909,0.198063840920984,0.0264021692593121,0.0,0.0511155511155511,0.182807410854025,0.0922126813586565,0.119739012732118,0.185546296687957,0.208768664608096,0.210925933759147,Wales,94561,54.93375995,-1.49616490607933
0.34650000000000003,0.0545,0.32,0.08883333333333333,,0.0685,0.12216666666666667,0.370875117853776,0.265492414502443,0.317540927402074,0.0231421959372589,0.0,0.0229493443044484,0.207961832545736,0.0948290718451533,0.160016689191028,0.23927220614779,0.170810242083972,0.12710995818632,Eastern,110251,51.6553875,-0.3957425
0.34650000000000003,0.0545,0.32,0.08883333333333333,,0.0685,0.12216666666666667,0.493728990379042,0.177419728758549,0.27033731308682,0.0480816042656775,0.0,0.0104323635099107,0.147630764346377,0.0764686539748052,0.0902339187917408,0.160182780946334,0.233215788101096,0.292268093839647,Wales,88193,52.4247806,1.2237297
0.34650000000000003,0.0545,0.32,0.08883333333333333,,0.0685,0.12216666666666667,0.527356079963926,0.139961921939977,0.282228568565559,0.0402324765769828,0.0,0.0102209529535547,0.17521731169013,0.0835640194314889,0.0938398733290966,0.168097459041997,0.227102833938323,0.252178502568963,Wales,92839,51.1834284,0.282926878859297
0.34650000000000003,0.0545,0.32,0.08883333333333333,,0.0685,0.12216666666666667,0.48240830505736,0.265511391177896,0.170928259815802,0.0297705606721602,0.0,0.0513814832767813,0.194904855059577,0.0953583496354259,0.133069535834964,0.201129290414369,0.195438378089988,0.180099590965677,Wales,112460,52.30189,-0.6937309
0.34650000000000003,0.0545,0.32,0.08883333333333333,,0.0685,0.12216666666666667,0.441192218454399,0.0915580938782795,0.416428698911298,0.0321702659289666,0.0,0.0186507228270569,0.161097003555104,0.083719880367925,0.0933807347215168,0.163218779978557,0.231849218441397,0.2667343829355,Wales,88605,51.28232,-2.68003863636364
0.34650000000000003,0.0545,0.32,0.08883333333333333,,0.0685,0.12216666666666667,0.579023048389113,0.217355061893052,0.166256824907265,0.0340932772058517,0.0,0.003271787604718,0.187718681318681,0.146901098901099,0.136043956043956,0.199657142857143,0.17767032967033,0.152008791208791,Eastern,113750,51.77310555,-0.209517052973229
0.34650000000000003,0.0545,0.32,0.08883333333333333,,0.0685,0.12216666666666667,0.308183440889743,0.446862556638748,0.131287473110898,0.035676690008696,0.0,0.0779898393519154,0.211645985138157,0.10911911117524,0.138040184690859,0.205901450111824,0.18131808671813,0.153975182165789,Wales,110888,52.5186579,-1.9923114
0.34650000000000003,0.0545,0.32,0.08883333333333333,,0.0685,0.12216666666666667,0.481765176631988,0.0677756183072291,0.411569681033497,0.0388514157234861,0.0,3.81083037993979e-05,0.145214027739192,0.077329942512769,0.08256576838416,0.143750133566986,0.230547304083944,0.320592823712948,South West,93589,50.79511975,-2.59936646463172
0.34650000000000003,0.0545,0.32,0.08883333333333333,,0.0685,0.12216666666666667,0.150158861721232,0.65821246028457,0.11675645807432,0.0116314408067412,0.0,0.0632407791131371,0.201345216320403,0.126942948545111,0.220962347059981,0.235245250570223,0.146232155479607,0.0692720820246744,Wales,137226,50.9095379,-1.40686556127035
0.34650000000000003,0.0545,0.32,0.08883333333333333,,0.0685,0.12216666666666667,0.365508043677586,0.456009835792281,0.136971742935734,0.0369884137701091,0.0,0.0045219638242894,0.16453263769963,0.142518618821936,0.106396112947549,0.166693217571389,0.208779720418973,0.211079692540523,North West,100436,53.6109397,-2.85657133250708
0.34650000000000003,0.0545,0.32,0.08883333333333333,,0.0685,0.12216666666666667,0.504042328042328,0.147809523809524,0.238666666666667,0.0642116402116402,0.0,0.0452698412698412,0.183947252598436,0.100094796357111,0.148449402444392,0.18916951620002,0.187442868266919,0.190896164133121,Eastern,118148,52.25813755,0.617482577783891
0.34650000000000003,0.0545,0.32,0.08883333333333333,,0.0685,0.12216666666666667,0.509110978073786,0.0684913567312729,0.382754620968345,0.0396430442265958,0.0,0.0,0.15421502748931,0.0819894115251476,0.0896456933414783,0.156363266137243,0.23366931378538,0.284117287721442,West Midlands,98221,52.2294183,-2.15530542680796
0.34650000000000003,0.0545,0.32,0.08883333333333333,,0.0685,0.12216666666666667,0.404866843461697,0.0492100250252119,0.521234079109551,0.0186381802562282,0.0,0.0060508721473125,0.137599947208077,0.0792098808882241,0.0981819781573419,0.165260715110588,0.240269238806463,0.279478239829306,North West,90922,54.20338915,-2.61424233573436
0.34650000000000003,0.0545,0.32,0.08883333333333333,,0.0685,0.12216666666666667,0.443073708544501,0.10949586556415,0.392015648617409,0.026651551524851,0.0,0.0287632257490886,0.176952524429127,0.0907927728994046,0.127041779740592,0.187756028602974,0.201242351387327,0.216214542940575,Wales,96914,51.3471927,-2.9778916
0.34650000000000003,0.0545,0.32,0.08883333333333333,,0.0685,0.12216666666666667,0.465237195867126,0.26414842795245,0.199466725919342,0.0344628374625041,0.0,0.0366848127985779,0.17071465250691,0.0766549761272629,0.0909239896424006,0.176614550897549,0.22998677985731,0.255105050968567,Wales,91528,53.9259798,-1.37763421146956
0.34650000000000003,0.0545,0.32,0.08883333333333333,,0.0685,0.12216666666666667,0.361967886858593,0.461349396619457,0.114108427181337,0.0230473235691117,0.0,0.039526965771501,0.170622124768907,0.0864504062943376,0.119362397351563,0.171234790833656,0.228352465712197,0.22397781503934,Wales,93036,54.5474199,-3.5885335
0.34650000000000003,0.0545,0.32,0.08883333333333333,,0.0685,0.12216666666666667,0.192831005514611,0.583286089779931,0.161083337628202,0.0311807452455805,0.0,0.0316188218316755,0.187251039140977,0.0953303602355386,0.126753550398337,0.187337634222376,0.216357810876342,0.186969605126429,Wales,92384,53.3646888,-2.7283328
0.34650000000000003,0.0545,0.32,0.08883333333333333,,0.0685,0.12216666666666667,0.247326687811509,0.484911644766652,0.153987313094699,0.0570004531037607,0.0,0.0567739012233801,0.184046447774854,0.0942588567288258,0.135320138809442,0.189480608626015,0.20705106204477,0.189842886016093,North West,104890,53.5457188,-2.6264624
0.34650000000000003,0.0545,0.32,0.08883333333333333,,0.0685,0.12216666666666667,0.475194437897714,0.203158142823474,0.295506324141724,0.0205632806976196,0.0,0.0055778144394689,0.193716992925276,0.0792079207920792,0.160354370295218,0.248738597556004,0.172420352739757,0.145561765691665,London,110395,51.4214787,-0.2064027
0.34650000000000003,0.0545,0.32,0.08883333333333333,,0.0685,0.12216666666666667,0.502071543167434,0.0565222757003578,0.408014668288641,0.0222492551259674,0.0,0.0111422577176001,0.176102249840115,0.131153174307723,0.0977921594456057,0.183490354419022,0.199087464085603,0.212374597901931,South East,104765,51.0612766,-1.3131692
0.34650000000000003,0.0545,0.32,0.08883333333333333,,0.0685,0.12216666666666667,0.582654680063458,0.140687466948704,0.218191433104178,0.0382020095187731,0.0,0.0202644103648863,0.192694146297466,0.131956345269234,0.109966627581853,0.207071344818256,0.195562370343646,0.162749165689546,South East,110871,51.4837886,-0.604041866503269
0.34650000000000003,0.0545,0.32,0.08883333333333333,,0.0685,0.12216666666666667,0.41578671610511,0.376370304691278,0.167580203127519,0.0255320006448492,0.0,0.0147307754312429,0.163324988620847,0.0771506599908966,0.0894629039599453,0.167137005006827,0.22212107419208,0.280803368229404,North West,87880,53.29043325,-3.04149328259076
0.34650000000000003,0.0545,0.32,0.08883333333333333,,0.0685,0.12216666666666667,0.537995560442296,0.191523349169139,0.202622243428832,0.0659917432524946,0.0,0.0018671037072381,0.18182972447674,0.0855382030921894,0.120757518044283,0.187299168839794,0.204654887827556,0.219920497719437,Eastern,102387,51.8019608,0.6383746
0.34650000000000003,0.0545,0.32,0.08883333333333333,,0.0685,0.12216666666666667,0.592817256104237,0.136669221504434,0.223562903755611,0.0376875068433154,0.0,0.0092631117924011,0.18610939749126,0.0873432037836726,0.129570224141476,0.193810405099733,0.206549455068887,0.19661731441497,South East,97260,51.7838848,-1.4852861
0.34650000000000003,0.0545,0.32,0.08883333333333333,,0.0685,0.12216666666666667,0.50301094519266,0.0804410627822761,0.374048907515156,0.0378199129267201,0.0,0.0046791715831875,0.20165666127915,0.0864888786269529,0.132003771261448,0.228103594243054,0.18615793119372,0.165589163395675,South East,103943,51.3201891,-0.5564726
0.34650000000000003,0.0545,0.32,0.08883333333333333,,0.0685,0.12216666666666667,0.545869212113121,0.110028258015709,0.27185546136217,0.0321963375831608,0.0,0.0400507309258394,0.2062793964938,0.0818520554639301,0.106550200557897,0.221143078207399,0.199254779793537,0.184920489483436,South East,98225,51.4570846,-0.886537030321237
0.34650000000000003,0.0545,0.32,0.08883333333333333,,0.0685,0.12216666666666667,0.342792630984759,0.404115564222302,0.134192025452866,0.0360753322727972,0.0,0.0828244470672756,0.213244298178478,0.103407699372417,0.13704461962345,0.188255778356038,0.188571483238941,0.169476121230675,West Midlands,104528,52.5847651,-2.127567
0.34650000000000003,0.0545,0.32,0.08883333333333333,,0.0685,0.12216666666666667,0.312591374269006,0.43859649122807,0.146815606725146,0.0749725877192982,0.0,0.0270239400584795,0.232542214353715,0.105665324937785,0.143796034940624,0.20267900389157,0.172473402034306,0.142844019841999,West Midlands,119746,52.5847651,-2.127567
0.34650000000000003,0.0545,0.32,0.08883333333333333,,0.0685,0.12216666666666667,0.389776616643376,0.399943293436215,0.156975919962736,0.0402616602871782,0.0,0.0130425096704943,0.192719429058372,0.105791080812385,0.130237182218435,0.203264806135492,0.189222056526062,0.178765445249254,Wales,112655,52.58454555,-2.03883458939562
0.34650000000000003,0.0545,0.32,0.08883333333333333,,0.0685,0.12216666666666667,0.401293559153382,0.339476357304256,0.197454341922511,0.0281929559070461,0.0,0.0335827857128049,0.175841420209489,0.12093730745533,0.140316928527418,0.192939386937769,0.193873228589033,0.176091728280961,West Midlands,103872,52.1911849,-2.2206585
0.34650000000000003,0.0545,0.32,0.08883333333333333,,0.0685,0.12216666666666667,0.284789156626506,0.430145582329317,0.187474899598394,0.0422439759036144,0.0,0.0553463855421686,0.19289130638657,0.0921504267091812,0.15133639688643,0.199324767888962,0.19418550126606,0.170111600862797,Wales,106630,53.4830267,-2.3452464
0.34650000000000003,0.0545,0.32,0.08883333333333333,,0.0685,0.12216666666666667,0.53445244474213,0.116146182183523,0.283761721366376,0.0602185197588747,0.0,0.0054211319490957,0.157715832748421,0.0789331194224405,0.112794545272235,0.179183796249875,0.205294294595408,0.266078411711621,South East,99730,50.818373,-0.3933519
0.34650000000000003,0.0545,0.32,0.08883333333333333,,0.0685,0.12216666666666667,0.267860997194043,0.373127563134038,0.233110295704727,0.0235052881502266,0.0687891215195337,0.0336067342974314,0.181753953915562,0.0933901230331351,0.124748937716368,0.192230442374267,0.205310913513459,0.202565629447209,Wales,99079,53.0465084,-2.9937869
0.34650000000000003,0.0545,0.32,0.08883333333333333,,0.0685,0.12216666666666667,0.486728845937746,0.172558714462299,0.287875042139566,0.0442746375997303,0.0,0.0085627598606585,0.208941743188318,0.104489688393798,0.145011666415776,0.220532891765768,0.178609062170706,0.142414948065633,South East,106288,51.66356185,-0.818083680966309
0.34650000000000003,0.0545,0.32,0.08883333333333333,,0.0685,0.12216666666666667,0.369221399241635,0.143381991787658,0.118666378514313,0.0294308336116623,0.0,0.339299396844732,0.167744348322458,0.0845512612320017,0.111301386715482,0.171238202092376,0.212564094993455,0.252600706644227,West Midlands,101607,52.38505915,-2.23479661415052
0.34650000000000003,0.0545,0.32,0.08883333333333333,,0.0685,0.12216666666666667,0.255502932443376,0.441387941400211,0.223479178425069,0.0344776815292876,0.0,0.0451522662020563,0.224267572436167,0.0911535117986037,0.144872334895726,0.214687088303564,0.178175495828143,0.146843996737796,North West,111581,53.3892271,-2.27304464369023
0.34650000000000003,0.0545,0.32,0.08883333333333333,,0.0685,0.12216666666666667,0.32918146087683,0.0523097955076233,0.55699014563199,0.0412212580933032,0.0,0.0202973398902538,0.171394517282479,0.0867794994040524,0.120781883194279,0.173463647199046,0.20476758045292,0.242812872467223,South West,104875,50.9420451,-2.6318629
0.34650000000000003,0.0545,0.32,0.08883333333333333,,0.0685,0.12216666666666667,0.224828707467193,0.333584949483219,0.0752525839043084,0.0348681918476367,0.262135640459877,0.0693299268377656,0.170315630535149,0.0837858242109236,0.101701559278725,0.159194517843143,0.220694561398415,0.264307906733645,Wales,68878,53.27822575,-4.33134400586235
0.34650000000000003,0.0545,0.32,0.08883333333333333,,0.0685,0.12216666666666667,0.281188744862472,0.398124143745389,0.267636210348825,0.0242807461270945,0.0,0.0287701549162187,0.139718129404228,0.232305298801135,0.153857417406424,0.1750343186602,0.160812665873524,0.138272169854489,Yorkshire & the Humber,109271,53.9568097,-1.0818986
0.34650000000000003,0.0545,0.32,0.08883333333333333,,0.0685,0.12216666666666667,0.428154113374388,0.173515711353229,0.35960445286594,0.0206655613453339,0.0,0.0180601610611084,0.165375036076579,0.0885826982073949,0.0965569582366837,0.184177614349392,0.212782332631399,0.252525360498551,Yorkshire & the Humber,93550,53.9443862,-1.0466265
0.34650000000000003,0.0545,0.32,0.08883333333333333,,0.0685,0.12216666666666667,0.147219290958486,0.364646714115719,0.246570421428411,0.0,0.22086261478704,0.0207009587103437,0.169381991962637,0.0927012056044314,0.169345787625357,0.207269830925744,0.184424894102313,0.176876289779515,Scotland,110000,57.1665496,-2.11159819751901
0.34650000000000003,0.0545,0.32,0.08883333333333333,,0.0685,0.12216666666666667,0.194382470119522,0.38191235059761,0.269163346613546,0.0,0.137470119521912,0.0170717131474103,0.146614676859405,0.123809279496519,0.189018863407042,0.213474595112274,0.17488413455783,0.152198450566928,Scotland,117000,57.134873,-2.06055451985946
0.34650000000000003,0.0545,0.32,0.08883333333333333,,0.0685,0.12216666666666667,0.295811711467991,0.147782887779445,0.121566119869162,0.006714050318487,0.408548732200388,0.0195764983645262,0.171507707628788,0.0904686819228614,0.11412062490923,0.18122782630345,0.220014938069254,0.222660221166414,Scotland,96400,57.166667,-2.666667
0.34650000000000003,0.0545,0.32,0.08883333333333333,,0.0685,0.12216666666666667,0.0878844458274985,0.583968673823972,0.0822052798091385,0.0,0.2311602095327,0.0147813910066905,0.183129831815147,0.104119559833753,0.126353984968882,0.195684475741326,0.216669896849495,0.174042250791394,Scotland,92900,55.8657845,-3.9795866
0.34650000000000003,0.0545,0.32,0.08883333333333333,,0.0685,0.12216666666666667,0.162755470625248,0.42555521894153,0.113397497145254,0.0152874554310083,0.28300435785696,0.0,0.174166534160173,0.0947368421052631,0.116711718874224,0.191742195367573,0.225441246621084,0.19720146287168,Scotland,94300,56.1156137,-3.7922423
0.34650000000000003,0.0545,0.32,0.08883333333333333,,0.0685,0.12216666666666667,0.292719232013806,0.194347966778125,0.114507604357674,0.008542767770467,0.384748139359292,0.0051342897206342,0.151152945863837,0.0872852233676975,0.103979281836744,0.170865082922456,0.233139100552816,0.253578365456447,Scotland,100000,56.666667,-2.916667
0.34650000000000003,0.0545,0.32,0.08883333333333333,,0.0685,0.12216666666666667,0.203090117371411,0.285802701089719,0.107269954245043,0.0121571141221458,0.387347759775425,0.0043323533962556,0.17066006051289,0.0885661969900222,0.120849530486551,0.178748029414356,0.211589491515466,0.229586691080713,Scotland,102000,56.5586729,-2.5815669
0.34650000000000003,0.0545,0.32,0.08883333333333333,,0.0685,0.12216666666666667,0.237131692892597,0.226549794064843,0.335177949097053,0.0011828070545992,0.190410814235928,0.0095469426549794,0.144355703897961,0.0942684684489428,0.0958831370084201,0.161022551176323,0.24126832757182,0.263201811896531,Scotland,92300,56.4603494,-5.8618419478791
0.34650000000000003,0.0545,0.32,0.08883333333333333,,0.0685,0.12216666666666667,0.255398426775325,0.471357287603774,0.0929117730372823,0.0,0.180332512583618,0.0,0.157895888492593,0.0953370823395549,0.107524999452966,0.161473490733244,0.230388831754228,0.247379707227412,Scotland,91400,55.4628044,-4.6302502
0.34650000000000003,0.0545,0.32,0.08883333333333333,,0.0685,0.12216666666666667,0.118319872321903,0.496953136335058,0.126420660637423,0.0008705324756976,0.25475165642985,0.0026841418000677,0.191018884270671,0.0911828711104693,0.122195979744015,0.207056590930187,0.209923782217225,0.178621891727431,Scotland,97000,55.9009224,-3.6414828
0.34650000000000003,0.0545,0.32,0.08883333333333333,,0.0685,0.12216666666666667,0.337760639817195,0.102072877137144,0.453543885420492,0.0121393887460725,0.091749296119476,0.0027339127596197,0.158552845699167,0.0867830633392476,0.0942687062331363,0.161177545171077,0.239666558179088,0.259551281378282,Scotland,95200,55.75,-2.5
0.34650000000000003,0.0545,0.32,0.08883333333333333,,0.0685,0.12216666666666667,0.128582242889586,0.213972099059154,0.456645398507624,0.0070509354385206,0.178912079593382,0.0148372445117335,0.159306593734255,0.0885882026342035,0.0990036911751097,0.166113161763949,0.236512816294635,0.250475534397844,Scotland,97300,58.404267,-3.43402698869502
0.34650000000000003,0.0545,0.32,0.08883333333333333,,0.0685,0.12216666666666667,0.203643402026642,0.477057952863486,0.119230331321872,0.0,0.19045884094273,0.0096094728452692,0.163812326153421,0.0899979310820441,0.108917036389968,0.167823728190156,0.229914254844716,0.239534723339693,Scotland,87000,55.6345158,-4.67451219481095
0.34650000000000003,0.0545,0.32,0.08883333333333333,,0.0685,0.12216666666666667,0.082519601712444,0.658978305834817,0.0860551253066525,0.0,0.170546923853961,0.0019000432921256,0.178351770824733,0.106197886568149,0.127796582184429,0.195946503756294,0.219000247667794,0.172707008998596,Scotland,96900,55.8390659,-4.019673
0.34650000000000003,0.0545,0.32,0.08883333333333333,,0.0685,0.12216666666666667,0.089070027627463,0.620658949243099,0.126880836586981,0.0159371646459803,0.139986757083819,0.0074662648126584,0.173135933693967,0.0876382693788027,0.120443305600371,0.185979564075796,0.215979669524321,0.21682325772674,Scotland,94800,56.1110634,-3.3438843
0.34650000000000003,0.0545,0.32,0.08883333333333333,,0.0685,0.12216666666666667,0.0822325276372493,0.584106239460371,0.0936387483605021,4.68427955780401e-05,0.229623383923552,0.0103522578227468,0.182894510040506,0.104541928811514,0.120615358097043,0.19014479014048,0.214330345600275,0.187473067310178,Scotland,92800,55.9477764,-3.9882568
0.34650000000000003,0.0545,0.32,0.08883333333333333,,0.0685,0.12216666666666667,0.318422282456304,0.453855500514067,0.0918029722403963,0.0133283484437797,0.122590896345453,0.0,0.155206707671593,0.086610157389557,0.105347980864367,0.156644940175647,0.233095667962095,0.263094545936738,Scotland,98000,55.083333,-3.833333
0.34650000000000003,0.0545,0.32,0.08883333333333333,,0.0685,0.12216666666666667,0.372593871385412,0.303754855416487,0.19492878722486,0.0139835994820889,0.11404833836858,0.0006905481225722,0.156815575889745,0.0875244497403269,0.0906607612581218,0.162627307268598,0.246813102812563,0.255558803030643,Scotland,89000,55.166667,-3.5
0.34650000000000003,0.0545,0.32,0.08883333333333333,,0.0685,0.12216666666666667,0.105700631893643,0.454714288949788,0.112585781260617,0.0021969062124883,0.30804248861912,0.0167599030643444,0.151276558791177,0.151971284663926,0.185395318319535,0.167158764159864,0.178515602385225,0.165682471680271,Scotland,104000,56.4618109,-2.98082807886673
0.34650000000000003,0.0545,0.32,0.08883333333333333,,0.0685,0.12216666666666667,0.0729103995365109,0.459500412237895,0.341711790003788,0.012946498206208,0.112930900015598,0.0,0.180544926563859,0.0900523121114593,0.12465797943159,0.200977051861325,0.213032949291847,0.190734780739917,Scotland,95400,56.0713724,-3.4616183
0.34650000000000003,0.0545,0.32,0.08883333333333333,,0.0685,0.12216666666666667,0.132526163681744,0.525244121381968,0.101239217060034,8.75771773875728e-05,0.234860095459123,0.0060428252397425,0.173436116464399,0.0967654565341945,0.119172873587166,0.182947028491067,0.233147559768737,0.194530965154435,Scotland,96000,50.90894935,-1.40282796619078
0.34650000000000003,0.0545,0.32,0.08883333333333333,,0.0685,0.12216666666666667,0.304155839080909,0.507747015494031,0.0922217229049842,0.0072683222289521,0.0886071002911236,0.0,0.203986332574031,0.100248498653965,0.0951128598053427,0.185379995858355,0.209784634499896,0.205487678608407,Scotland,96600,55.7494793,-4.36065924945091
0.34650000000000003,0.0545,0.32,0.08883333333333333,,0.0685,0.12216666666666667,0.126732815991159,0.457175119525262,0.200369987747159,0.0015376114167647,0.207937918939048,0.0062465463806068,0.130464306934895,0.160682454800101,0.21114506408624,0.200067905950258,0.160308972073677,0.137331296154825,Scotland,118000,55.9533456,-3.1883749
0.34650000000000003,0.0545,0.32,0.08883333333333333,,0.0685,0.12216666666666667,0.158589726660504,0.375588714292002,0.346934284079405,0.0,0.101038778115234,0.0178484968528544,0.13618440204303,0.0843941037923095,0.250324185566464,0.246054639602685,0.161166538756715,0.121876130238794,Scotland,113000,55.9533456,-3.1883749
0.34650000000000003,0.0545,0.32,0.08883333333333333,,0.0685,0.12216666666666667,0.215855292541313,0.358798570790531,0.341223760607414,0.0,0.0838320678874497,0.0002903081732916,0.159467588803404,0.134289572761499,0.167355541005074,0.185146914388606,0.176542805696513,0.1771975773449,Scotland,97700,57.4585939,-4.1980468
0.34650000000000003,0.0545,0.32,0.08883333333333333,,0.0685,0.12216666666666667,0.247275173805786,0.436712267324512,0.18376317559991,0.0,0.124018838304553,0.0082305449652388,0.151674096556957,0.123987479844446,0.202712700369913,0.204448449208005,0.163274210376553,0.153903063644124,Scotland,105000,55.92887105,-3.2088774382512
0.34650000000000003,0.0545,0.32,0.08883333333333333,,0.0685,0.12216666666666667,0.224935515243773,0.286566028161867,0.358048966129646,0.0,0.128779229565732,0.0016702608989809,0.174131344023018,0.0707977248692371,0.149322129171787,0.210211411857737,0.201293813892779,0.19424357618544,Scotland,105000,55.92953085,-3.29944001159299
0.34650000000000003,0.0545,0.32,0.08883333333333333,,0.0685,0.12216666666666667,0.113392028608288,0.463798293461286,0.107009483285427,0.0211167191001063,0.294683475544893,0.0,0.169558599695586,0.0976458650431253,0.124586504312531,0.197209538305428,0.218325722983257,0.192673769660071,Scotland,98600,55.9991959,-3.784376
0.34650000000000003,0.0545,0.32,0.08883333333333333,,0.0685,0.12216666666666667,0.0578509880339798,0.580702128307402,0.0995950430837621,0.0070334622293943,0.219163900983467,0.0356544773619949,0.161996324049201,0.12009048494274,0.21213063763608,0.1972854517178,0.175757575757575,0.132739525896602,Scotland,106000,55.8584969,-4.20214627894951
0.34650000000000003,0.0545,0.32,0.08883333333333333,,0.0685,0.12216666666666667,0.0693214094884558,0.518996597204646,0.242892094828313,0.0016873365392727,0.138614696701257,0.028487865238055,0.127686532144533,0.194199906147348,0.224045049272641,0.185509150633505,0.153261379633974,0.115297982167996,Scotland,107000,55.89082485,-4.18398405529407
0.34650000000000003,0.0545,0.32,0.08883333333333333,,0.0685,0.12216666666666667,0.0510507236501403,0.654855678813813,0.070320804600834,0.0025348197007277,0.180053967129112,0.0411840061053721,0.169855898425523,0.11721103035331,0.202634948689739,0.19562825761538,0.18212887983119,0.132540985084855,Scotland,111000,54.5178282,-2.1252562
0.34650000000000003,0.0545,0.32,0.08883333333333333,,0.0685,0.12216666666666667,0.114108478640498,0.530221283915865,0.124508040764198,0.0005734094404045,0.204498657700628,0.0260901295384054,0.155058006679557,0.0773971699771488,0.207307962735102,0.219227895939532,0.186104763578836,0.154904201089822,Scotland,91000,55.8533377,-4.26243972232977
0.34650000000000003,0.0545,0.32,0.08883333333333333,,0.0685,0.12216666666666667,0.070789283128168,0.603446777697321,0.104735698769008,0.0012454742939898,0.169384503982621,0.0503982621288921,0.176103854314358,0.0971472241495469,0.193811779138636,0.202570213279435,0.192755940350136,0.137610988767886,Scotland,99400,55.7831978,-4.1654855
0.34650000000000003,0.0545,0.32,0.08883333333333333,,0.0685,0.12216666666666667,0.0964866799990124,0.536602226995531,0.192306742710417,0.0,0.15023578500358,0.0243685652914598,0.148323075724524,0.110071283889062,0.215156590838267,0.205320972265503,0.181569414147709,0.139558663134933,Scotland,103000,55.8831076,-4.28583249726944
0.34650000000000003,0.0545,0.32,0.08883333333333333,,0.0685,0.12216666666666667,0.0764412481150678,0.6279317944554,0.0801299153230483,0.0117387774040134,0.201948729845726,0.0018095348567451,0.184875291412512,0.0926026463981945,0.121610832561555,0.174613312894537,0.220291891546641,0.206006025186557,Scotland,93900,56.1961905,-3.1716324
0.34650000000000003,0.0545,0.32,0.08883333333333333,,0.0685,0.12216666666666667,0.212759331129318,0.19174931723444,0.316731349719707,0.0,0.261942408126108,0.0168175937904269,0.188462947400176,0.0849117590018747,0.103281832482168,0.204290301032171,0.219632814015127,0.199420346068481,Scotland,92800,55.6801057,-2.563132
0.34650000000000003,0.0545,0.32,0.08883333333333333,,0.0685,0.12216666666666667,0.132705977021771,0.53368501050561,0.113639411685815,0.0121820376413786,0.198444275559927,0.0093432875854977,0.171993502260758,0.0957899202268,0.119121770530476,0.192749019648418,0.219898809092696,0.20044697824085,Scotland,96600,55.7759095,-4.033442
0.34650000000000003,0.0545,0.32,0.08883333333333333,,0.0685,0.12216666666666667,0.124232341052726,0.556510864467719,0.128877375555506,0.0096697112485763,0.177806561111235,0.0029031465642377,0.167822798487304,0.093290113452188,0.115861696380334,0.179135602377093,0.234186925985953,0.209702863317125,Scotland,92600,55.9,-4.75
0.34650000000000003,0.0545,0.32,0.08883333333333333,,0.0685,0.12216666666666667,0.132143858816422,0.201678496688313,0.454984789972169,0.0146706651420681,0.178421177536623,0.0181010118444046,0.165426412099981,0.0921239802978546,0.118658009076921,0.195037691481434,0.219181528754874,0.209572378288932,Scotland,103000,57.4790124,-4.225739
0.34650000000000003,0.0545,0.32,0.08883333333333333,,0.0685,0.12216666666666667,0.141602044980989,0.525422636564776,0.0734431722982407,0.0,0.259532146155994,0.0,0.170328539982307,0.0943240963607562,0.122672756073978,0.181519883149211,0.224444032998004,0.206710691435742,Scotland,97200,55.6100589,-4.4964652
0.34650000000000003,0.0545,0.32,0.08883333333333333,,0.0685,0.12216666666666667,0.107669549385526,0.484592626308603,0.110969503868912,0.009239872553482,0.25933090578061,0.0281975421028675,0.18504771495708,0.105644271807413,0.12682108089963,0.199290269985134,0.215144103965856,0.168052558384884,Scotland,104000,55.8831932,-3.5149461
0.34650000000000003,0.0545,0.32,0.08883333333333333,,0.0685,0.12216666666666667,0.200028143249138,0.453833345059687,0.171603461619644,0.0113276577780904,0.16320739229344,0.0,0.185903001736541,0.0869821384271892,0.108430496981724,0.186512858678574,0.223238650458943,0.208932853717026,Scotland,96700,55.915797,-2.7511952
0.34650000000000003,0.0545,0.32,0.08883333333333333,,0.0685,0.12216666666666667,0.14937376147142,0.359274294399446,0.364295746195433,0.0104854070069453,0.115685784096812,0.000885006829944,0.174331816122699,0.0913669995901374,0.0976982979916733,0.170599909398796,0.22532735077766,0.240675626119032,Scotland,92700,51.4100839,-0.935151847925782
0.34650000000000003,0.0545,0.32,0.08883333333333333,,0.0685,0.12216666666666667,0.120604445364453,0.477372111677491,0.173648666131912,0.0094185835899293,0.209589360105571,0.009366833130644,0.193081960287283,0.0917722855935783,0.127112378538234,0.194550063371356,0.204773975496408,0.188709336713139,Scotland,94700,55.833333,-3.083333
0.34650000000000003,0.0545,0.32,0.08883333333333333,,0.0685,0.12216666666666667,0.222149425027675,0.187447755461672,0.227865259923638,0.0221403881345593,0.33334839482186,0.0070487766305944,0.16131556826636,0.0945419762509782,0.114329607049343,0.181257789930337,0.224118107421327,0.224436951081652,Scotland,103000,57.416667,-3.25
0.34650000000000003,0.0545,0.32,0.08883333333333333,,0.0685,0.12216666666666667,0.107712574850299,0.583161676646707,0.101820359281437,0.0033053892215568,0.18874251497006,0.0152574850299401,0.179021741366188,0.100746652405537,0.123557603307485,0.198603369191846,0.214338605837464,0.183732027891478,Scotland,97200,55.7902072,-3.9920191
0.34650000000000003,0.0545,0.32,0.08883333333333333,,0.0685,0.12216666666666667,0.0439627641503023,0.328735475980159,0.0745396480260922,0.0,0.456818645104301,0.0959434667391452,0.152402402402402,0.0783408408408408,0.093506006006006,0.171433933933933,0.238851351351351,0.265465465465465,Scotland,26600,57.666667,-7.166667
0.34650000000000003,0.0545,0.32,0.08883333333333333,,0.0685,0.12216666666666667,0.156388238355451,0.474022031399081,0.100398993841617,0.0,0.259454419290485,0.0097363171133662,0.157777109210469,0.097058065070701,0.105696909786392,0.161032793226458,0.234710104439764,0.243725018266213,Scotland,93100,52.9442507,1.2119139
0.34650000000000003,0.0545,0.32,0.08883333333333333,,0.0685,0.12216666666666667,0.200853000972333,0.223282948819942,0.401330327941306,0.0239989392734022,0.150534782993017,0.0,0.140973695375477,0.14470725498515,0.108283835383962,0.155006364022061,0.21491302503182,0.236115825201527,Scotland,94300,54.8546687,-1.578869
0.34650000000000003,0.0545,0.32,0.08883333333333333,,0.0685,0.12216666666666667,0.105034632482167,0.106533650367001,0.619714669699163,0.0631655122505944,0.105551535201075,0.0,0.168359718557607,0.0856860158311345,0.113214599824098,0.178166226912928,0.224494283201407,0.230079155672823,Scotland,45500,58.8520573,-3.28693984225352
0.34650000000000003,0.0545,0.32,0.08883333333333333,,0.0685,0.12216666666666667,0.131943921952198,0.555563915431495,0.102475359265668,0.0,0.186316555062323,0.0237002482883154,0.16650753824633,0.0972200635033417,0.142049870106801,0.189699580345049,0.21171481226547,0.192808135533006,Scotland,90100,55.833721,-4.4413845
0.34650000000000003,0.0545,0.32,0.08883333333333333,,0.0685,0.12216666666666667,0.10471279186363,0.589815212720241,0.0964045265721243,0.0,0.181826863391109,0.0272406054528959,0.160004947099762,0.101595439673491,0.134628573998493,0.179107498229163,0.231333130951979,0.193330410047109,Scotland,88900,55.8455828,-4.4239646
0.34650000000000003,0.0545,0.32,0.08883333333333333,,0.0685,0.12216666666666667,0.267923216877568,0.248073266962406,0.120305824151113,0.0052742400392501,0.351595559825827,0.0068278921438354,0.16425557861196,0.0927391992761818,0.113755495018833,0.181623280194329,0.218502601221443,0.229123845677251,Scotland,102000,56.26832945,-3.46343877620397
0.34650000000000003,0.0545,0.32,0.08883333333333333,,0.0685,0.12216666666666667,0.104903786468032,0.591235257603973,0.118833022967101,0.014177529484792,0.168615766604593,0.0022346368715083,0.177858740670195,0.0912825851033199,0.121137959292153,0.200150605745166,0.214436003632256,0.195134105556909,Scotland,90300,55.8283888,-4.2116533
0.34650000000000003,0.0545,0.32,0.08883333333333333,,0.0685,0.12216666666666667,0.240850408622527,0.420644320739074,0.144557621698448,0.0090410201745035,0.184906628765447,0.0,0.160006584234631,0.119000358259825,0.12508109259564,0.174559679309042,0.216834338720141,0.204517946880718,Scotland,103000,56.26065595,-3.77930275
0.34650000000000003,0.0545,0.32,0.08883333333333333,,0.0685,0.12216666666666667,0.302644097798429,0.13627613674079,0.384157539550835,0.0087841575395508,0.156787255227348,0.0113508131430467,0.188757771596858,0.0853239528795811,0.0955804155759162,0.206090477748691,0.223372054973821,0.20087532722513,Scotland,97800,50.9095379,-1.40686556127035
0.34650000000000003,0.0545,0.32,0.08883333333333333,,0.0685,0.12216666666666667,0.077518315018315,0.611034798534799,0.0838598901098901,0.0156364468864468,0.199587912087912,0.0123626373626373,0.173598256240621,0.0965749148383846,0.127517881200915,0.177968607949877,0.22827694228726,0.19606339748294,Scotland,91300,55.966667,-4.533333
0.43683333333333335,0.022166666666666668,0.36216666666666664,0.07633333333333334,0.043166666666666666,0.019000000000000003,0.03983333333333333,0.164187767539723,0.488766354688142,0.0416213209509298,0.15913323175893,0.108829717768265,0.0374616072940095,0.186065352416959,0.0955981636510937,0.124385633270321,0.179638131244936,0.208792870645423,0.205519848771266,Wales,92573,51.5979357,-3.7938665
0.43683333333333335,0.022166666666666668,0.36216666666666664,0.07633333333333334,0.043166666666666666,0.019000000000000003,0.03983333333333333,0.539296542073908,0.186041088048848,0.0933915661373417,0.180804375940806,0.0,0.0004664277990968,0.185378523375628,0.0998211700587584,0.158247466575832,0.207732266030827,0.187737375457719,0.161083198501235,South East,117430,51.2494169,-0.7630148
0.43683333333333335,0.022166666666666668,0.36216666666666664,0.07633333333333334,0.043166666666666666,0.019000000000000003,0.03983333333333333,0.505112976690185,0.263530409931231,0.0319505224613735,0.195007591319103,0.0,0.0043984995981066,0.177914044889805,0.0899291719636352,0.114617496554745,0.177711068616663,0.212078156548121,0.22775006142703,West Midlands,93607,52.5985756,-1.9269572
0.43683333333333335,0.022166666666666668,0.36216666666666664,0.07633333333333334,0.043166666666666666,0.019000000000000003,0.03983333333333333,0.551592697902501,0.277764041702724,0.0872584167799892,0.0833848436147855,0.0,0.0,0.212833419206532,0.0822599183544053,0.100719353176648,0.219046014823035,0.194859498236297,0.190281796203083,North West,100924,53.3984501,-2.35182278398903
0.43683333333333335,0.022166666666666668,0.36216666666666664,0.07633333333333334,0.043166666666666666,0.019000000000000003,0.03983333333333333,0.328295566900058,0.410581327306846,0.0419499989911015,0.177606489235053,0.0415666175669404,0.0,0.181959793087233,0.0899561094129633,0.130466729367505,0.19132573085665,0.208382318363508,0.19790931891214,Wales,102072,57.27409625,-5.51591617403947
0.43683333333333335,0.022166666666666668,0.36216666666666664,0.07633333333333334,0.043166666666666666,0.019000000000000003,0.03983333333333333,0.450504145193816,0.356285010082904,0.0304727761595339,0.162738068563746,0.0,0.0,0.169521173539994,0.0869526709106006,0.125004151674509,0.179086631608082,0.219529476889012,0.219905895377802,East Midlands,90322,53.029057,-1.46249535974619
0.43683333333333335,0.022166666666666668,0.36216666666666664,0.07633333333333334,0.043166666666666666,0.019000000000000003,0.03983333333333333,0.64083556552254,0.122303203970182,0.080566456944704,0.155796424344359,0.0,0.0004983492182146,0.158648651429865,0.0752955946365909,0.0816551241548926,0.160922852115212,0.234736614631034,0.288741163032405,South East,97177,50.85453835,-0.564816299557614
0.43683333333333335,0.022166666666666668,0.36216666666666664,0.07633333333333334,0.043166666666666666,0.019000000000000003,0.03983333333333333,0.227484616818945,0.410078314376282,0.142690658213686,0.216343464478836,0.0,0.0034029461122506,0.184915072299047,0.0924943697249058,0.128128222937846,0.183441729283745,0.211203721243501,0.199816884510955,East Midlands,95021,53.08977375,-1.25187674615571
0.43683333333333335,0.022166666666666668,0.36216666666666664,0.07633333333333334,0.043166666666666666,0.019000000000000003,0.03983333333333333,0.539581496376266,0.184606120561733,0.06881868427278,0.205509795909589,0.0,0.0014839028796318,0.205446749550629,0.0961840922708208,0.138340698022768,0.198060215698023,0.192433717795087,0.169534526662672,South East,106816,51.148555,0.8722566
0.43683333333333335,0.022166666666666668,0.36216666666666664,0.07633333333333334,0.043166666666666666,0.019000000000000003,0.03983333333333333,0.234526379197831,0.520807188394157,0.0253501330254505,0.217709954319562,0.0,0.0016063450629988,0.20579973810214,0.0983116584532032,0.140535191275403,0.194034326612621,0.198102739931427,0.163216345625206,North West,100040,53.4865407,-2.098691
0.43683333333333335,0.022166666666666668,0.36216666666666664,0.07633333333333334,0.043166666666666666,0.019000000000000003,0.03983333333333333,0.577435632035192,0.12153361797559,0.0852417302798982,0.21578901970932,0.0,0.0,0.204788789008258,0.0920485273697288,0.138209822407367,0.214390119125923,0.19438354162099,0.156179200467734,South East,109464,51.8161412,-0.8130383
0.43683333333333335,0.022166666666666668,0.36216666666666664,0.07633333333333334,0.043166666666666666,0.019000000000000003,0.03983333333333333,0.57298826389863,0.214031888530416,0.0641511198391546,0.134754757563006,0.0,0.0140739701687941,0.186671517916847,0.0896432364394445,0.1310034220981,0.196898477756362,0.201952955984738,0.193830389804508,South East,101692,52.0601807,-1.3402795
0.43683333333333335,0.022166666666666668,0.36216666666666664,0.07633333333333334,0.043166666666666666,0.019000000000000003,0.03983333333333333,0.351178284211207,0.289062331558181,0.0408356870270153,0.110907483667881,0.201785213772881,0.0062309997628339,0.155804602061498,0.128025318925246,0.108038975537323,0.157896448197002,0.213780171899895,0.236454483379036,Wales,92264,53.2277163,-4.1268822
0.43683333333333335,0.022166666666666668,0.36216666666666664,0.07633333333333334,0.043166666666666666,0.019000000000000003,0.03983333333333333,0.166554560976872,0.589098152843173,0.0133233300563977,0.226703575309153,0.0,0.0043203808144047,0.264506968576019,0.116130478645892,0.156215670888914,0.236774651571199,0.149968239733961,0.0764039905840152,London,133816,51.5389922,0.0804245
0.43683333333333335,0.022166666666666668,0.36216666666666664,0.07633333333333334,0.043166666666666666,0.019000000000000003,0.03983333333333333,0.15199151316424,0.565869418458868,0.0240862185360208,0.225889671135114,0.0,0.0321631787057575,0.183971291866029,0.0917416267942583,0.141732057416268,0.184210526315789,0.211062200956938,0.187282296650718,Wales,104500,53.5352272,-1.3789721
0.43683333333333335,0.022166666666666668,0.36216666666666664,0.07633333333333334,0.043166666666666666,0.019000000000000003,0.03983333333333333,0.147555040556199,0.555110081112399,0.0292699884125144,0.236917728852839,0.0,0.0311471610660486,0.187507748057026,0.0935965288704524,0.142516568921947,0.18189100271778,0.209488389834549,0.184999761598245,Wales,104865,53.5527719,-1.4827755
0.43683333333333335,0.022166666666666668,0.36216666666666664,0.07633333333333334,0.043166666666666666,0.019000000000000003,0.03983333333333333,0.41023903792001,0.434164002456014,0.0285194046283161,0.12432512544727,0.0,0.0027524295483898,0.165080831408776,0.0893302540415704,0.122966384398255,0.168447523736207,0.224172440338722,0.230002566076469,North West,97424,54.1162206,-3.228422940078
0.43683333333333335,0.022166666666666668,0.36216666666666664,0.07633333333333334,0.043166666666666666,0.019000000000000003,0.03983333333333333,0.51789239363266,0.238208240581293,0.037212818682011,0.204880507371162,0.0,0.0018060397328741,0.217509551252995,0.095133255011517,0.137075512714961,0.198758568375871,0.187158305658597,0.164364806986059,Eastern,108102,51.5944857,0.3672374
0.43683333333333335,0.022166666666666668,0.36216666666666664,0.07633333333333334,0.043166666666666666,0.019000000000000003,0.03983333333333333,0.494437526791729,0.26712119047133,0.0755679846496152,0.156035028271653,0.0,0.0068382698156729,0.192381800665297,0.0936596804391689,0.150273571701234,0.21832112409794,0.189446130914511,0.155917692181848,South East,110027,51.262826,-1.0861976
0.43683333333333335,0.022166666666666668,0.36216666666666664,0.07633333333333334,0.043166666666666666,0.019000000000000003,0.03983333333333333,0.313200310291329,0.496358386485089,0.0275599034649198,0.162881399758662,0.0,0.0,0.1760426863208,0.087455135218134,0.125256712922976,0.178326711579432,0.217356672616648,0.215562081342009,East Midlands,104202,53.34945205,-0.961660401193982
0.43683333333333335,0.022166666666666668,0.36216666666666664,0.07633333333333334,0.043166666666666666,0.019000000000000003,0.03983333333333333,0.437174688254446,0.158718908502957,0.316751201577001,0.0749075284059447,0.0,0.0124476732596513,0.147938758372879,0.214628859335638,0.122912883004277,0.168004374401937,0.17411681996602,0.172398304919249,South West,102411,51.3813864,-2.3596963
0.43683333333333335,0.022166666666666668,0.36216666666666664,0.07633333333333334,0.043166666666666666,0.019000000000000003,0.03983333333333333,0.541658332777741,0.380803164655421,0.0454030268684578,0.0321354756983798,0.0,0.0,0.155903067924078,0.10502199245186,0.294772316140348,0.221614126592042,0.136674594356342,0.0860139025353302,London,108899,51.4707933,-0.172214
0.43683333333333335,0.022166666666666668,0.36216666666666664,0.07633333333333334,0.043166666666666666,0.019000000000000003,0.03983333333333333,0.660132954278263,0.11925272000513,0.0771006562212769,0.14351366949533,0.0,0.0,0.187849827936482,0.0794912724408142,0.105228243293669,0.198225465400721,0.213845930594137,0.215359260334176,South East,96476,51.6082881,-0.6571233
0.43683333333333335,0.022166666666666668,0.36216666666666664,0.07633333333333334,0.043166666666666666,0.019000000000000003,0.03983333333333333,0.466463039645771,0.3388134967816,0.0767496207617563,0.11272600549383,0.0,0.0052478373170431,0.187932804479701,0.0791133924405039,0.139085394307046,0.242426504899673,0.192543163789081,0.158898740083994,Wales,107150,51.4070938,-0.0303183
0.43683333333333335,0.022166666666666668,0.36216666666666664,0.07633333333333334,0.043166666666666666,0.019000000000000003,0.03983333333333333,0.44223680661692,0.410725523689652,0.0440978153375887,0.100107884563517,0.0,0.0028319697923222,0.195489473923521,0.105524485063429,0.146055563133724,0.211276315191197,0.183749374801073,0.157904787887055,Eastern,109962,52.1363806,-0.4675041
0.43683333333333335,0.022166666666666668,0.36216666666666664,0.07633333333333334,0.043166666666666666,0.019000000000000003,0.03983333333333333,0.122742709287909,0.451134709719153,0.35407794728047,0.0657107433561533,0.0,0.006333890356315,0.140106941891173,0.148598837263557,0.275016097274195,0.218139061785538,0.145789979563461,0.072349082222077,London,107159,51.4945379,-0.0691595028998192
0.43683333333333335,0.022166666666666668,0.36216666666666664,0.07633333333333334,0.043166666666666666,0.019000000000000003,0.03983333333333333,0.179716665071312,0.667512204460611,0.0492007274815736,0.0667177180051689,0.0,0.0368526849813343,0.186372350244957,0.171966834178783,0.259843637826708,0.212998098724331,0.108514717135937,0.0603043618892842,Wales,126756,51.51686765,-0.0416595381921766
0.43683333333333335,0.022166666666666668,0.36216666666666664,0.07633333333333334,0.043166666666666666,0.019000000000000003,0.03983333333333333,0.498551360842845,0.258669885864794,0.0570017559262511,0.172848990342406,0.0,0.012928007023705,0.15172675776231,0.084611688993665,0.0937622202607733,0.163201233478207,0.236170854608225,0.270527244896819,Yorkshire & the Humber,89503,53.8425488,-0.4315677
0.43683333333333335,0.022166666666666668,0.36216666666666664,0.07633333333333334,0.043166666666666666,0.019000000000000003,0.03983333333333333,0.570132069082289,0.161982165029913,0.0772321932498024,0.190653572637995,0.0,0.0,0.147224186109147,0.0768721453500768,0.0871068017820871,0.142533301911142,0.223927998294224,0.322335566553322,South East,89109,50.8419553,0.4709063
0.43683333333333335,0.022166666666666668,0.36216666666666664,0.07633333333333334,0.043166666666666666,0.019000000000000003,0.03983333333333333,0.453791718242754,0.302753579185837,0.0295443398650068,0.209356096877408,0.0,0.0045542658289931,0.205852244509086,0.0977671467520752,0.127180401974398,0.206065090256732,0.194135592876762,0.168999523630946,London,98663,51.4634854,0.1480552
0.43683333333333335,0.022166666666666668,0.36216666666666664,0.07633333333333334,0.043166666666666666,0.019000000000000003,0.03983333333333333,0.562538672323875,0.188411561919915,0.119110757535579,0.116304251745779,0.0,0.0136347564748519,0.185162119414788,0.0843416370106761,0.13582443653618,0.208580466587584,0.201937524713325,0.184153815737446,Wales,101160,51.8988832,-1.1518287
0.43683333333333335,0.022166666666666668,0.36216666666666664,0.07633333333333334,0.043166666666666666,0.019000000000000003,0.03983333333333333,0.196954578977051,0.665827946726823,0.0369832111405145,0.100234263155611,0.0,0.0,0.19313312857847,0.098993288590604,0.129725476813408,0.187208508702082,0.206963561217912,0.183976036097524,North West,105492,53.3895177,-3.0248007
0.43683333333333335,0.022166666666666668,0.36216666666666664,0.07633333333333334,0.043166666666666666,0.019000000000000003,0.03983333333333333,0.377716930383581,0.485134120041678,0.0303617727592139,0.100438585863481,0.0,0.0063485909520463,0.19484055563247,0.149107019244081,0.151266786653745,0.198449397757165,0.160108911348009,0.14622732936453,Wales,108344,52.45046225,-1.93199500617883
0.43683333333333335,0.022166666666666668,0.36216666666666664,0.07633333333333334,0.043166666666666666,0.019000000000000003,0.03983333333333333,0.302713724700433,0.487841103614943,0.0318447286275299,0.17103010774343,0.0,0.0065703353136642,0.219524818849509,0.109955472305746,0.147820443305236,0.193235405267741,0.188544388031744,0.140919472240022,Wales,121722,52.5284461,-1.8425676
0.43683333333333335,0.022166666666666668,0.36216666666666664,0.07633333333333334,0.043166666666666666,0.019000000000000003,0.03983333333333333,0.188528389339513,0.6162224797219,0.124194669756663,0.0545538818076477,0.0,0.0165005793742757,0.237599959078586,0.13113608075159,0.147231836859963,0.208281471124827,0.154461286637453,0.12128936554758,Wales,117298,52.4796992,-1.9026911
0.43683333333333335,0.022166666666666668,0.36216666666666664,0.07633333333333334,0.043166666666666666,0.019000000000000003,0.03983333333333333,0.239215400674872,0.528172262277571,0.089893914014517,0.138542956327531,0.0,0.0041754667055082,0.259317709781347,0.128738940585801,0.138518651773595,0.18778517343451,0.159231033411287,0.126408491013459,Wales,122294,52.4796992,-1.9026911
0.43683333333333335,0.022166666666666668,0.36216666666666664,0.07633333333333334,0.043166666666666666,0.019000000000000003,0.03983333333333333,0.137417713943746,0.731523040095751,0.0552563335328146,0.0690454817474566,0.0,0.0067574306802313,0.230196357315001,0.211620770942805,0.192393294088209,0.189575020083495,0.112026391687409,0.0641881658830811,Wales,151865,52.47971745,-1.91503442178895
0.43683333333333335,0.022166666666666668,0.36216666666666664,0.07633333333333334,0.043166666666666666,0.019000000000000003,0.03983333333333333,0.367972985827071,0.428921335489394,0.0325787120707695,0.170384286121944,0.0,0.0001426804908208,0.219959550228226,0.101430585965042,0.137464281738227,0.191125171633206,0.184102126396259,0.16591828403904,Wales,107788,52.3960578,-1.98586937908393
0.43683333333333335,0.022166666666666668,0.36216666666666664,0.07633333333333334,0.043166666666666666,0.019000000000000003,0.03983333333333333,0.208200716132882,0.620797692460712,0.0485130296399443,0.114531529739407,0.0,0.0079570320270539,0.239843102500349,0.13943526747249,0.146878051582515,0.205763849568778,0.158973601503328,0.109106127372541,Wales,121861,52.5315031,-1.90406171023003
0.43683333333333335,0.022166666666666668,0.36216666666666664,0.07633333333333334,0.043166666666666666,0.019000000000000003,0.03983333333333333,0.304355017840686,0.503249131595737,0.0592169002103074,0.132942649873579,0.0,0.0002363004796899,0.179824805081764,0.212511806211456,0.130414652665889,0.17651906587403,0.160231123951331,0.14049854621553,Wales,107994,52.45046225,-1.93199500617883
0.43683333333333335,0.022166666666666668,0.36216666666666664,0.07633333333333334,0.043166666666666666,0.019000000000000003,0.03983333333333333,0.138883116883117,0.463090909090909,0.23225974025974,0.156883116883117,0.0,0.0088831168831168,0.245128440043694,0.127233165368759,0.141856654568519,0.195928327284259,0.164355685542126,0.125497727192642,Wales,113516,52.47809765,-1.82875869525344
0.43683333333333335,0.022166666666666668,0.36216666666666664,0.07633333333333334,0.043166666666666666,0.019000000000000003,0.03983333333333333,0.31176994528566,0.446367222292913,0.0590660389362514,0.182796793485176,0.0,0.0,0.168371548697499,0.0888344675133284,0.10224957739153,0.169140912834294,0.232478002687356,0.238925490875991,North East,92284,54.6640762,-1.6752864
0.43683333333333335,0.022166666666666668,0.36216666666666664,0.07633333333333334,0.043166666666666666,0.019000000000000003,0.03983333333333333,0.274195038573474,0.561394188571165,0.0216658197440753,0.142721855222433,0.0,2.30978888529588e-05,0.243750556000356,0.123707855173027,0.135477270705453,0.201948225246864,0.163063784360822,0.132052308513477,North West,112408,53.749326,-2.4840566
0.43683333333333335,0.022166666666666668,0.36216666666666664,0.07633333333333334,0.043166666666666666,0.019000000000000003,0.03983333333333333,0.166101795695089,0.59466048281603,0.0296111309311452,0.207545486978238,0.0,0.0020811035794981,0.243913891497508,0.105910929711768,0.137759156252257,0.20457090226107,0.175549013942065,0.132296106335332,Wales,110744,53.5242138,-2.2281266
0.43683333333333335,0.022166666666666668,0.36216666666666664,0.07633333333333334,0.043166666666666666,0.019000000000000003,0.03983333333333333,0.459369590962922,0.370114785460508,0.0324769973581124,0.13605721053111,0.0,0.0019814156873462,0.159989895375029,0.0844262467633623,0.108540513230743,0.160758267898869,0.221775466812622,0.264509609919373,Wales,95006,53.8179442,-3.0509812
0.43683333333333335,0.022166666666666668,0.36216666666666664,0.07633333333333334,0.043166666666666666,0.019000000000000003,0.03983333333333333,0.37875541270479,0.410874514530601,0.0238382215079683,0.169858488460337,0.0,0.0166733627963037,0.181807381955423,0.0973690703561213,0.133547779838982,0.180518875252447,0.218406455327198,0.188350437269828,North West,109429,53.7983538,-3.0488911
0.43683333333333335,0.022166666666666668,0.36216666666666664,0.07633333333333334,0.043166666666666666,0.019000000000000003,0.03983333333333333,0.116117368933389,0.571061048532888,0.0240810272099383,0.186413572521207,0.0983868724794882,0.003940110323089,0.178931980211655,0.0945560863992203,0.134037436837255,0.176633227046897,0.215627284187332,0.200213985317641,Wales,94399,51.7497044,-3.23940277107558
0.43683333333333335,0.022166666666666668,0.36216666666666664,0.07633333333333334,0.043166666666666666,0.019000000000000003,0.03983333333333333,0.210672178120156,0.49896660247076,0.111372070083142,0.178989149325943,0.0,0.0,0.172941613495324,0.0852416746787868,0.118007604230399,0.188051743728695,0.218446814089677,0.217310549777117,Wales,91527,54.9565368,-1.6890663
0.43683333333333335,0.022166666666666668,0.36216666666666664,0.07633333333333334,0.043166666666666666,0.019000000000000003,0.03983333333333333,0.225927581582476,0.50493965131873,0.0634778721502011,0.205654894948592,0.0,0.0,0.181208450288078,0.0928842271138031,0.124390604225144,0.176146156497759,0.214930812035259,0.210439749839957,Wales,101534,55.1270903,-1.5099726
0.43683333333333335,0.022166666666666668,0.36216666666666664,0.07633333333333334,0.043166666666666666,0.019000000000000003,0.03983333333333333,0.536949228360546,0.147260120778349,0.0938268843659136,0.221963766495191,0.0,0.0,0.158127761327866,0.0848130470114609,0.114740470208016,0.167776646522011,0.202925489683259,0.271616585247387,South East,107059,50.7834973,-0.6730718
0.43683333333333335,0.022166666666666668,0.36216666666666664,0.07633333333333334,0.043166666666666666,0.019000000000000003,0.03983333333333333,0.245318097311023,0.511880469777355,0.0333061261506371,0.209495306760985,0.0,0.0,0.173317492487246,0.0875872328105188,0.132324311372463,0.178189551031818,0.221948224394237,0.206633187903717,East Midlands,100166,53.228666,-1.2912756
0.43683333333333335,0.022166666666666668,0.36216666666666664,0.07633333333333334,0.043166666666666666,0.019000000000000003,0.03983333333333333,0.324351575740673,0.448565850728338,0.029154956771716,0.197927616759273,0.0,0.0,0.208551690236045,0.102932785575716,0.126932293998367,0.193163563584652,0.187422642403813,0.180997024201406,North West,113918,54.6082822,-1.7299041
0.43683333333333335,0.022166666666666668,0.36216666666666664,0.07633333333333334,0.043166666666666666,0.019000000000000003,0.03983333333333333,0.243402545210985,0.498325519089082,0.0270596115204286,0.2249386023666,0.0,0.0062737218129046,0.243831757544359,0.115067672581272,0.146451236886414,0.193733000906618,0.167886284160083,0.133030047921254,Wales,123536,53.5782863,-2.4300367
0.43683333333333335,0.022166666666666668,0.36216666666666664,0.07633333333333334,0.043166666666666666,0.019000000000000003,0.03983333333333333,0.383962407154767,0.40462114814093,0.0385889690118885,0.163169406007059,0.0,0.0096580696853548,0.1917268749364,0.0902309962348631,0.11886638852142,0.19327363386588,0.20687900681795,0.199023099623486,North West,98270,54.3146038,-1.96950644691168
0.43683333333333335,0.022166666666666668,0.36216666666666664,0.07633333333333334,0.043166666666666666,0.019000000000000003,0.03983333333333333,0.0833657877253671,0.770177086435591,0.0224049849946163,0.112597649538384,0.0,0.0114544913060411,0.186558036771088,0.0974512743628185,0.139597964175807,0.188649096504379,0.213919356111418,0.173824272074489,North West,101382,53.4506931,-2.9948834
0.43683333333333335,0.022166666666666668,0.36216666666666664,0.07633333333333334,0.043166666666666666,0.019000000000000003,0.03983333333333333,0.452397058502629,0.169267025989046,0.0255526218168328,0.334933554454797,0.0,0.0178497392366945,0.167830001118867,0.0873232405821549,0.114158827427726,0.172228007814853,0.215424868102832,0.243035054953567,East Midlands,116189,52.9805831,-0.0302848
0.43683333333333335,0.022166666666666668,0.36216666666666664,0.07633333333333334,0.043166666666666666,0.019000000000000003,0.03983333333333333,0.530747762486767,0.179193532864979,0.0902704263304783,0.178062746607641,0.0,0.0217255317101337,0.174761548531887,0.104759678324294,0.133878810547971,0.219309893398167,0.187002057228352,0.180288011969329,South West,106938,50.7263763,-1.8608305
0.43683333333333335,0.022166666666666668,0.36216666666666664,0.07633333333333334,0.043166666666666666,0.019000000000000003,0.03983333333333333,0.52144585757685,0.188738993872612,0.0864013181607538,0.19932032336131,0.0,0.0040935070284743,0.148487702968635,0.17427556169034,0.144244131280253,0.184460133742457,0.170507643092305,0.17802482722601,South West,107224,50.72223285,-1.89366803185795
0.43683333333333335,0.022166666666666668,0.36216666666666664,0.07633333333333334,0.043166666666666666,0.019000000000000003,0.03983333333333333,0.587785755186539,0.173126899528697,0.0791305113861604,0.159163987138264,0.0,0.00079284676034,0.199736684384794,0.0986745792354022,0.143939319505988,0.220851059648847,0.192534805804734,0.144263551420234,South East,101779,51.4143513,-0.7449925
0.43683333333333335,0.022166666666666668,0.36216666666666664,0.07633333333333334,0.043166666666666666,0.019000000000000003,0.03983333333333333,0.115494380603612,0.476449046596793,0.301654249273898,0.101224902134108,0.0,0.0051774213915898,0.26214367352427,0.130655842409574,0.140177490923759,0.202853973376361,0.153968334005647,0.110200685760387,Yorkshire & the Humber,118992,53.5781957,-2.4141644
0.43683333333333335,0.022166666666666668,0.36216666666666664,0.07633333333333334,0.043166666666666666,0.019000000000000003,0.03983333333333333,0.267778612034753,0.449801566019522,0.0369248096106403,0.245387750724016,0.0,0.0001072616110693,0.23631271622339,0.108747780564149,0.135042375208215,0.195767970566162,0.18203034906921,0.142098808368875,Yorkshire & the Humber,109259,55.11022305,-1.89590789893185
0.43683333333333335,0.022166666666666668,0.36216666666666664,0.07633333333333334,0.043166666666666666,0.019000000000000003,0.03983333333333333,0.157122815967351,0.509552353016197,0.0299196531054712,0.0800918250223185,0.0,0.223313352888662,0.253380577644102,0.151308145523464,0.15120926208232,0.203510362160603,0.136360265337234,0.104231387252276,Yorkshire & the Humber,121355,53.9099363,-2.40008788748701
0.43683333333333335,0.022166666666666668,0.36216666666666664,0.07633333333333334,0.043166666666666666,0.019000000000000003,0.03983333333333333,0.559381745611534,0.185700321752943,0.0552274671119618,0.190180426017187,0.0,0.0095100395063739,0.184030345224948,0.0917558937917126,0.115187016853123,0.188620540644356,0.214798098621981,0.205608104863879,Eastern,104135,51.8780637,0.5537161
0.43683333333333335,0.022166666666666668,0.36216666666666664,0.07633333333333334,0.043166666666666666,0.019000000000000003,0.03983333333333333,0.364598759255553,0.21921152691615,0.234440664398639,0.104642785671403,0.0771062637582549,0.0,0.156647185347731,0.0799096182675386,0.102830947052817,0.160318943228974,0.226464901036348,0.273828405066591,Wales,92055,51.9472048,-3.391696
0.43683333333333335,0.022166666666666668,0.36216666666666664,0.07633333333333334,0.043166666666666666,0.019000000000000003,0.03983333333333333,0.258584294962004,0.612979641617412,0.0789942771366919,0.0394267754948869,0.0,0.0100150107890045,0.200356850791763,0.11989443164077,0.16748940599212,0.221857110995465,0.177800906995762,0.11260129358412,Wales,134512,51.2631549,-2.9347369
0.43683333333333335,0.022166666666666668,0.36216666666666664,0.07633333333333334,0.043166666666666666,0.019000000000000003,0.03983333333333333,0.326309570697125,0.571966215920529,0.0565839569384272,0.0400638921710209,0.0,0.0050763642728983,0.181782136738709,0.129975836194836,0.178752309775494,0.22149905364664,0.164882435232773,0.123108228411548,Wales,133671,51.5688188,-0.2265437
0.43683333333333335,0.022166666666666668,0.36216666666666664,0.07633333333333334,0.043166666666666666,0.019000000000000003,0.03983333333333333,0.433391866544279,0.425350201540488,0.0783413816498383,0.0625773237019595,0.0,0.0003392265634353,0.204401562997662,0.0974698392722583,0.160541300581852,0.253482175456586,0.165808260893208,0.118296860798434,London,128727,51.4801717,-0.341798968313621
0.43683333333333335,0.022166666666666668,0.36216666666666664,0.07633333333333334,0.043166666666666666,0.019000000000000003,0.03983333333333333,0.604657626714844,0.128551291468959,0.0906311421707796,0.17274514086045,0.0,0.0034147987849669,0.183452577508714,0.0876189893801341,0.1229234187407,0.190811064228786,0.208177908232944,0.207016041908722,Eastern,98118,51.6231609,0.303664
0.43683333333333335,0.022166666666666668,0.36216666666666664,0.07633333333333334,0.043166666666666666,0.019000000000000003,0.03983333333333333,0.28647828117702,0.418776272769734,0.0396777206912657,0.153783278841663,0.0797290985520784,0.0215553479682391,0.172791062204782,0.0882312717632578,0.129522286628023,0.187098267355376,0.210557875800835,0.211799236247725,Wales,95055,51.5049859,-3.5756674
0.43683333333333335,0.022166666666666668,0.36216666666666664,0.07633333333333334,0.043166666666666666,0.019000000000000003,0.03983333333333333,0.482410409182511,0.154670113029002,0.18605975641812,0.175720669412074,0.0,0.0011390519582931,0.177236116571406,0.0905434421023981,0.124716484712856,0.174161550790819,0.207014042197155,0.226328363625367,Wales,99203,51.1283378,-3.0037046
0.43683333333333335,0.022166666666666668,0.36216666666666664,0.07633333333333334,0.043166666666666666,0.019000000000000003,0.03983333333333333,0.520666882187226,0.219761695838914,0.060915346603242,0.183992980187503,0.0,0.0146630951831155,0.149816414686825,0.0751727861771058,0.0953239740820734,0.151425485961123,0.228401727861771,0.299859611231101,Wales,92600,54.0871383,-0.1964511
0.43683333333333335,0.022166666666666668,0.36216666666666664,0.07633333333333334,0.043166666666666666,0.019000000000000003,0.03983333333333333,0.469039655996178,0.305088389870998,0.0300525561395126,0.189823220258003,0.0,0.0059961777353081,0.164801090757153,0.0799705319640226,0.105018362544807,0.171277461350692,0.230972225276538,0.247960328106789,Wales,90946,53.5525329,-0.4896411
0.43683333333333335,0.022166666666666668,0.36216666666666664,0.07633333333333334,0.043166666666666666,0.019000000000000003,0.03983333333333333,0.436970848284434,0.421726588334623,0.0325992635849808,0.105302657191773,0.0,0.0034006426041886,0.149952294578357,0.149774054541451,0.130733824716651,0.189123163865502,0.200561980351657,0.179854681946381,Wales,95377,50.8214626,-0.1400561
0.43683333333333335,0.022166666666666668,0.36216666666666664,0.07633333333333334,0.043166666666666666,0.019000000000000003,0.03983333333333333,0.391400255754476,0.46863810741688,0.0479219948849104,0.0856457800511509,0.0,0.0063938618925831,0.138803956398086,0.204565970705571,0.155606029721518,0.206614057055221,0.178600894945789,0.115809091173816,Wales,103020,50.82237285,-0.136248201013513
0.43683333333333335,0.022166666666666668,0.36216666666666664,0.07633333333333334,0.043166666666666666,0.019000000000000003,0.03983333333333333,0.207531567062116,0.487325466747241,0.257561782386056,0.0412836741833911,0.0,0.0062975096211952,0.104158212844115,0.299788565448604,0.235706810755398,0.161160113619375,0.117132605770668,0.0820536915618392,Wales,93644,51.4741361,-2.58408207596344
0.43683333333333335,0.022166666666666668,0.36216666666666664,0.07633333333333334,0.043166666666666666,0.019000000000000003,0.03983333333333333,0.292514413684662,0.444846809929957,0.120288750178682,0.136560728069757,0.0,0.0057892981369419,0.191573457390261,0.1053544981237,0.190782957921804,0.22757298490782,0.159017599970924,0.12569850168549,South West,110057,51.44740795,-2.59805655
0.43683333333333335,0.022166666666666668,0.36216666666666664,0.07633333333333334,0.043166666666666666,0.019000000000000003,0.03983333333333333,0.42971472247825,0.35770968684666,0.0556392329654025,0.151990648112762,0.0,0.0049457095969246,0.188909479397677,0.11905702220737,0.161314822128383,0.209010541665401,0.167572986602667,0.154135147998501,Wales,98750,51.3299934,-2.5374845
0.43683333333333335,0.022166666666666668,0.36216666666666664,0.07633333333333334,0.043166666666666666,0.019000000000000003,0.03983333333333333,0.442918691767303,0.375787932168856,0.0829424623808816,0.094806545408239,0.0,0.0035443682747203,0.193842321675504,0.135260126193943,0.139481853897085,0.204730899200527,0.16435433207872,0.16233046695422,South West,109197,51.3299934,-2.5374845
0.43683333333333335,0.022166666666666668,0.36216666666666664,0.07633333333333334,0.043166666666666666,0.019000000000000003,0.03983333333333333,0.275170325510976,0.433636134241736,0.09815796114055,0.18632349230381,0.0,0.006712086802927,0.193955579465109,0.101464033200123,0.199613818014141,0.207596833691977,0.1605056870581,0.13686404857055,South West,104096,51.42605745,-2.62583955031907
0.43683333333333335,0.022166666666666668,0.36216666666666664,0.07633333333333334,0.043166666666666666,0.019000000000000003,0.03983333333333333,0.527345974562865,0.196114825673367,0.101854000126553,0.174685199637215,0.0,0.0,0.160644635892161,0.0808795165230808,0.0978955038360979,0.172313659937422,0.221882902575972,0.266383781235266,Wales,93324,52.6928977,1.25648751941622
0.43683333333333335,0.022166666666666668,0.36216666666666664,0.07633333333333334,0.043166666666666666,0.019000000000000003,0.03983333333333333,0.574485202983322,0.211028724260149,0.0693861575594163,0.145099915197112,0.0,0.0,0.197845340112346,0.0861453934150641,0.122575751363319,0.220129976628808,0.196687031038583,0.17661650744188,Wales,97556,51.3122439,0.0346366025843522
0.43683333333333335,0.022166666666666668,0.36216666666666664,0.07633333333333334,0.043166666666666666,0.019000000000000003,0.03983333333333333,0.556912661335023,0.229709399002296,0.0517855728877979,0.161592366774883,0.0,0.0,0.182309468356472,0.0847927568232459,0.104160995331861,0.185878628393979,0.213574906990109,0.229283244104332,West Midlands,99183,52.3353816,-2.0597449
0.43683333333333335,0.022166666666666668,0.36216666666666664,0.07633333333333334,0.043166666666666666,0.019000000000000003,0.03983333333333333,0.577016016936467,0.188952804567714,0.0373158266150589,0.19671535188076,0.0,0.0,0.197448174697628,0.0971926231398706,0.129814655927966,0.202577657228788,0.197134501305435,0.175832387700313,Eastern,108394,51.7465723,-0.0190782
0.43683333333333335,0.022166666666666668,0.36216666666666664,0.07633333333333334,0.043166666666666666,0.019000000000000003,0.03983333333333333,0.433386321105902,0.386643056924965,0.0551944785399521,0.123307241885828,0.0,0.0014689015433527,0.164731141853873,0.101482844692643,0.134577145999915,0.182415281127046,0.199623471675763,0.217170114650759,East Midlands,94546,52.9782566,-1.2170642
0.43683333333333335,0.022166666666666668,0.36216666666666664,0.07633333333333334,0.043166666666666666,0.019000000000000003,0.03983333333333333,0.598530631591421,0.187984358336296,0.0229174072757435,0.186894181775092,0.0,0.003673421021448,0.210822273131757,0.0975538178995399,0.12264043773785,0.205928015601037,0.194208304144499,0.168847151485317,Wales,105634,51.9937391,-0.7364092
0.43683333333333335,0.022166666666666668,0.36216666666666664,0.07633333333333334,0.043166666666666666,0.019000000000000003,0.03983333333333333,0.18925371826605,0.380435020699625,0.261494315817142,0.168816945217182,0.0,0.0,0.208866941115259,0.100919189798545,0.135286117221801,0.187726488548921,0.189022664828896,0.178178598486577,North West,109554,53.7907262,-2.2439196
0.43683333333333335,0.022166666666666668,0.36216666666666664,0.07633333333333334,0.043166666666666666,0.019000000000000003,0.03983333333333333,0.514155061317813,0.280274371232592,0.0256079817085844,0.17996258574101,0.0,0.0,0.191884902826777,0.0969954945748282,0.14269845642534,0.191787151984786,0.198887417689348,0.17774657649892,Wales,112531,52.802742,-1.629917
0.43683333333333335,0.022166666666666668,0.36216666666666664,0.07633333333333334,0.043166666666666666,0.019000000000000003,0.03983333333333333,0.422738923471256,0.426136132470808,0.0227633345538874,0.127995443264575,0.0,0.0003661662394727,0.1938657800095,0.0946984751693987,0.122025223199139,0.191452030360899,0.203375371998565,0.194583119262498,North West,103159,53.5803553,-2.410543
0.43683333333333335,0.022166666666666668,0.36216666666666664,0.07633333333333334,0.043166666666666666,0.019000000000000003,0.03983333333333333,0.337528528062751,0.482484323414061,0.035696084731116,0.140945248277237,0.0,0.0033458155148345,0.223740056778256,0.0996711358461927,0.136183489332996,0.197084258556558,0.18152176968266,0.161799289803337,North West,106731,53.5804488,-2.3941097
0.43683333333333335,0.022166666666666668,0.36216666666666664,0.07633333333333334,0.043166666666666666,0.019000000000000003,0.03983333333333333,0.578560971408887,0.191418360316914,0.0643300034447123,0.165690664829487,0.0,0.0,0.168217397725594,0.0900211687096933,0.127307635504357,0.177915620538571,0.203967902328558,0.232570275193226,Wales,101568,53.5927543,-2.2972827
0.43683333333333335,0.022166666666666668,0.36216666666666664,0.07633333333333334,0.043166666666666666,0.019000000000000003,0.03983333333333333,0.295272817665824,0.264759497866346,0.0243609396362431,0.1160044744583,0.299602270373286,0.0,0.164059503004987,0.0861962405694557,0.10213759004305,0.164837389710584,0.223509228080644,0.259260048591279,Wales,93849,51.8591257,-4.3115907
0.43683333333333335,0.022166666666666668,0.36216666666666664,0.07633333333333334,0.043166666666666666,0.019000000000000003,0.03983333333333333,0.166858587911219,0.462801147011673,0.0244530244530244,0.198311093047935,0.141908826119352,0.0056673214567951,0.187643970365451,0.0942992923402577,0.125645921099052,0.191192645319277,0.202803660738373,0.198414510137589,Wales,96373,51.6723809,-3.17839377287632
0.43683333333333335,0.022166666666666668,0.36216666666666664,0.07633333333333334,0.043166666666666666,0.019000000000000003,0.03983333333333333,0.453914128706294,0.367881801163469,0.051812637130377,0.11564242436442,0.0,0.0107490086354395,0.176603026845841,0.085323129423405,0.107504518057084,0.189162720728543,0.231021636192918,0.210384968752208,Yorkshire & the Humber,99047,53.6779597,-1.7160311
0.43683333333333335,0.022166666666666668,0.36216666666666664,0.07633333333333334,0.043166666666666666,0.019000000000000003,0.03983333333333333,0.432614525387292,0.253850756853793,0.137253163715343,0.153365395270495,0.0,0.0229161587730768,0.176689035773752,0.0926181946616882,0.114617286442303,0.179575155154145,0.20694283263535,0.229557495332761,South West,99095,50.214674,-5.330508
0.43683333333333335,0.022166666666666668,0.36216666666666664,0.07633333333333334,0.043166666666666666,0.019000000000000003,0.03983333333333333,0.170295999819099,0.391199149763698,0.37862650656898,0.0559663523505868,0.0,0.0039119914976369,0.140252895239477,0.218853509344552,0.211366585269537,0.18865598027127,0.131258915403399,0.109612114471765,Eastern,124084,52.2055314,0.1186637
0.43683333333333335,0.022166666666666668,0.36216666666666664,0.07633333333333334,0.043166666666666666,0.019000000000000003,0.03983333333333333,0.450522806485831,0.343948217262356,0.0274933431472301,0.178035633104583,0.0,0.0,0.179478506551,0.0919328684129368,0.137207891045474,0.184233826440772,0.212616520259851,0.194530387289965,West Midlands,100519,52.7069197,-1.97843475467299
0.43683333333333335,0.022166666666666668,0.36216666666666664,0.07633333333333334,0.043166666666666666,0.019000000000000003,0.03983333333333333,0.460974209597517,0.263878553356154,0.125231220632322,0.146599196308974,0.0,0.0033168201050326,0.150871632329635,0.206395077840962,0.111410459587956,0.159345576582455,0.174149342779901,0.19782791087909,South East,107270,51.2800275,1.0802533
0.43683333333333335,0.022166666666666668,0.36216666666666664,0.07633333333333334,0.043166666666666666,0.019000000000000003,0.03983333333333333,0.199325996276483,0.433318407842952,0.20653736478684,0.0948554191313364,0.0613673320293168,0.0045954799330709,0.191937708894629,0.164199279689655,0.157023951707728,0.185604903295096,0.158542343693581,0.14269181271931,Wales,108008,51.5246206,-3.10187012759086
0.43683333333333335,0.022166666666666668,0.36216666666666664,0.07633333333333334,0.043166666666666666,0.019000000000000003,0.03983333333333333,0.427076253907843,0.393172682964718,0.042059069108138,0.0810501174780092,0.0483504534068622,0.0082914231344297,0.178877634704072,0.123302552960348,0.124985355358874,0.191924678616694,0.192936490185428,0.187973288174585,Wales,93891,51.50059055,-3.20546911580268
0.43683333333333335,0.022166666666666668,0.36216666666666664,0.07633333333333334,0.043166666666666666,0.019000000000000003,0.03983333333333333,0.272165093345201,0.430535710102832,0.0969525192663559,0.124967791806236,0.0700850296315382,0.0052938558478367,0.15357374338935,0.230280770639789,0.168941450538715,0.17169373549884,0.142273406163991,0.133236893769315,Wales,106457,51.4816546,-3.1791934
0.43683333333333335,0.022166666666666668,0.36216666666666664,0.07633333333333334,0.043166666666666666,0.019000000000000003,0.03983333333333333,0.255384683079225,0.423844410709964,0.0545618551030735,0.118672034849185,0.142718852440983,0.0048181638175697,0.204497341593093,0.101292619872201,0.140793132042339,0.201356031413102,0.189122481830155,0.16293839324911,Wales,102505,51.50851295,-3.30768868132742
0.43683333333333335,0.022166666666666668,0.36216666666666664,0.07633333333333334,0.043166666666666666,0.019000000000000003,0.03983333333333333,0.493691919502739,0.336102734527253,0.0402691447678831,0.127577081666564,0.0,0.0023591195355611,0.17032426482764,0.0945812999814928,0.126774008162629,0.180444756143888,0.215218725344087,0.212656945540263,North West,102662,54.8948478,-2.9362311
0.43683333333333335,0.022166666666666668,0.36216666666666664,0.07633333333333334,0.043166666666666666,0.019000000000000003,0.03983333333333333,0.327584716459198,0.154888485477178,0.359936894882434,0.152684128630705,0.0,0.004905774550484,0.214173483283022,0.0941407254339938,0.128174606953425,0.23048574938341,0.19045261062916,0.142572824316989,London,105014,51.35830475,-0.131380592674323
0.43683333333333335,0.022166666666666668,0.36216666666666664,0.07633333333333334,0.043166666666666666,0.019000000000000003,0.03983333333333333,0.519209514125293,0.143706618329723,0.0182589858083911,0.318471196781467,0.0,0.0003536849551262,0.16882393420061,0.0914572205655863,0.109567344977116,0.170200216272897,0.207960590272089,0.251990693711702,Eastern,91553,51.54450755,0.584008406730769
0.43683333333333335,0.022166666666666668,0.36216666666666664,0.07633333333333334,0.043166666666666666,0.019000000000000003,0.03983333333333333,0.57339203042328,0.140811011904762,0.134176587301587,0.14463458994709,0.0,0.0069857804232804,0.165271247933707,0.0784654687533543,0.0939438826989545,0.168341169146218,0.230265558918872,0.263712672548893,South West,93160,50.7549392,-3.3564018
0.43683333333333335,0.022166666666666668,0.36216666666666664,0.07633333333333334,0.043166666666666666,0.019000000000000003,0.03983333333333333,0.588225223104415,0.197294925845871,0.0650801463821773,0.146553384552828,0.0,0.0028463201147088,0.174981946391402,0.0910751454908457,0.10827917250754,0.176012064058451,0.21543264942016,0.2342190221316,Eastern,94164,51.45455195,-2.58441522958552
0.43683333333333335,0.022166666666666668,0.36216666666666664,0.07633333333333334,0.043166666666666666,0.019000000000000003,0.03983333333333333,0.189751406122537,0.148125885535185,0.29277403288824,0.108496844274612,0.237666909965223,0.0231849212142029,0.144999520363245,0.130780955223244,0.0976647019324031,0.142974387397278,0.218160113407446,0.265420321676384,Wales,93821,52.1249769,-4.58522704943443
0.43683333333333335,0.022166666666666668,0.36216666666666664,0.07633333333333334,0.043166666666666666,0.019000000000000003,0.03983333333333333,0.50664714092854,0.236848728920211,0.0313250806580783,0.219344209779649,0.0,0.0058348397135208,0.212231711003627,0.0963195284159613,0.14010542623942,0.201415129987908,0.191278718258767,0.158649486094317,South East,105854,51.3203555,0.5054466
0.43683333333333335,0.022166666666666668,0.36216666666666664,0.07633333333333334,0.043166666666666666,0.019000000000000003,0.03983333333333333,0.431095206704963,0.163348714568227,0.309558338826631,0.0833035125718052,0.0,0.0126942273283736,0.190136050859351,0.0804155887682108,0.102179536861509,0.200159197310403,0.202337686821186,0.22477193937934,North West,95479,52.9884392,-1.9937596
0.43683333333333335,0.022166666666666668,0.36216666666666664,0.07633333333333334,0.043166666666666666,0.019000000000000003,0.03983333333333333,0.53409574791654,0.182614514264858,0.123142121378024,0.147352839791553,0.0,0.0127947766490256,0.189694895018142,0.0960740236360753,0.147263755841394,0.214748761764404,0.182624593084536,0.169593970655449,Eastern,107209,51.7345329,0.4730532
0.43683333333333335,0.022166666666666668,0.36216666666666664,0.07633333333333334,0.043166666666666666,0.019000000000000003,0.03983333333333333,0.605120554617055,0.290011188872556,0.0530484192975143,0.0513810578969307,0.0,0.000438779315943,0.147866465863454,0.126129518072289,0.221360441767068,0.210416666666667,0.170055220883534,0.124171686746988,London,119520,51.47536985,-0.181046742926716
0.43683333333333335,0.022166666666666668,0.36216666666666664,0.07633333333333334,0.043166666666666666,0.019000000000000003,0.03983333333333333,0.48565084419121,0.076438057731786,0.357995726674766,0.0745946625329925,0.0,0.0053207088692446,0.170236336779911,0.115683260808815,0.139666254141882,0.195446924028903,0.190476665735159,0.18849055850533,South West,100196,51.8995685,-2.0711559
0.43683333333333335,0.022166666666666668,0.36216666666666664,0.07633333333333334,0.043166666666666666,0.019000000000000003,0.03983333333333333,0.62158694519065,0.141854777274367,0.0938815604827392,0.141734493404434,0.0,0.0009422236478088,0.200520885909834,0.0845127294017887,0.0904282166723869,0.202539823544851,0.210898225353819,0.21110011911732,South East,99061,51.6839371,-0.611320478287867
0.43683333333333335,0.022166666666666668,0.36216666666666664,0.07633333333333334,0.043166666666666666,0.019000000000000003,0.03983333333333333,0.413479853479853,0.444207221350078,0.0514076399790685,0.0898796441653584,0.0,0.001025641025641,0.151541850220264,0.124632450506873,0.133135183907436,0.179831219149727,0.194979035083064,0.215880261132636,Wales,94205,53.1908873,-2.8908955
0.43683333333333335,0.022166666666666668,0.36216666666666664,0.07633333333333334,0.043166666666666666,0.019000000000000003,0.03983333333333333,0.48765625,0.323549107142857,0.0731026785714285,0.111808035714286,0.0,0.0038839285714285,0.170927692225715,0.0846059572654126,0.0926519955240581,0.180209942985027,0.229242819843342,0.242361592156445,Wales,93835,53.1908873,-2.8908955
0.43683333333333335,0.022166666666666668,0.36216666666666664,0.07633333333333334,0.043166666666666666,0.019000000000000003,0.03983333333333333,0.186158543480719,0.493701232613367,0.142508198575144,0.170145878095669,0.0,0.0074861472351012,0.168702609367124,0.0873435505839705,0.125374030737551,0.183374266685257,0.216975364914576,0.218230177711522,East Midlands,93241,53.2352134,-1.4264097
0.43683333333333335,0.022166666666666668,0.36216666666666664,0.07633333333333334,0.043166666666666666,0.019000000000000003,0.03983333333333333,0.605439321763583,0.131869976706608,0.0914947642331018,0.169496149245588,0.0,0.0016997880511195,0.153803314577612,0.0995525512261632,0.112380696330152,0.162301000518503,0.204386150212202,0.267576287135368,South East,104146,50.8364862,-0.7791721
0.43683333333333335,0.022166666666666668,0.36216666666666664,0.07633333333333334,0.043166666666666666,0.019000000000000003,0.03983333333333333,0.490150444684565,0.32434959687474,0.0518036738425733,0.127524727786551,0.0,0.0061715568115701,0.198585649295077,0.0958965812350795,0.132039097337958,0.221908923021485,0.19571190486915,0.15585784424125,Wales,111005,51.61820325,0.00226325
0.43683333333333335,0.022166666666666668,0.36216666666666664,0.07633333333333334,0.043166666666666666,0.019000000000000003,0.03983333333333333,0.546008902981889,0.0939488180173587,0.23812427587048,0.115779417444153,0.0,0.006138585686119,0.176621334640203,0.102691333823409,0.125265457812628,0.185677530017153,0.213591440006534,0.196152903700073,South West,97944,51.4587621,-2.1159032
0.43683333333333335,0.022166666666666668,0.36216666666666664,0.07633333333333334,0.043166666666666666,0.019000000000000003,0.03983333333333333,0.508994753945161,0.365418516237283,0.0444746511479727,0.0790306480045876,0.0,0.0020814306649958,0.201255967617647,0.0918326675583033,0.123160999459704,0.219094605007927,0.194621836830498,0.170033923525921,London,112899,51.65309,-0.2002261
0.43683333333333335,0.022166666666666668,0.36216666666666664,0.07633333333333334,0.043166666666666666,0.019000000000000003,0.03983333333333333,0.371380983714427,0.460910511597302,0.0267519328836979,0.138242309590393,0.0,0.0027142622141799,0.186911072578648,0.0850532573693336,0.123784988853109,0.196759970274957,0.209095863264801,0.198394847659153,North West,100925,53.6531915,-2.6294313
0.43683333333333335,0.022166666666666668,0.36216666666666664,0.07633333333333334,0.043166666666666666,0.019000000000000003,0.03983333333333333,0.6073024866226,0.0996957297240583,0.0694785436995068,0.223523239953835,0.0,0.0,0.140801889470517,0.0724561981218844,0.0821306505274393,0.148171278685546,0.210498824758422,0.345941158436191,South West,88068,50.76509225,-1.81452413842956
0.43683333333333335,0.022166666666666668,0.36216666666666664,0.07633333333333334,0.043166666666666666,0.019000000000000003,0.03983333333333333,0.546919524417805,0.324039500835217,0.0673086371229242,0.0523975631325537,0.0,0.0093347744915004,0.113417957843325,0.144439536259908,0.219076353756011,0.210191613672165,0.180120185696068,0.132754352772522,London,119981,50.8832295,0.6209696
0.43683333333333335,0.022166666666666668,0.36216666666666664,0.07633333333333334,0.043166666666666666,0.019000000000000003,0.03983333333333333,0.237309877221917,0.500068719076416,0.11602070734836,0.129947773501924,0.0,0.0166529228513835,0.144853547342597,0.203593528073817,0.108640160506948,0.164936780524627,0.18493062246104,0.19304536109097,North East,100681,54.76470845,-1.57630517092966
0.43683333333333335,0.022166666666666668,0.36216666666666664,0.07633333333333334,0.043166666666666666,0.019000000000000003,0.03983333333333333,0.388463688351894,0.152298232790128,0.023240314743948,0.43599776411403,0.0,0.0,0.150475104135901,0.0796117691391092,0.0947764006151401,0.137795476071658,0.217122080884824,0.320219169153367,Eastern,98190,51.81876975,1.16813027577237
0.43683333333333335,0.022166666666666668,0.36216666666666664,0.07633333333333334,0.043166666666666666,0.019000000000000003,0.03983333333333333,0.28416927500827,0.581901926355701,0.0881492225869659,0.0334631142326386,0.0,0.0123164618164236,0.138653941402827,0.128538499638054,0.304825313369147,0.202099287537623,0.150340991351393,0.0755419667009563,Wales,104988,51.4622924,-0.1388561
0.43683333333333335,0.022166666666666668,0.36216666666666664,0.07633333333333334,0.043166666666666666,0.019000000000000003,0.03983333333333333,0.358746233164552,0.38412496668785,0.034603636661815,0.15292839425186,0.0669522970008815,0.0026444722330415,0.164561571434517,0.0868533854925298,0.0999521411627616,0.162782471180657,0.229940904740106,0.255909525989429,Wales,96116,52.4140074,-4.07879700657863
0.43683333333333335,0.022166666666666668,0.36216666666666664,0.07633333333333334,0.043166666666666666,0.019000000000000003,0.03983333333333333,0.413206221776217,0.314942298043151,0.0315905669844455,0.130536879076769,0.0983442047165077,0.0113798294029101,0.177700871200376,0.0884503435790231,0.109525190793883,0.162327335287116,0.210468407733779,0.251527851405823,Wales,99977,53.3352895,-3.40576670769421
0.43683333333333335,0.022166666666666668,0.36216666666666664,0.07633333333333334,0.043166666666666666,0.019000000000000003,0.03983333333333333,0.411487294995425,0.170643579456137,0.287745477581474,0.127800849346566,0.0,0.0023227986203983,0.201382024928931,0.124539689481741,0.155783949267439,0.20874699322108,0.166262847146293,0.143284495954516,Eastern,114325,51.8896903,0.8994651
0.43683333333333335,0.022166666666666668,0.36216666666666664,0.07633333333333334,0.043166666666666666,0.019000000000000003,0.03983333333333333,0.460029198371969,0.362037692443815,0.062068660414086,0.104472659706247,0.0,0.0113917890638825,0.182278344975819,0.0859430413756045,0.115529285330468,0.191585169263837,0.221225147770016,0.203439011284256,Yorkshire & the Humber,93050,51.5715504,0.2644778
0.43683333333333335,0.022166666666666668,0.36216666666666664,0.07633333333333334,0.043166666666666666,0.019000000000000003,0.03983333333333333,0.553192492690748,0.211732528529661,0.0941478826747147,0.140927096104876,0.0,0.0,0.172122574327933,0.0764976855972939,0.111069076019227,0.180579045753961,0.215517625066762,0.244213993234823,North West,89872,53.1635322,-2.2108035
0.43683333333333335,0.022166666666666668,0.36216666666666664,0.07633333333333334,0.043166666666666666,0.019000000000000003,0.03983333333333333,0.438382814874861,0.394366197183098,0.0265883068193332,0.140662681122707,0.0,0.0,0.200089199180054,0.0920466923400204,0.133901692211368,0.198862710454315,0.202610791385418,0.172488914428825,Wales,116591,52.4877341,-0.7032713
0.43683333333333335,0.022166666666666668,0.36216666666666664,0.07633333333333334,0.043166666666666666,0.019000000000000003,0.03983333333333333,0.258789727045896,0.521284371298233,0.0478614814628122,0.15033898732263,0.0,0.0217254328704287,0.229130383321215,0.110211190206456,0.148585583605282,0.205914678480242,0.169831419827193,0.136326744559612,Wales,118282,52.4334327,-1.39838873485581
0.43683333333333335,0.022166666666666668,0.36216666666666664,0.07633333333333334,0.043166666666666666,0.019000000000000003,0.03983333333333333,0.324546609680028,0.428716645489199,0.0418158715490354,0.164052212082708,0.0,0.0408686611990296,0.194200818335182,0.114324593861554,0.146992758013254,0.196810543288813,0.180126944478102,0.167544342023096,West Midlands,107290,52.40531375,-1.47647338279221
0.43683333333333335,0.022166666666666668,0.36216666666666664,0.07633333333333334,0.043166666666666666,0.019000000000000003,0.03983333333333333,0.341142223454394,0.457744201090472,0.0435726827465114,0.139104518990851,0.0,0.018436373717771,0.171295677733983,0.231745607589017,0.139321263945487,0.172281047498163,0.149976618344579,0.13537978488877,West Midlands,119752,52.38884215,-1.48949082326318
0.43683333333333335,0.022166666666666668,0.36216666666666664,0.07633333333333334,0.043166666666666666,0.019000000000000003,0.03983333333333333,0.236748120300752,0.515037593984962,0.0532424812030075,0.19109492481203,0.0,0.0038768796992481,0.174290833393747,0.0841471876715308,0.126308812411322,0.194102965087979,0.205712687842414,0.215437513593007,Wales,96557,55.0855893,-1.59069
0.43683333333333335,0.022166666666666668,0.36216666666666664,0.07633333333333334,0.043166666666666666,0.019000000000000003,0.03983333333333333,0.481116965226554,0.343582718651212,0.0282191780821917,0.147081138040042,0.0,0.0,0.210341539162651,0.0985459056653135,0.157114766273113,0.224443638020811,0.176601149434988,0.132953001443123,South East,118493,51.1103444,-0.1801094
0.43683333333333335,0.022166666666666668,0.36216666666666664,0.07633333333333334,0.043166666666666666,0.019000000000000003,0.03983333333333333,0.450623342452022,0.375968425668762,0.0281913671768956,0.145154217219705,0.0,6.26474826153236e-05,0.18145455873758,0.0912843366452367,0.142661455289304,0.196056765049679,0.199709599649328,0.188833284628872,North West,109504,53.0996153,-2.4414627
0.43683333333333335,0.022166666666666668,0.36216666666666664,0.07633333333333334,0.043166666666666666,0.019000000000000003,0.03983333333333333,0.454341088655114,0.420598891265442,0.0263433585053908,0.0950063293901959,0.0,0.0037103321838578,0.204831999708696,0.105333588224049,0.137540850788796,0.204476973354817,0.197576717553777,0.150239870369865,Wales,109851,51.3758448,-0.0927317
0.43683333333333335,0.022166666666666668,0.36216666666666664,0.07633333333333334,0.043166666666666666,0.019000000000000003,0.03983333333333333,0.557365105215789,0.270218145973514,0.0592722753182188,0.108108687266961,0.0,0.0050357862255175,0.197589025911043,0.0852352580217344,0.133454739800867,0.219511470931729,0.188691383439894,0.175518121894733,London,101039,51.3629173,-0.0933556
0.43683333333333335,0.022166666666666668,0.36216666666666664,0.07633333333333334,0.043166666666666666,0.019000000000000003,0.03983333333333333,0.323776959495003,0.557338243029984,0.039343328072944,0.0711248465719796,0.0,0.0084166228300894,0.217774258589585,0.108332040847979,0.178069108511628,0.228786233806519,0.173914108225921,0.0931242500183669,Wales,122503,51.3784565,-0.102629261607142
0.43683333333333335,0.022166666666666668,0.36216666666666664,0.07633333333333334,0.043166666666666666,0.019000000000000003,0.03983333333333333,0.251513176273396,0.427344259242015,0.0170872520718875,0.296186795791042,0.0,0.0078685166216593,0.235778223337052,0.10826251457622,0.14413469685657,0.21305190392698,0.172892844858684,0.125879816444493,London,119204,51.56075915,0.15564382375908
0.43683333333333335,0.022166666666666668,0.36216666666666664,0.07633333333333334,0.043166666666666666,0.019000000000000003,0.03983333333333333,0.361532227307399,0.446605644546148,0.0488176964149504,0.137728832951945,0.0,0.0053155987795575,0.184203227562687,0.0940738990641917,0.127150766828627,0.187213017082867,0.207644659934873,0.199714429526754,North East,97349,54.5242081,-1.5555812
0.43683333333333335,0.022166666666666668,0.36216666666666664,0.07633333333333334,0.043166666666666666,0.019000000000000003,0.03983333333333333,0.502426863169042,0.260799541102237,0.0284384238626836,0.204209504478666,0.0,0.0041256673873714,0.225971830468298,0.0888360084894479,0.155446936356704,0.226826287887836,0.171167115333376,0.131751821464338,South East,108841,51.4443059,0.21807
0.43683333333333335,0.022166666666666668,0.36216666666666664,0.07633333333333334,0.043166666666666666,0.019000000000000003,0.03983333333333333,0.600595732609268,0.187716560961277,0.046685984073271,0.165001722356183,0.0,0.0,0.17693891688255,0.0853094960192065,0.12006908266196,0.188155360074397,0.221358688947723,0.208168455414164,East Midlands,105381,52.2578681,-1.1626569
0.43683333333333335,0.022166666666666668,0.36216666666666664,0.07633333333333334,0.043166666666666666,0.019000000000000003,0.03983333333333333,0.380318593920282,0.379367913372133,0.08885385025622,0.151459642451365,0.0,0.0,0.181952032236817,0.134826998333915,0.142634352357705,0.191938858537719,0.179617575264443,0.169030183269402,East Midlands,103235,52.9497463,-1.4906424
0.43683333333333335,0.022166666666666668,0.36216666666666664,0.07633333333333334,0.043166666666666666,0.019000000000000003,0.03983333333333333,0.282212460870443,0.505074219933354,0.0433454508734726,0.160077754215894,0.0,0.0092901141068363,0.224855715683958,0.120549124168888,0.148460967295555,0.204259340510986,0.16711667622937,0.134758176111242,East Midlands,118517,52.86789915,-1.36915564065248
0.43683333333333335,0.022166666666666668,0.36216666666666664,0.07633333333333334,0.043166666666666666,0.019000000000000003,0.03983333333333333,0.543820040228234,0.242457206190222,0.0818316161077131,0.128997167603957,0.0,0.0028939698698739,0.153723874665562,0.0795710239675805,0.0913365200550773,0.168970882915962,0.244713362961636,0.261684335434181,East Midlands,89331,53.1302876,-1.65617327896854
0.43683333333333335,0.022166666666666668,0.36216666666666664,0.07633333333333334,0.043166666666666666,0.019000000000000003,0.03983333333333333,0.371215817722808,0.434053927912256,0.0411566285508199,0.148269936567877,0.0,0.0053036892462396,0.232245755362408,0.124535065235406,0.140087494459327,0.202981364065601,0.166904353523868,0.133245967353389,Wales,103777,53.7024493,-1.6273877
0.43683333333333335,0.022166666666666668,0.36216666666666664,0.07633333333333334,0.043166666666666666,0.019000000000000003,0.03983333333333333,0.564062083073913,0.167726585430935,0.136996353286489,0.131214978208663,0.0,0.0,0.197678359600068,0.0820199966107439,0.142781826055847,0.207676664972039,0.193780715133028,0.176062437628274,Wales,106218,51.6056908,-1.2467923
0.43683333333333335,0.022166666666666668,0.36216666666666664,0.07633333333333334,0.043166666666666666,0.019000000000000003,0.03983333333333333,0.210958839596873,0.488626730714891,0.0418903645097485,0.240628237731939,0.0,0.0178958274465479,0.185469559556614,0.0940456762709899,0.144876356599517,0.196679062218536,0.195867554865923,0.18306179048842,Yorkshire & the Humber,112140,53.52604325,-1.1385744
0.43683333333333335,0.022166666666666668,0.36216666666666664,0.07633333333333334,0.043166666666666666,0.019000000000000003,0.03983333333333333,0.327981424760399,0.415546882719099,0.029888350953463,0.213467048710602,0.0,0.0131162928564371,0.174461180439169,0.0881433009169807,0.122025683999274,0.178026623397419,0.219936590625233,0.217406620621924,Wales,93677,53.5227681,-1.1335312
0.43683333333333335,0.022166666666666668,0.36216666666666664,0.07633333333333334,0.043166666666666666,0.019000000000000003,0.03983333333333333,0.187415801569063,0.533085030509549,0.0264680244076392,0.230789550149246,0.0,0.0222415933645032,0.189314666225494,0.0957068409297708,0.13056290842915,0.173690958722806,0.212186698651667,0.198537927041112,Yorkshire & the Humber,96712,53.5580363,-1.1837572
0.43683333333333335,0.022166666666666668,0.36216666666666664,0.07633333333333334,0.043166666666666666,0.019000000000000003,0.03983333333333333,0.627272160707979,0.0994661071525022,0.136713962232794,0.134324947545547,0.0,0.0022228223611774,0.177982903067642,0.0822017096932358,0.104372295295146,0.194472276109062,0.218156430535718,0.222814385299196,Wales,93815,51.2325184,-0.3306724
0.43683333333333335,0.022166666666666668,0.36216666666666664,0.07633333333333334,0.043166666666666666,0.019000000000000003,0.03983333333333333,0.443740640304367,0.314910754037317,0.0319949811794228,0.209211964220666,0.0,0.0001416602582264,0.17761198373968,0.0867055387928943,0.118779893861632,0.170752767456075,0.212131207978811,0.234018608170908,Wales,103073,51.2209803,1.3959799
0.43683333333333335,0.022166666666666668,0.36216666666666664,0.07633333333333334,0.043166666666666666,0.019000000000000003,0.03983333333333333,0.591832447534819,0.150074575131819,0.0745541247400373,0.183538852593324,0.0,0.0,0.168204504672347,0.0828373356343704,0.115999725444437,0.179784866105135,0.216673367129816,0.236500201013894,Wales,101984,52.26851,-2.1486075
0.43683333333333335,0.022166666666666668,0.36216666666666664,0.07633333333333334,0.043166666666666666,0.019000000000000003,0.03983333333333333,0.333122143277368,0.410281938724714,0.0141874462596732,0.23573335746934,0.0,0.0066751142689052,0.205640888519168,0.0991810016142289,0.139863533279856,0.185527397328104,0.190914762767759,0.178872416490884,Wales,100977,52.5110832,-2.0816813
0.43683333333333335,0.022166666666666668,0.36216666666666664,0.07633333333333334,0.043166666666666666,0.019000000000000003,0.03983333333333333,0.242154847946059,0.605514120119149,0.104440390698963,0.0359064354492345,0.0,0.0119842057865933,0.189353974285954,0.104378110381789,0.199139130353591,0.228718686100036,0.181072072156189,0.0973380267224395,London,107099,51.44592435,-0.0867103990721076
0.43683333333333335,0.022166666666666668,0.36216666666666664,0.07633333333333334,0.043166666666666666,0.019000000000000003,0.03983333333333333,0.572799341535263,0.211986657425056,0.0538251602841795,0.161323860682724,0.0,6.49800727776815e-05,0.202811579707729,0.0849493434090867,0.146542942342242,0.209340445629827,0.189781630271712,0.166574058639403,Wales,107980,51.8861316,-0.5209341
0.43683333333333335,0.022166666666666668,0.36216666666666664,0.07633333333333334,0.043166666666666666,0.019000000000000003,0.03983333333333333,0.202640604335254,0.203649324157719,0.0363139136087512,0.10461545358768,0.416556454686064,0.036224249624532,0.167920913642185,0.084039839541062,0.106669206913706,0.160691793943628,0.223689920511436,0.256988325447983,Wales,94479,52.9262284,-4.13143829999999
0.43683333333333335,0.022166666666666668,0.36216666666666664,0.07633333333333334,0.043166666666666666,0.019000000000000003,0.03983333333333333,0.434340430593553,0.458863645374886,0.0612584750802902,0.0401847666627017,0.0,0.005352682288569,0.171461797532207,0.117801640161298,0.197227130623896,0.236902118919245,0.162392581517225,0.11421473124613,London,132426,51.5126553,-0.3051952
0.43683333333333335,0.022166666666666668,0.36216666666666664,0.07633333333333334,0.043166666666666666,0.019000000000000003,0.03983333333333333,0.307605536031932,0.570588745715649,0.0335806325654041,0.0836695735172892,0.0,0.0045555121697253,0.208358120166567,0.108652431196969,0.145715269732928,0.230267071605247,0.182825072795016,0.124182034503272,London,127756,51.5174885,-0.2887523
0.43683333333333335,0.022166666666666668,0.36216666666666664,0.07633333333333334,0.043166666666666666,0.019000000000000003,0.03983333333333333,0.253863736448089,0.652190324407071,0.0404722461048084,0.0430515654161511,0.0,0.0104221276238807,0.203191301980753,0.107019903604426,0.149621303101632,0.238683127572016,0.179901042417255,0.121583321323918,Wales,124902,51.52959275,-0.355178079169097
0.43683333333333335,0.022166666666666668,0.36216666666666664,0.07633333333333334,0.043166666666666666,0.019000000000000003,0.03983333333333333,0.557112808590723,0.241625152219639,0.104328573010074,0.0927266688807705,0.0,0.0042067972987933,0.205363477273802,0.123312680319727,0.131012628293052,0.219987702785792,0.177004209431017,0.143319301896609,Wales,105714,51.4400687,-0.9277274
0.43683333333333335,0.022166666666666668,0.36216666666666664,0.07633333333333334,0.043166666666666666,0.019000000000000003,0.03983333333333333,0.154236766516208,0.605842224045958,0.0267490767336889,0.188525851456709,0.0,0.0246460812474353,0.180625912252082,0.0960440456769983,0.12105048510346,0.179906842963853,0.219605907100541,0.202766806903065,North East,93176,54.7850506,-1.3530807
0.43683333333333335,0.022166666666666668,0.36216666666666664,0.07633333333333334,0.043166666666666666,0.019000000000000003,0.03983333333333333,0.573430808495912,0.12534065838993,0.144028204351776,0.145347579703249,0.0,0.0118527490591339,0.180392854154464,0.0830788218559116,0.10052506066438,0.187954982846624,0.222920676094051,0.22512760438457,Wales,95607,50.90894935,-1.40282796619078
0.43683333333333335,0.022166666666666668,0.36216666666666664,0.07633333333333334,0.043166666666666666,0.019000000000000003,0.03983333333333333,0.123769303813284,0.795542006097256,0.0167674546454095,0.0514018691588785,0.0,0.0125193662851716,0.244163773037738,0.131193955813332,0.163849353226237,0.236845117716641,0.145915213492578,0.0780325867134735,London,131034,51.5329628,0.0553201
0.43683333333333335,0.022166666666666668,0.36216666666666664,0.07633333333333334,0.043166666666666666,0.019000000000000003,0.03983333333333333,0.643283034444801,0.109273953125717,0.113195431821309,0.13415585011237,0.0,9.17304958033298e-05,0.169686096680461,0.084419300871709,0.0957118957471163,0.178128026767632,0.228735581579642,0.243319098353438,South East,90856,51.07788895,-0.943907586453713
0.43683333333333335,0.022166666666666668,0.36216666666666664,0.07633333333333334,0.043166666666666666,0.019000000000000003,0.03983333333333333,0.598370248363747,0.124420267868753,0.0979151315504312,0.173291144727147,0.0,0.0060032074899224,0.197761306912721,0.0873796198255432,0.106539605707659,0.199062169112086,0.20913628800484,0.20012101043715,South East,99165,51.4805123,-0.1538335
0.43683333333333335,0.022166666666666668,0.36216666666666664,0.07633333333333334,0.043166666666666666,0.019000000000000003,0.03983333333333333,0.411076056114451,0.232652737266107,0.0223227573069825,0.320019048752902,0.0,0.0139294005595571,0.186982507566096,0.0915069379675276,0.119534804042865,0.180929630546091,0.201229609608466,0.219816510268953,Wales,105074,51.34604635,1.40742551002479
0.43683333333333335,0.022166666666666668,0.36216666666666664,0.07633333333333334,0.043166666666666666,0.019000000000000003,0.03983333333333333,0.590789677020553,0.171247543987461,0.08342715853147,0.151621520188975,0.0,0.0029141002715411,0.197645570370956,0.0989117434838046,0.130936730881379,0.186249023929782,0.196647260578624,0.189609670755454,Wales,101169,51.3524914,-1.99633064
0.43683333333333335,0.022166666666666668,0.36216666666666664,0.07633333333333334,0.043166666666666666,0.019000000000000003,0.03983333333333333,0.521979997039731,0.205886706277885,0.0710464550779185,0.174803882181295,0.0,0.0262829594231704,0.17925399502128,0.0853408817152493,0.107203083594315,0.19884766722878,0.207439974303381,0.221914398136995,South East,99623,50.90894935,-1.40282796619078
0.43683333333333335,0.022166666666666668,0.36216666666666664,0.07633333333333334,0.043166666666666666,0.019000000000000003,0.03983333333333333,0.406055932980453,0.0803567707247947,0.391822614929354,0.119076397282541,0.0,0.0026882840828575,0.168261429681277,0.0932665925831227,0.115462153470945,0.177623491695104,0.200330425718135,0.245055906851417,South East,101689,50.7664372,0.2781546
0.43683333333333335,0.022166666666666668,0.36216666666666664,0.07633333333333334,0.043166666666666666,0.019000000000000003,0.03983333333333333,0.478564284920547,0.121435715079453,0.257584176019558,0.139282142460273,0.0,0.0031336815201689,0.189441392137161,0.0864848109113453,0.12639758855848,0.200194540051735,0.199179083737734,0.198302584603544,South East,93554,50.9202337,-1.29926561951309
0.43683333333333335,0.022166666666666668,0.36216666666666664,0.07633333333333334,0.043166666666666666,0.019000000000000003,0.03983333333333333,0.32317941750126,0.570598934934584,0.0257719532773772,0.0739847910411781,0.0,0.0064649032456005,0.222569198012775,0.114565097389796,0.132229319454302,0.207176090213705,0.187138238309282,0.13632205662014,Wales,126808,51.6267968,-0.0769118
0.43683333333333335,0.022166666666666668,0.36216666666666664,0.07633333333333334,0.043166666666666666,0.019000000000000003,0.03983333333333333,0.360994419076611,0.489538305428716,0.03480466768138,0.111496702181634,0.0,0.003165905631659,0.186697917870994,0.0919563183839063,0.139295586643263,0.186288008576564,0.206951641213752,0.188810527311521,Wales,95143,52.9074234,-2.8938664
0.43683333333333335,0.022166666666666668,0.36216666666666664,0.07633333333333334,0.043166666666666666,0.019000000000000003,0.03983333333333333,0.419062153743232,0.387535801643217,0.0401396525411326,0.153262392072419,0.0,0.0,0.205506248867959,0.0980981706212642,0.134486506067741,0.223745698243072,0.184223872486868,0.153939503713095,Wales,110420,51.4505687,0.0541253
0.43683333333333335,0.022166666666666668,0.36216666666666664,0.07633333333333334,0.043166666666666666,0.019000000000000003,0.03983333333333333,0.52244914664593,0.159927147710064,0.183563213686408,0.134060491957598,0.0,0.0,0.184774673126701,0.0799192179692611,0.120044752486513,0.206600991760612,0.203386777157269,0.205273587499644,Wales,105469,52.3990199,0.262039
0.43683333333333335,0.022166666666666668,0.36216666666666664,0.07633333333333334,0.043166666666666666,0.019000000000000003,0.03983333333333333,0.405860361330228,0.471804106559142,0.0237037327017557,0.0902151147996633,0.0,0.0084166846092113,0.236716492902902,0.112572227107147,0.132238412259766,0.215409496294435,0.180245886195202,0.122817485240548,London,127376,51.58646195,-0.0724400066499359
0.43683333333333335,0.022166666666666668,0.36216666666666664,0.07633333333333334,0.043166666666666666,0.019000000000000003,0.03983333333333333,0.568199974771896,0.167388470756423,0.0724887524702518,0.190240928394231,0.0,0.0016818736071984,0.189732295128298,0.0920838490249773,0.126026916667479,0.207897634802608,0.199935680664243,0.184323623712395,Wales,102613,51.6676884,0.0548011292574446
0.43683333333333335,0.022166666666666668,0.36216666666666664,0.07633333333333334,0.043166666666666666,0.019000000000000003,0.03983333333333333,0.609660720271126,0.152173103422591,0.0984507094707832,0.128021302744777,0.0,0.0116941640907228,0.197936175341653,0.0917780785848059,0.1087726455154,0.216210202303028,0.196239500083443,0.18906339817167,South East,107858,51.3363098,-0.267381692674653
0.43683333333333335,0.022166666666666668,0.36216666666666664,0.07633333333333334,0.043166666666666666,0.019000000000000003,0.03983333333333333,0.437778437778438,0.361746361746362,0.0351733208876066,0.165301879587594,0.0,0.0,0.174454403127003,0.0929064525958537,0.136323039581385,0.186958212060396,0.211955322524719,0.197402570110643,East Midlands,95173,52.93800485,-1.35131723923961
0.43683333333333335,0.022166666666666668,0.36216666666666664,0.07633333333333334,0.043166666666666666,0.019000000000000003,0.03983333333333333,0.29645816072908,0.501574150787075,0.0289768019884009,0.164084507042253,0.0,0.0089063794531897,0.232520060161963,0.107454304321733,0.152197912113152,0.226459409197668,0.179848705999155,0.101519608206329,London,134969,51.47253155,0.162351392919021
0.43683333333333335,0.022166666666666668,0.36216666666666664,0.07633333333333334,0.043166666666666666,0.019000000000000003,0.03983333333333333,0.654380552046881,0.1340359886526,0.0967220922286873,0.104093761000559,0.0,0.0107676060712732,0.219012921402895,0.0770815117069853,0.0997085397843194,0.231895462935976,0.198824443796755,0.173477120373069,South East,102929,51.38712105,-0.374287723331783
0.43683333333333335,0.022166666666666668,0.36216666666666664,0.07633333333333334,0.043166666666666666,0.019000000000000003,0.03983333333333333,0.354782335939775,0.492729594694509,0.046109380951314,0.100643021979253,0.0,0.0057356664351488,0.135590387035872,0.239576777847703,0.137370201384519,0.169829688483323,0.159190135305223,0.158442809943361,South West,101694,50.7255794,-3.5269497
0.43683333333333335,0.022166666666666668,0.36216666666666664,0.07633333333333334,0.043166666666666666,0.019000000000000003,0.03983333333333333,0.452419488711819,0.154278718459495,0.0665670650730411,0.122738213811421,0.0,0.203996513944223,0.175482837986591,0.0862703892724907,0.119903932752927,0.182317622335635,0.195506854798359,0.240518362853998,Wales,99930,50.6977053,-3.3057308
0.43683333333333335,0.022166666666666668,0.36216666666666664,0.07633333333333334,0.043166666666666666,0.019000000000000003,0.03983333333333333,0.605883849752393,0.132650864178199,0.0953434203057409,0.157313707451702,0.0,0.0088081583119653,0.162900140675445,0.0837373113785181,0.116790980578692,0.173577305711018,0.21550668461375,0.247487577042577,Wales,98809,50.8526637,-1.1783134
0.43683333333333335,0.022166666666666668,0.36216666666666664,0.07633333333333334,0.043166666666666666,0.019000000000000003,0.03983333333333333,0.637825687135997,0.102850720343312,0.0846224583631347,0.112618780014305,0.0,0.0620823541432512,0.189388797956006,0.0929378418300131,0.100572877160765,0.19611561339774,0.21133578186754,0.209649087787936,Wales,100196,51.2151749,-0.7984854
0.43683333333333335,0.022166666666666668,0.36216666666666664,0.07633333333333334,0.043166666666666666,0.019000000000000003,0.03983333333333333,0.560155938094455,0.171015241539654,0.0657335431295648,0.193184753763416,0.0,0.0099105234729104,0.194284906784023,0.0859282736623229,0.117764027818433,0.187633111606827,0.207618778451817,0.206770901676575,South East,99072,51.3158434,0.8911283
0.43683333333333335,0.022166666666666668,0.36216666666666664,0.07633333333333334,0.043166666666666666,0.019000000000000003,0.03983333333333333,0.299548532731377,0.538284424379232,0.0328668171557562,0.129300225733634,0.0,0.0,0.216164862977177,0.108521775701636,0.153635291732068,0.239408800402544,0.168888421590201,0.113380847596374,London,133153,51.4442232,-0.410659
0.43683333333333335,0.022166666666666668,0.36216666666666664,0.07633333333333334,0.043166666666666666,0.019000000000000003,0.03983333333333333,0.48870573243171,0.277824594577929,0.0791523647051569,0.153248514993937,0.0,0.0010687932912667,0.190859038019023,0.137114429714648,0.152607111914366,0.205410793638964,0.171528120662189,0.14248050605081,South West,107341,51.5117457,-2.5720005
0.43683333333333335,0.022166666666666668,0.36216666666666664,0.07633333333333334,0.043166666666666666,0.019000000000000003,0.03983333333333333,0.522925388831584,0.408207430778877,0.0336751410715369,0.0351920393180025,0.0,0.0,0.206410998438082,0.0930966406875609,0.151125452916505,0.228095491052669,0.169511682669056,0.151759734236127,London,126127,51.5973246,-0.1805587
0.43683333333333335,0.022166666666666668,0.36216666666666664,0.07633333333333334,0.043166666666666666,0.019000000000000003,0.03983333333333333,0.505698932504398,0.152509699028892,0.0937853924190944,0.240632304392877,0.0,0.0073736716547386,0.164548691646794,0.0858079339670924,0.112345235372905,0.170091361493145,0.2166105866083,0.250596190911764,South East,91833,51.05774845,1.00607206984296
0.43683333333333335,0.022166666666666668,0.36216666666666664,0.07633333333333334,0.043166666666666666,0.019000000000000003,0.03983333333333333,0.495354251660721,0.260674541299101,0.0561761753209304,0.187795031719247,0.0,0.0,0.160550458715596,0.0935998252512014,0.104674530362604,0.161959370904325,0.226878549584972,0.252337265181302,South West,91560,51.80017015,-2.53075276336614
0.43683333333333335,0.022166666666666668,0.36216666666666664,0.07633333333333334,0.043166666666666666,0.019000000000000003,0.03983333333333333,0.554388514554983,0.1529924692826,0.168208041573083,0.120557537323292,0.0,0.0038534372660413,0.184837106331257,0.0894016018058298,0.110541966010462,0.180279122262496,0.21763288694029,0.217307316649665,Wales,92146,51.291291,-2.4992598
0.43683333333333335,0.022166666666666668,0.36216666666666664,0.07633333333333334,0.043166666666666666,0.019000000000000003,0.03983333333333333,0.514424951267057,0.204071908165475,0.0413255360623781,0.132748538011696,0.0,0.107429066493394,0.149040259254643,0.0751693049150359,0.0997133241929452,0.164121899538826,0.232550168266234,0.279405043832315,North West,96276,53.79336215,-2.89426008005
0.43683333333333335,0.022166666666666668,0.36216666666666664,0.07633333333333334,0.043166666666666666,0.019000000000000003,0.03983333333333333,0.540955521767994,0.218879157119301,0.0685697153992761,0.161081011628156,0.0,0.0105145940852731,0.168528580286486,0.0809958698096749,0.103885321534791,0.166741983962671,0.227780521896314,0.252067722510063,East Midlands,95153,53.3995376,-0.7758801
0.43683333333333335,0.022166666666666668,0.36216666666666664,0.07633333333333334,0.043166666666666666,0.019000000000000003,0.03983333333333333,0.159945682485026,0.567957515943646,0.087489997332622,0.184606804238706,0.0,0.0,0.176974892835273,0.101561543172076,0.143508879363135,0.191324760155134,0.199418248622168,0.187211675852215,Wales,97980,54.9625789,-1.6019294
0.43683333333333335,0.022166666666666668,0.36216666666666664,0.07633333333333334,0.043166666666666666,0.019000000000000003,0.03983333333333333,0.378184021815978,0.432723967276033,0.0398545601454398,0.149156650843349,0.0,8.07999192000808e-05,0.178569661954274,0.0847439182437846,0.126383791216945,0.191905501528477,0.209178777416132,0.209218349640387,East Midlands,101081,53.02605385,-1.1071169188526
0.43683333333333335,0.022166666666666668,0.36216666666666664,0.07633333333333334,0.043166666666666666,0.019000000000000003,0.03983333333333333,0.491674828599412,0.262487757100881,0.0371531178583088,0.200217651539885,0.0,0.0084666449015126,0.197814549470742,0.106858365994546,0.131938267864299,0.192331375289553,0.192526853869987,0.178530587510874,South East,102313,51.3647379,0.6045482
0.43683333333333335,0.022166666666666668,0.36216666666666664,0.07633333333333334,0.043166666666666666,0.019000000000000003,0.03983333333333333,0.544391958694936,0.077183346149621,0.256860375700318,0.116115566296825,0.0,0.0054487531582994,0.163179870821825,0.0900332731661701,0.100841615379597,0.157917056303416,0.224604745231933,0.263423439097058,Wales,91963,51.14804,-2.716577
0.43683333333333335,0.022166666666666668,0.36216666666666664,0.07633333333333334,0.043166666666666666,0.019000000000000003,0.03983333333333333,0.466570247933884,0.324648760330578,0.0553512396694214,0.146735537190083,0.0,0.006694214876033,0.195000644246875,0.112579993987029,0.144972726882275,0.195782330455697,0.191298372202895,0.160365932225229,South West,116417,51.8653705,-2.2458192
0.43683333333333335,0.022166666666666668,0.36216666666666664,0.07633333333333334,0.043166666666666666,0.019000000000000003,0.03983333333333333,0.623578938370801,0.109688862295923,0.102252329258911,0.111654842294213,0.0,0.0528250277801521,0.188080431177446,0.0839759535655058,0.100829187396352,0.199917081260365,0.209660033167496,0.217537313432836,Wales,96480,51.1857892,-0.6149074
0.43683333333333335,0.022166666666666668,0.36216666666666664,0.07633333333333334,0.043166666666666666,0.019000000000000003,0.03983333333333333,0.548567080902866,0.235139195068183,0.0501765543611853,0.156772469224917,0.0,0.009344700442849,0.169409898845328,0.0825967545403554,0.110515830802855,0.18426396920875,0.22283039668878,0.230383149913931,Wales,103404,53.7035625,-0.8715949
0.43683333333333335,0.022166666666666668,0.36216666666666664,0.07633333333333334,0.043166666666666666,0.019000000000000003,0.03983333333333333,0.154765065038492,0.645510051403335,0.0718198711296667,0.119723918237324,0.0,0.0081810941911817,0.238096913509662,0.112183236724749,0.14274907862678,0.210143461548611,0.17089604095383,0.125931268636368,Wales,113690,53.4689321,-2.1677485
0.43683333333333335,0.022166666666666668,0.36216666666666664,0.07633333333333334,0.043166666666666666,0.019000000000000003,0.03983333333333333,0.573654206014187,0.150702815614257,0.0717611732451368,0.201618869402498,0.0,0.0022629357239218,0.173480835151137,0.0932377687753194,0.116588760776981,0.174581905058689,0.211717045808663,0.230393684429209,South East,96270,50.7952074,-1.1210853
0.43683333333333335,0.022166666666666668,0.36216666666666664,0.07633333333333334,0.043166666666666666,0.019000000000000003,0.03983333333333333,0.348787872546394,0.396263722683364,0.0499680748079339,0.121027373277584,0.0723157092541863,0.0116372474305369,0.168380703066567,0.0927345632843015,0.102998005484916,0.176815839773955,0.212966425662761,0.246104462727499,Wales,96264,51.5251128,-0.1354765
0.43683333333333335,0.022166666666666668,0.36216666666666664,0.07633333333333334,0.043166666666666666,0.019000000000000003,0.03983333333333333,0.551272183023306,0.17421423989737,0.061171691255078,0.174791533033996,0.0,0.0385503527902501,0.178480026705241,0.0835550340390665,0.111120102774715,0.178743032865654,0.217627482120639,0.230474321494684,Wales,98855,52.913192,-0.6438974
0.43683333333333335,0.022166666666666668,0.36216666666666664,0.07633333333333334,0.043166666666666666,0.019000000000000003,0.03983333333333333,0.479118637151892,0.308354585331021,0.0226665306538814,0.189860246863205,0.0,0.0,0.209034527272897,0.0969495140363514,0.132346750731986,0.199156228660162,0.190260147239034,0.172252832059569,South East,106900,51.39723695,0.396172587146342
0.43683333333333335,0.022166666666666668,0.36216666666666664,0.07633333333333334,0.043166666666666666,0.019000000000000003,0.03983333333333333,0.341635713146321,0.369140669507554,0.0438666453979901,0.232527402410956,0.0,0.0128295695371784,0.197713924027068,0.0972606182457904,0.135703182448596,0.175374419405583,0.205346588106075,0.188601267766887,Wales,107435,53.5645868,-0.0817374
0.43683333333333335,0.022166666666666668,0.36216666666666664,0.07633333333333334,0.043166666666666666,0.019000000000000003,0.03983333333333333,0.438918396909705,0.297417856568025,0.023683060863167,0.236140810742452,0.0,0.0038398749166494,0.17071679197995,0.0912280701754386,0.11722305764411,0.169273182957393,0.211588972431078,0.23996992481203,Eastern,99745,52.6071742,1.7314845
0.43683333333333335,0.022166666666666668,0.36216666666666664,0.07633333333333334,0.043166666666666666,0.019000000000000003,0.03983333333333333,0.284452670544685,0.557694341618191,0.0604706504494976,0.0889212057112638,0.0,0.0084611316763617,0.188157166574433,0.109224809501511,0.232046315610234,0.247618236771529,0.141552083776766,0.0814013877655272,London,117455,51.4859955,0.0131852
0.43683333333333335,0.022166666666666668,0.36216666666666664,0.07633333333333334,0.043166666666666666,0.019000000000000003,0.03983333333333333,0.607583956379859,0.118922714692883,0.160498161840638,0.0981040109050353,0.0,0.0148911561815853,0.166686325391209,0.176663128096249,0.121097743178423,0.19057167570968,0.181518833058111,0.163462294566328,South East,101736,51.2356068,-0.5732063
0.43683333333333335,0.022166666666666668,0.36216666666666664,0.07633333333333334,0.043166666666666666,0.019000000000000003,0.03983333333333333,0.170061072399042,0.735101832171971,0.0576824773332615,0.0276036482014582,0.0,0.0095509698942667,0.225281246774693,0.114812330133829,0.20906010252176,0.218460797467919,0.148647951284962,0.0837375718168369,London,116268,51.5432402,-0.0493621
0.43683333333333335,0.022166666666666668,0.36216666666666664,0.07633333333333334,0.043166666666666666,0.019000000000000003,0.03983333333333333,0.154237692532011,0.729169428169985,0.0524906550727711,0.0416478884441027,0.0,0.0224543357811298,0.160070008973231,0.118180122071484,0.273941203123751,0.223797720266176,0.148760183729133,0.0752507618362252,London,112557,51.5432402,-0.0493621
0.43683333333333335,0.022166666666666668,0.36216666666666664,0.07633333333333334,0.043166666666666666,0.019000000000000003,0.03983333333333333,0.449826296098343,0.354712275075717,0.0250311776233743,0.170430251202565,0.0,0.0,0.19313467810887,0.0953903965715612,0.132577556815183,0.186537466882,0.193398566557945,0.198961335064442,Wales,94737,52.4492074,-2.0514646
0.43683333333333335,0.022166666666666668,0.36216666666666664,0.07633333333333334,0.043166666666666666,0.019000000000000003,0.03983333333333333,0.402924872684664,0.409121636847086,0.0387579431249718,0.131258731804047,0.0,0.0179368155392311,0.209185380725758,0.0995687091017251,0.132659131469363,0.19274241522903,0.194145969660916,0.171698393813206,Yorkshire & the Humber,107584,53.7229229,-1.8604874
0.43683333333333335,0.022166666666666668,0.36216666666666664,0.07633333333333334,0.043166666666666666,0.019000000000000003,0.03983333333333333,0.519597040768141,0.139068156776326,0.170647725484023,0.160927908074925,0.0,0.0097591688965842,0.188776008596268,0.0856696297743479,0.120953404317671,0.195594412425515,0.213080003907395,0.195926540978802,Wales,102370,50.9328589,-1.2547935
0.43683333333333335,0.022166666666666668,0.36216666666666664,0.07633333333333334,0.043166666666666666,0.019000000000000003,0.03983333333333333,0.401216615234332,0.501498568034989,0.0463779055569122,0.0496858557378505,0.0,0.0012210554359167,0.161927540845385,0.110848224656073,0.205014152850788,0.228957851175676,0.174712426116957,0.11853980435512,Wales,116231,51.4960068,-0.2482125
0.43683333333333335,0.022166666666666668,0.36216666666666664,0.07633333333333334,0.043166666666666666,0.019000000000000003,0.03983333333333333,0.369417237479461,0.497450013870217,0.0945735441606384,0.033544587414378,0.0,0.0050146170753046,0.165982203969884,0.09757871321013,0.201351813826146,0.234616700889801,0.169310403832991,0.131160164271047,Wales,116880,51.5702227,-0.148444684547609
0.43683333333333335,0.022166666666666668,0.36216666666666664,0.07633333333333334,0.043166666666666666,0.019000000000000003,0.03983333333333333,0.550434316353887,0.159914209115282,0.139667560321716,0.149962466487936,0.0,2.14477211796247e-05,0.179542047964658,0.100021694540865,0.113235642158409,0.187914168507416,0.201611312716945,0.217675134111707,Wales,101408,52.6015963,-1.0845088
0.43683333333333335,0.022166666666666668,0.36216666666666664,0.07633333333333334,0.043166666666666666,0.019000000000000003,0.03983333333333333,0.505970952124798,0.293986013986014,0.0268961807423345,0.164970414201183,0.0,0.0081764389456697,0.208432325413967,0.0943394528437725,0.14386249100072,0.204742620590353,0.189758819294456,0.158864290856731,Eastern,111120,51.7676194,0.0974893
0.43683333333333335,0.022166666666666668,0.36216666666666664,0.07633333333333334,0.043166666666666666,0.019000000000000003,0.03983333333333333,0.595237589931875,0.20178696491861,0.0914705320571319,0.109234066936904,0.0,0.0022708461554786,0.212474117362651,0.0783363639230195,0.0842854289948602,0.213325485332296,0.21265279952912,0.198925804858053,Wales,95141,51.8145103,-0.3549311
0.43683333333333335,0.022166666666666668,0.36216666666666664,0.07633333333333334,0.043166666666666666,0.019000000000000003,0.03983333333333333,0.55192276488723,0.107861431121207,0.228338471523609,0.11185705013792,0.0,2.02823300340743e-05,0.167855942756617,0.0899665948488861,0.109989919155581,0.191071534462651,0.218606076179558,0.222509932596707,Yorkshire & the Humber,101182,53.9921491,-1.5391039
0.43683333333333335,0.022166666666666668,0.36216666666666664,0.07633333333333334,0.043166666666666666,0.019000000000000003,0.03983333333333333,0.49279637210049,0.429709446986114,0.025383257083233,0.0478770366803114,0.0,0.0042338871498515,0.18660242593297,0.106453657918093,0.151041798740543,0.211563332065424,0.177279066818816,0.167059718524154,London,118307,51.2238642,-0.3299108
0.43683333333333335,0.022166666666666668,0.36216666666666664,0.07633333333333334,0.043166666666666666,0.019000000000000003,0.03983333333333333,0.442328331825165,0.476146383551842,0.0332709021654496,0.0455186346514025,0.0,0.0027357478061407,0.204590201748099,0.107225531143679,0.163186120653436,0.233826788259233,0.166621357783654,0.124550000411899,London,121387,51.5795991,-0.3531364
0.43683333333333335,0.022166666666666668,0.36216666666666664,0.07633333333333334,0.043166666666666666,0.019000000000000003,0.03983333333333333,0.216414584917036,0.368974285040237,0.0199480982463498,0.289706152192718,0.0,0.104956879603659,0.191167233425025,0.0987892308691979,0.123232038813923,0.172680803136303,0.216671359570274,0.197459334185276,North East,92338,54.6857276,-1.2093696
0.43683333333333335,0.022166666666666668,0.36216666666666664,0.07633333333333334,0.043166666666666666,0.019000000000000003,0.03983333333333333,0.523669597908519,0.203206360866841,0.0947432102499837,0.178186375126936,0.0,0.0001944558477194,0.166476392399902,0.107457392155264,0.102799070374297,0.171715730245454,0.210552067193998,0.240999347631085,Eastern,98104,51.9445801,1.2898522
0.43683333333333335,0.022166666666666668,0.36216666666666664,0.07633333333333334,0.043166666666666666,0.019000000000000003,0.03983333333333333,0.465100956429331,0.361700318809777,0.0337300743889479,0.139468650371945,0.0,0.0,0.17230983523665,0.0875335107854641,0.118425446253947,0.180676798610912,0.220183748819371,0.220870660293655,South East,104817,50.8553888,0.5824703
0.43683333333333335,0.022166666666666668,0.36216666666666664,0.07633333333333334,0.043166666666666666,0.019000000000000003,0.03983333333333333,0.545225539127978,0.168306808550711,0.0689565872492701,0.217511065072041,0.0,0.0,0.176495973896111,0.087911162570391,0.1146571233093,0.168285879690543,0.215851797273828,0.236798063259828,South East,95005,50.8334197,-0.982658943316543
0.43683333333333335,0.022166666666666668,0.36216666666666664,0.07633333333333334,0.043166666666666666,0.019000000000000003,0.03983333333333333,0.251750937598843,0.60645700600967,0.020062355971262,0.121729700420225,0.0,0.0,0.229110959922788,0.11315127446482,0.157231460531937,0.233778459883233,0.16451750708036,0.102210338116861,London,126402,51.5029246,-0.4191564
0.43683333333333335,0.022166666666666668,0.36216666666666664,0.07633333333333334,0.043166666666666666,0.019000000000000003,0.03983333333333333,0.404205656169894,0.222266219285997,0.245962111581185,0.127003313673593,0.0,0.0005626992893316,0.178401270513499,0.0810481736368449,0.114610905240868,0.185897300158814,0.206934886183166,0.233107464266808,North West,94450,53.3774667,-2.1221506
0.43683333333333335,0.022166666666666668,0.36216666666666664,0.07633333333333334,0.043166666666666666,0.019000000000000003,0.03983333333333333,0.552058475760507,0.238869181984306,0.055852950661077,0.148038267225626,0.0,0.0051811243684832,0.205171395657267,0.0888391949583248,0.147310235336257,0.213380574836155,0.187688167358832,0.157610431853164,Eastern,103296,51.7511784,-0.472528
0.43683333333333335,0.022166666666666668,0.36216666666666664,0.07633333333333334,0.043166666666666666,0.019000000000000003,0.03983333333333333,0.500435420295169,0.423824365203043,0.0223668530571088,0.0533733614446787,0.0,0.0,0.207911788978207,0.115459852675979,0.172845921080784,0.229521349757007,0.158167007977504,0.116094079530519,London,130868,51.5897175,-0.2216026
0.43683333333333335,0.022166666666666668,0.36216666666666664,0.07633333333333334,0.043166666666666666,0.019000000000000003,0.03983333333333333,0.628008474576271,0.134512711864407,0.120656779661017,0.116822033898305,0.0,0.0,0.178718802171379,0.0815317254486082,0.0991295582691964,0.189313201524585,0.219185417738531,0.232121294847699,Wales,95239,51.5375786,-0.9050287
0.43683333333333335,0.022166666666666668,0.36216666666666664,0.07633333333333334,0.043166666666666666,0.019000000000000003,0.03983333333333333,0.566811884839684,0.137749809833345,0.114146094092156,0.181292211234815,0.0,0.0,0.169161087042143,0.0875603739557637,0.118540245848967,0.176789452954955,0.215915922140917,0.232032918057254,West Midlands,96482,52.0553813,-2.7151735
0.43683333333333335,0.022166666666666668,0.36216666666666664,0.07633333333333334,0.043166666666666666,0.019000000000000003,0.03983333333333333,0.488680615140915,0.198336743449277,0.0391173299892196,0.268959144610917,0.0,0.0049061668096715,0.161254810071608,0.0841421660219571,0.101301875549181,0.165365464443345,0.215541707487047,0.272393976426862,Wales,99009,51.3503509,1.1337922
0.43683333333333335,0.022166666666666668,0.36216666666666664,0.07633333333333334,0.043166666666666666,0.019000000000000003,0.03983333333333333,0.589472187233351,0.188147576287026,0.081813010442485,0.140567226037138,0.0,0.0,0.194893045345746,0.0870112300021759,0.132215063529456,0.214202594158885,0.200049196302709,0.171628870661028,Eastern,105699,51.7957409,-0.078521
0.43683333333333335,0.022166666666666668,0.36216666666666664,0.07633333333333334,0.043166666666666666,0.019000000000000003,0.03983333333333333,0.591750893312915,0.222725880551302,0.0543542623787646,0.13114854517611,0.0,2.04185809086268e-05,0.198181440495524,0.0939400234165502,0.115930807870982,0.210342939154738,0.197180571817049,0.184424217245156,Eastern,105908,51.68082975,-0.268111310310969
0.43683333333333335,0.022166666666666668,0.36216666666666664,0.07633333333333334,0.043166666666666666,0.019000000000000003,0.03983333333333333,0.517553158321382,0.284799733948577,0.0834528486208975,0.113362848413045,0.0,0.0008314106960986,0.157224780606482,0.0770592579720219,0.0872034929185854,0.168672343383439,0.238823963854375,0.271016161265097,North East,92072,54.971478,-2.1017927
0.43683333333333335,0.022166666666666668,0.36216666666666664,0.07633333333333334,0.043166666666666666,0.019000000000000003,0.03983333333333333,0.193385114174422,0.444802089893406,0.0413080493550719,0.315466610687379,0.0,0.0050381358897208,0.21235898971748,0.0952281122092442,0.134651093141659,0.188220025955875,0.193960267545173,0.175581511430568,Wales,100170,53.5967685,-2.2239715
0.43683333333333335,0.022166666666666668,0.36216666666666664,0.07633333333333334,0.043166666666666666,0.019000000000000003,0.03983333333333333,0.466250153129977,0.36632773898485,0.048777001919229,0.118645105965944,0.0,0.0,0.167958826828544,0.0842488425544081,0.111873577249183,0.1802425961972,0.237471544983669,0.218204612186995,East Midlands,90932,53.3675462,-1.85287464915649
0.43683333333333335,0.022166666666666668,0.36216666666666664,0.07633333333333334,0.043166666666666666,0.019000000000000003,0.03983333333333333,0.432195656141632,0.180101802843179,0.213502058364259,0.17420048265093,0.0,0.0,0.172501623640201,0.0835565838610164,0.122686312713103,0.188088569572983,0.214279915570709,0.218886994641987,Wales,98544,52.608409,-1.41719099634814
0.43683333333333335,0.022166666666666668,0.36216666666666664,0.07633333333333334,0.043166666666666666,0.019000000000000003,0.03983333333333333,0.603466044124761,0.196332050392243,0.0780070246282625,0.119986539634467,0.0,0.0022083412202662,0.201489135389758,0.08211518006382,0.124418781340222,0.21971331611204,0.198338651674011,0.173924935420149,Wales,98717,51.9464129,-0.2791646
0.43683333333333335,0.022166666666666668,0.36216666666666664,0.07633333333333334,0.043166666666666666,0.019000000000000003,0.03983333333333333,0.251134380453752,0.606457242582897,0.0741710296684118,0.0571428571428571,0.0,0.0110944901520817,0.140086776079985,0.203065459347293,0.202150537634409,0.189992454253914,0.15800792303339,0.106696849651009,London,106020,51.5182454,-0.1139421
0.43683333333333335,0.022166666666666668,0.36216666666666664,0.07633333333333334,0.043166666666666666,0.019000000000000003,0.03983333333333333,0.542069028197496,0.125423189657131,0.0982481652314194,0.160437163436414,0.0,0.0738224534775397,0.149667284826006,0.0737536816843024,0.0860805061634122,0.152198101887204,0.22059561470492,0.317704810734155,Wales,91670,50.7981119,-3.1924599
0.43683333333333335,0.022166666666666668,0.36216666666666664,0.07633333333333334,0.043166666666666666,0.019000000000000003,0.03983333333333333,0.502588656623457,0.20627505936393,0.027871851765347,0.259683132858422,0.0,0.0035812993888434,0.196612439657337,0.0955902186752983,0.127103273153445,0.198891276241501,0.191347862079229,0.19045493019319,London,107511,51.5613235,0.2212279
0.43683333333333335,0.022166666666666668,0.36216666666666664,0.07633333333333334,0.043166666666666666,0.019000000000000003,0.03983333333333333,0.181790492256508,0.522363580984513,0.251985661066985,0.0362924954897964,0.0,0.0075677702021976,0.179610285060281,0.0859351509684678,0.174256311771952,0.250783212577957,0.185429821243247,0.123985218378095,Wales,103101,51.5873645,-0.1209667
0.43683333333333335,0.022166666666666668,0.36216666666666664,0.07633333333333334,0.043166666666666666,0.019000000000000003,0.03983333333333333,0.599243973477102,0.118795315114334,0.118898597426205,0.146103158373097,0.0,0.0169589556092623,0.187048766870103,0.086193950828825,0.120964170886198,0.196906105003754,0.211586222829749,0.197300783581371,South East,103882,51.0630273,-0.3295028
0.43683333333333335,0.022166666666666668,0.36216666666666664,0.07633333333333334,0.043166666666666666,0.019000000000000003,0.03983333333333333,0.190488708328355,0.56730792209344,0.0218186163221412,0.219404946827578,0.0,0.000979806428486,0.177985085771747,0.0906900568492946,0.128712378411206,0.178034866239882,0.217152358100775,0.207425254627094,North East,100441,52.330324,-0.1150244
0.43683333333333335,0.022166666666666668,0.36216666666666664,0.07633333333333334,0.043166666666666666,0.019000000000000003,0.03983333333333333,0.428533251104944,0.453941823414534,0.0382567581457498,0.0671189228080995,0.0,0.0121492445266728,0.167016299798099,0.0933766681439897,0.151711232579899,0.235544393558871,0.199822721229133,0.152528684690008,Wales,101533,50.8352056,-0.17018
0.43683333333333335,0.022166666666666668,0.36216666666666664,0.07633333333333334,0.043166666666666666,0.019000000000000003,0.03983333333333333,0.323859794533993,0.457347263724998,0.0626213274587214,0.146661722686326,0.0,0.0095098915959604,0.20150479284554,0.131629210474643,0.136493457810464,0.189723496545938,0.180941075668053,0.159707966655361,Yorkshire & the Humber,112042,53.6466645,-1.7822482
0.43683333333333335,0.022166666666666668,0.36216666666666664,0.07633333333333334,0.043166666666666666,0.019000000000000003,0.03983333333333333,0.549676976240046,0.189264020948252,0.0754222918589427,0.184778176042583,0.0,0.0008585349101757,0.178377327395447,0.0853648374642384,0.128695362337626,0.197922356884276,0.208449452350311,0.201190663568102,Eastern,108008,52.3305093,-0.1843514
0.43683333333333335,0.022166666666666668,0.36216666666666664,0.07633333333333334,0.043166666666666666,0.019000000000000003,0.03983333333333333,0.327451215132288,0.432802585897282,0.0205674607925296,0.2191787381779,0.0,0.0,0.201946290880085,0.101366657803776,0.133804839138527,0.183036426482319,0.198032438181335,0.181813347513959,North West,94025,53.7607317,-2.39005491388217
0.43683333333333335,0.022166666666666668,0.36216666666666664,0.07633333333333334,0.043166666666666666,0.019000000000000003,0.03983333333333333,0.401164746446893,0.491253889496258,0.0228744428559414,0.0832772685224119,0.0,0.0014296526784963,0.211150076582496,0.112387951020681,0.151591493065727,0.227981486286293,0.167510608558826,0.129378384485977,London,119479,51.5654227,0.0657240217789008
0.43683333333333335,0.022166666666666668,0.36216666666666664,0.07633333333333334,0.043166666666666666,0.019000000000000003,0.03983333333333333,0.265104178248204,0.635965399924396,0.0197905316759689,0.0783171377109692,0.0,0.0008227524404616,0.247375026785441,0.124292099060214,0.155531576208406,0.231533351700493,0.146072489056234,0.0951954571892123,London,130669,51.5539949,0.0783889
0.43683333333333335,0.022166666666666668,0.36216666666666664,0.07633333333333334,0.043166666666666666,0.019000000000000003,0.03983333333333333,0.464116870394821,0.384620298990587,0.0298138762298223,0.121448954384769,0.0,0.0,0.198467165998955,0.105033966207978,0.150644487023167,0.207794809266678,0.178496777564884,0.159562793938338,Eastern,114820,52.0579324,1.1528095
0.43683333333333335,0.022166666666666668,0.36216666666666664,0.07633333333333334,0.043166666666666666,0.019000000000000003,0.03983333333333333,0.469529774331445,0.147529575504523,0.0859595055837227,0.244490837392716,0.0,0.0524903071875932,0.140339538090314,0.0755486613811329,0.0885326898770538,0.149402504883374,0.234574284729404,0.311602321038722,Wales,69625,50.6654865,-1.39171080890146
0.43683333333333335,0.022166666666666668,0.36216666666666664,0.07633333333333334,0.043166666666666666,0.019000000000000003,0.03983333333333333,0.469525297909748,0.147522302533047,0.0859542879468646,0.244481344012502,0.0,0.0525167675978381,0.156734855222848,0.0801886126522948,0.109454632727683,0.160857227563424,0.219968093967501,0.272796577866249,Wales,70834,50.5970541,-1.26024136313707
0.43683333333333335,0.022166666666666668,0.36216666666666664,0.07633333333333334,0.043166666666666666,0.019000000000000003,0.03983333333333333,0.19155484148356,0.671154760019008,0.0901541037767871,0.0446018420040279,0.0,0.0025344527166165,0.160541938303529,0.110964417088538,0.255226353935244,0.224123174418181,0.156198783552464,0.0929453327020431,London,109828,51.56042135,-0.121667594006483
0.43683333333333335,0.022166666666666668,0.36216666666666664,0.07633333333333334,0.043166666666666666,0.019000000000000003,0.03983333333333333,0.234383524277141,0.563784324422622,0.113406983087834,0.0797417712311329,0.0,0.0086833969812693,0.145158508399738,0.136776018489772,0.264427886439684,0.208191037979923,0.152169788540481,0.0932767601504018,London,115956,51.5384287,-0.0999051
0.43683333333333335,0.022166666666666668,0.36216666666666664,0.07633333333333334,0.043166666666666666,0.019000000000000003,0.03983333333333333,0.172165478727313,0.579004090430353,0.039973546917481,0.200382100080829,0.0,0.0084747838440247,0.183728488465022,0.0898183174383291,0.130491768341414,0.183419468272151,0.213959188022803,0.19858276946028,Wales,93845,54.9049537,-1.6506749
0.43683333333333335,0.022166666666666668,0.36216666666666664,0.07633333333333334,0.043166666666666666,0.019000000000000003,0.03983333333333333,0.458598457713539,0.394273313387552,0.0278327925498293,0.119295436349079,0.0,0.0,0.195703360837191,0.0941436908834775,0.116391628094184,0.186254779633729,0.201298047896961,0.206208492654458,Wales,99380,53.8684021,-1.9020456
0.43683333333333335,0.022166666666666668,0.36216666666666664,0.07633333333333334,0.043166666666666666,0.019000000000000003,0.03983333333333333,0.60051540947593,0.172324201009696,0.101814494835343,0.115439048604803,0.0,0.0099068460742274,0.166994064141436,0.0999167271640261,0.103098176538412,0.178054404919503,0.217139257804159,0.234797369432464,West Midlands,93668,52.3450526,-1.5816028
0.43683333333333335,0.022166666666666668,0.36216666666666664,0.07633333333333334,0.043166666666666666,0.019000000000000003,0.03983333333333333,0.534514283000499,0.350604326455014,0.0558022463372355,0.0460665352741433,0.0,0.0130126089331085,0.137297256613856,0.125443118955331,0.194520754148948,0.219681631731457,0.193143416249577,0.129913822300832,Wales,132867,51.50664635,-0.180426597224794
0.43683333333333335,0.022166666666666668,0.36216666666666664,0.07633333333333334,0.043166666666666666,0.019000000000000003,0.03983333333333333,0.53257147658761,0.266222717055648,0.0324139234922168,0.165619813877277,0.0,0.0031720689872487,0.197276697317384,0.0907225070297736,0.13338939069267,0.201010840769975,0.195359897288451,0.182240666901746,East Midlands,110600,52.3994233,-0.728004
0.43683333333333335,0.022166666666666668,0.36216666666666664,0.07633333333333334,0.043166666666666666,0.019000000000000003,0.03983333333333333,0.426535794141054,0.148936976541479,0.345378406033274,0.0731799749876833,0.0,0.0059688482965096,0.188512556790048,0.117662899484872,0.149256843037953,0.233918535055639,0.173562549406256,0.137086616225232,London,115117,51.4047687,-0.302715358100072
0.43683333333333335,0.022166666666666668,0.36216666666666664,0.07633333333333334,0.043166666666666666,0.019000000000000003,0.03983333333333333,0.162435083669936,0.533572889891413,0.0705292975921943,0.221659759744007,0.0,0.0118029691024497,0.207914080128609,0.101627945263851,0.144123030438025,0.183296371260616,0.193881405010701,0.169157167898198,Yorkshire & the Humber,103259,53.7536,-0.4276738
0.43683333333333335,0.022166666666666668,0.36216666666666664,0.07633333333333334,0.043166666666666666,0.019000000000000003,0.03983333333333333,0.249111260568793,0.481120292083013,0.0885136433512682,0.170806110684089,0.0,0.0104486933128362,0.188805194805195,0.138484848484848,0.148034632034632,0.192329004329004,0.176614718614719,0.155731601731602,Wales,115500,50.3127124,-3.92306973520501
0.43683333333333335,0.022166666666666668,0.36216666666666664,0.07633333333333334,0.043166666666666666,0.019000000000000003,0.03983333333333333,0.297540656490073,0.418238052479298,0.091140377132595,0.186121919584955,0.0,0.0069589943130799,0.180682716766861,0.0937473204843611,0.145298819584044,0.186246582128941,0.202871488048169,0.191153072987624,Wales,104963,50.3127124,-3.92306973520501
0.43683333333333335,0.022166666666666668,0.36216666666666664,0.07633333333333334,0.043166666666666666,0.019000000000000003,0.03983333333333333,0.547097824822612,0.24573688495987,0.0269396301035244,0.180225660113993,0.0,0.0,0.156231998644604,0.083029310442198,0.0998814028350369,0.167210707629751,0.22489410967414,0.26875247077427,Wales,88535,52.4967692,-2.1661721
0.43683333333333335,0.022166666666666668,0.36216666666666664,0.07633333333333334,0.043166666666666666,0.019000000000000003,0.03983333333333333,0.0713700939080183,0.795473151938358,0.0310859619552131,0.102070792198411,0.0,0.0,0.198555570987489,0.0997959423510432,0.145212123802096,0.179613465668102,0.209858869029177,0.166964028162092,North West,93601,53.4552358,-2.8546852
0.43683333333333335,0.022166666666666668,0.36216666666666664,0.07633333333333334,0.043166666666666666,0.019000000000000003,0.03983333333333333,0.45724949106537,0.38375933046822,0.0410540601673829,0.115041845736259,0.0,0.0028952725627686,0.152871438455898,0.184730412152882,0.113773197153863,0.16292999287433,0.188799272975122,0.196895686387905,Wales,96833,53.8546993,-2.7449198
0.43683333333333335,0.022166666666666668,0.36216666666666664,0.07633333333333334,0.043166666666666666,0.019000000000000003,0.03983333333333333,0.200731701077084,0.441553457671349,0.222503645713408,0.127408089646174,0.0,0.0078031058919845,0.108215340065061,0.420009025779884,0.176980500554709,0.127573757544988,0.0897971079896955,0.0774242680656625,Wales,106362,53.7974185,-1.5437941
0.43683333333333335,0.022166666666666668,0.36216666666666664,0.07633333333333334,0.043166666666666666,0.019000000000000003,0.03983333333333333,0.287996891215398,0.499554255148925,0.0379911765378197,0.174457677097858,0.0,0.0,0.220827670743731,0.104999955587533,0.139925920004264,0.1959922189357,0.179426368570185,0.158827866158588,Yorkshire & the Humber,112581,53.8150727,-1.46277022066895
0.43683333333333335,0.022166666666666668,0.36216666666666664,0.07633333333333334,0.043166666666666666,0.019000000000000003,0.03983333333333333,0.347256830601093,0.505726775956284,0.0561530054644808,0.0810054644808743,0.0,0.0098579234972677,0.199896028280308,0.0892805156997296,0.143647327926804,0.221761280931587,0.179975046787274,0.165439800374298,Yorkshire & the Humber,96181,54.9225753,-1.3774208
0.43683333333333335,0.022166666666666668,0.36216666666666664,0.07633333333333334,0.043166666666666666,0.019000000000000003,0.03983333333333333,0.353444244003474,0.35867798044587,0.199483307721432,0.0856551079040555,0.0,0.0027393599251687,0.187202053538687,0.0824219676869647,0.11533898487888,0.203930196941263,0.195625444897431,0.215481352056774,Yorkshire & the Humber,92720,53.8467166,-1.6345596
0.43683333333333335,0.022166666666666668,0.36216666666666664,0.07633333333333334,0.043166666666666666,0.019000000000000003,0.03983333333333333,0.192316461468308,0.590230278157775,0.0365652074783401,0.173991108071135,0.0,0.0068969448244414,0.22533965752874,0.128233780850551,0.183985850952649,0.201736473993086,0.154087949192057,0.106616287482917,Wales,124390,53.76424865,-1.54194485056313
0.43683333333333335,0.022166666666666668,0.36216666666666664,0.07633333333333334,0.043166666666666666,0.019000000000000003,0.03983333333333333,0.359556377079482,0.420505237215034,0.0330006161429451,0.176364756623537,0.0,0.0105730129390018,0.186954159876311,0.089246166060758,0.143924198738038,0.203742008273787,0.205037399189336,0.171096067861769,Wales,95719,53.7974185,-1.5437941
0.43683333333333335,0.022166666666666668,0.36216666666666664,0.07633333333333334,0.043166666666666666,0.019000000000000003,0.03983333333333333,0.367953417157704,0.445900802672482,0.0404584048624321,0.140583677446295,0.0,0.0051036978610866,0.197655140919876,0.0959783979112686,0.163991224151453,0.208366838411214,0.181473429232312,0.152534969373877,Wales,100731,53.8127231,-1.6285113
0.43683333333333335,0.022166666666666668,0.36216666666666664,0.07633333333333334,0.043166666666666666,0.019000000000000003,0.03983333333333333,0.236785081095279,0.63061702453652,0.0264407818416617,0.0920611990281699,0.0,0.0140959134983693,0.219639963418743,0.119490750397099,0.137139602419497,0.215989859932292,0.17297479423043,0.134765029601938,East Midlands,124655,52.61912795,-1.20558865113606
0.43683333333333335,0.022166666666666668,0.36216666666666664,0.07633333333333334,0.043166666666666666,0.019000000000000003,0.03983333333333333,0.222136703329444,0.632842565235742,0.048489212205477,0.0883630856319984,0.0,0.0081684335973384,0.191075832695011,0.226605836651207,0.150327017449348,0.181353692308987,0.144965109721299,0.105672511174148,East Midlands,118802,52.6340046,-1.1323751
0.43683333333333335,0.022166666666666668,0.36216666666666664,0.07633333333333334,0.043166666666666666,0.019000000000000003,0.03983333333333333,0.265619888779849,0.507278377494275,0.0464780285683131,0.171900556100752,0.0,0.0087231490568095,0.219623703182697,0.14229422766437,0.158487459436993,0.207834454977061,0.158679284492543,0.113080870246335,East Midlands,125114,52.6076266,-1.27222922342505
0.43683333333333335,0.022166666666666668,0.36216666666666664,0.07633333333333334,0.043166666666666666,0.019000000000000003,0.03983333333333333,0.256416955130298,0.513965993947706,0.0279102170552761,0.189885267672479,0.0,0.0118215661942394,0.18688988315338,0.0918318296110042,0.139735246265345,0.192796923532022,0.204481585564266,0.184264531873983,Wales,108177,53.4975985,-2.5109297
0.43683333333333335,0.022166666666666668,0.36216666666666664,0.07633333333333334,0.043166666666666666,0.019000000000000003,0.03983333333333333,0.41567046237387,0.105685456092718,0.358775377882238,0.119686347611136,0.0,0.0001823560400372,0.161450775022609,0.0807201295560182,0.0916251288199045,0.166351189349486,0.215597198561423,0.284255578690559,South East,95096,50.8746139,0.0051153241109362
0.43683333333333335,0.022166666666666668,0.36216666666666664,0.07633333333333334,0.043166666666666666,0.019000000000000003,0.03983333333333333,0.234731810939989,0.593317786141449,0.063312475466993,0.0912281511925927,0.0,0.0174097762589761,0.209495609731123,0.0994103642771202,0.15860432968402,0.235658028346887,0.188777295184784,0.108054372776066,London,117191,53.4386428,-2.9134318
0.43683333333333335,0.022166666666666668,0.36216666666666664,0.07633333333333334,0.043166666666666666,0.019000000000000003,0.03983333333333333,0.179312840929655,0.674904992114992,0.0602362917194488,0.0551174995475815,0.0,0.0304283756883224,0.171945701357466,0.119832664560744,0.239409203449159,0.23479040382481,0.158319815589516,0.0757022112183044,Wales,117132,52.500397,-1.9626529
0.43683333333333335,0.022166666666666668,0.36216666666666664,0.07633333333333334,0.043166666666666666,0.019000000000000003,0.03983333333333333,0.230064185530521,0.603079848913072,0.0806677408278084,0.0661401516152037,0.0,0.0200480731133944,0.200714902504167,0.0802257164086189,0.191758539671064,0.25588890897042,0.169859630098199,0.101552302347531,Wales,99594,51.4624292,-0.0101787
0.43683333333333335,0.022166666666666668,0.36216666666666664,0.07633333333333334,0.043166666666666666,0.019000000000000003,0.03983333333333333,0.258005029337804,0.609675487965513,0.0586995569392887,0.066339360555622,0.0,0.0072805652017722,0.192033775427523,0.093999744125549,0.19082263635976,0.252812486673206,0.161303253870101,0.109028103543861,Wales,117245,51.5696734,-0.015681
0.43683333333333335,0.022166666666666668,0.36216666666666664,0.07633333333333334,0.043166666666666666,0.019000000000000003,0.03983333333333333,0.573349911926225,0.206382758263392,0.0544399544088695,0.163423479432183,0.0,0.0024038959693296,0.169806025073286,0.0822886130688787,0.109576082662841,0.180700222457847,0.216293478034886,0.24133557870226,West Midlands,96199,52.6843696,-1.8275286
0.43683333333333335,0.022166666666666668,0.36216666666666664,0.07633333333333334,0.043166666666666666,0.019000000000000003,0.03983333333333333,0.426363869205157,0.395564757107487,0.0425168616067617,0.122107914283275,0.0,0.0134465977973192,0.162714810302375,0.193557181927393,0.148869823039763,0.174387199563776,0.168525444956591,0.151945540210103,East Midlands,117371,53.2293545,-0.5404819
0.43683333333333335,0.022166666666666668,0.36216666666666664,0.07633333333333334,0.043166666666666666,0.019000000000000003,0.03983333333333333,0.136766538940954,0.717649231337427,0.0501592724250958,0.0937168182447717,0.0,0.0017081390517519,0.187751718861248,0.0867453747489453,0.131324187326653,0.187379785979193,0.205381337470644,0.201417595613317,Wales,94104,53.3576179,-2.8892004
0.43683333333333335,0.022166666666666668,0.36216666666666664,0.07633333333333334,0.043166666666666666,0.019000000000000003,0.03983333333333333,0.0891766554319454,0.788981526063709,0.037581409492917,0.0735156230201971,0.0,0.0107447859912318,0.138274289305826,0.269269643357653,0.19253930370232,0.158412393724997,0.134707016485897,0.106797353423308,Wales,117738,53.407612,-2.9992357
0.43683333333333335,0.022166666666666668,0.36216666666666664,0.07633333333333334,0.043166666666666666,0.019000000000000003,0.03983333333333333,0.0772331052582247,0.787491798669041,0.0257053144624613,0.0911285031399381,0.0,0.0184412784703346,0.199444297173377,0.102726478356062,0.144060557862802,0.18960658988935,0.204156971321414,0.160005105396994,Wales,101853,53.4297355,-2.9614199
0.43683333333333335,0.022166666666666668,0.36216666666666664,0.07633333333333334,0.043166666666666666,0.019000000000000003,0.03983333333333333,0.106667009619836,0.742759401203766,0.0571531457379494,0.0797880549410978,0.0,0.0136323884973506,0.15526269685231,0.202390453757957,0.152313562126492,0.181999571742812,0.164411827684881,0.143621887835549,Wales,102743,53.39939255,-2.92498524247524
0.43683333333333335,0.022166666666666668,0.36216666666666664,0.07633333333333334,0.043166666666666666,0.019000000000000003,0.03983333333333333,0.0737468098425386,0.771151345885299,0.0315404247122839,0.089902248760052,0.0,0.0336591707998266,0.187101084331158,0.100868492728301,0.14521815098412,0.185723829590421,0.208078524076263,0.173009918289737,Wales,97296,53.4363002,-2.9237039
0.43683333333333335,0.022166666666666668,0.36216666666666664,0.07633333333333334,0.043166666666666666,0.019000000000000003,0.03983333333333333,0.155959963603276,0.397202001819836,0.020427661510464,0.158348498635123,0.256005459508644,0.0120564149226569,0.180918254508336,0.0906771010547805,0.118067369853692,0.173666638312351,0.211923698536917,0.224746937733923,Wales,94046,51.6797331,-4.1620223
0.43683333333333335,0.022166666666666668,0.36216666666666664,0.07633333333333334,0.043166666666666666,0.019000000000000003,0.03983333333333333,0.513454561161023,0.330425017277125,0.0424369384934346,0.113683483068417,0.0,0.0,0.154560978515547,0.204787339660855,0.123158333664271,0.171855764266709,0.172749295103451,0.172888288789166,East Midlands,100724,52.7723859,-1.2077985
0.43683333333333335,0.022166666666666668,0.36216666666666664,0.07633333333333334,0.043166666666666666,0.019000000000000003,0.03983333333333333,0.52795774798469,0.186883913870892,0.046742361066564,0.219748968289606,0.0,0.0186670087882481,0.147977931662682,0.0751275761057458,0.0953430839776832,0.143319980540115,0.232887205125816,0.305344222587958,East Midlands,96609,53.3675163,-0.0022381
0.43683333333333335,0.022166666666666668,0.36216666666666664,0.07633333333333334,0.043166666666666666,0.019000000000000003,0.03983333333333333,0.438278300863453,0.390528051373281,0.0209137848743871,0.150279862888879,0.0,0.0,0.167921734531994,0.0853093601269169,0.112585933368588,0.164399788471708,0.208154415653094,0.2616287678477,Wales,94550,52.4766308,1.7537638
0.43683333333333335,0.022166666666666668,0.36216666666666664,0.07633333333333334,0.043166666666666666,0.019000000000000003,0.03983333333333333,0.306755310671433,0.530520707634161,0.033674096673573,0.127683795906286,0.0,0.0013660891145465,0.235044101004691,0.112494276803994,0.132700398248054,0.207529566246534,0.171860017104797,0.14037164059193,Eastern,115757,51.91545195,-0.477859357931655
0.43683333333333335,0.022166666666666668,0.36216666666666664,0.07633333333333334,0.043166666666666666,0.019000000000000003,0.03983333333333333,0.335428763376362,0.436969144392725,0.075867364076971,0.12788521522146,0.0,0.0238495129324823,0.223170474972065,0.125795533675568,0.164823241728879,0.215899337662548,0.157803112500202,0.112508299460737,Wales,123500,51.89107295,-0.423030407620178
0.43683333333333335,0.022166666666666668,0.36216666666666664,0.07633333333333334,0.043166666666666666,0.019000000000000003,0.03983333333333333,0.552252404966733,0.238420138153155,0.0814086536424121,0.1279188032377,0.0,0.0,0.166985801132143,0.0777223216247606,0.107427985476766,0.184072574316477,0.226208787184397,0.237582530265457,North West,95571,53.2606635,-2.1255158
0.43683333333333335,0.022166666666666668,0.36216666666666664,0.07633333333333334,0.043166666666666666,0.019000000000000003,0.03983333333333333,0.677559558868331,0.126348071572192,0.100026402908382,0.0906432154680423,0.0,0.0054227511830533,0.195412888057195,0.0825488220334916,0.117796650832494,0.221265774195096,0.199692913008013,0.18328295187371,South East,104204,51.522743,-0.7197368
0.43683333333333335,0.022166666666666668,0.36216666666666664,0.07633333333333334,0.043166666666666666,0.019000000000000003,0.03983333333333333,0.506284153005464,0.129087852038672,0.189260193358554,0.165846994535519,0.0,0.0095208070617906,0.197534382584394,0.0940097080238287,0.143947194234022,0.214413105832169,0.181676105023167,0.16841950430242,Wales,108776,51.3416829,0.50638
0.43683333333333335,0.022166666666666668,0.36216666666666664,0.07633333333333334,0.043166666666666666,0.019000000000000003,0.03983333333333333,0.201308639236997,0.531906399024066,0.0371520461350781,0.229255850060996,0.0,0.0003770655428634,0.180575616281662,0.0950280634748301,0.121753797535843,0.188572979575219,0.20769879506393,0.206370748068516,North West,103158,53.4852134,-2.6417771
0.43683333333333335,0.022166666666666668,0.36216666666666664,0.07633333333333334,0.043166666666666666,0.019000000000000003,0.03983333333333333,0.620686146833795,0.125447664007814,0.0504028976070323,0.15110695100114,0.0,0.0523563405502197,0.167790269664719,0.0866407937905097,0.105105225254061,0.17258141954069,0.224963991357926,0.242918300392094,Eastern,99976,51.7155563,0.684354757425754
0.43683333333333335,0.022166666666666668,0.36216666666666664,0.07633333333333334,0.043166666666666666,0.019000000000000003,0.03983333333333333,0.168852459016393,0.629734313171283,0.0368569813453928,0.15472018089316,0.0,0.0098360655737704,0.17821054265339,0.178962072261205,0.233333605626669,0.186313992337665,0.133796776591486,0.0893830105295833,North West,122417,53.4859033,-2.2070883970057
0.43683333333333335,0.022166666666666668,0.36216666666666664,0.07633333333333334,0.043166666666666666,0.019000000000000003,0.03983333333333333,0.127904785830926,0.705690239919608,0.0459741238537872,0.106236653686723,0.0,0.0141941967089561,0.178314537699704,0.30316091954023,0.180944119135401,0.169431793537194,0.109791802212102,0.0583568278753704,Wales,110664,53.4626512,-2.2383858
0.43683333333333335,0.022166666666666668,0.36216666666666664,0.07633333333333334,0.043166666666666666,0.019000000000000003,0.03983333333333333,0.106134775090719,0.589951535520323,0.253500888921361,0.0487567277952314,0.0,0.0016560726723655,0.154027837282624,0.184468685803425,0.198585066297554,0.202408023816586,0.148128618352393,0.112381768447418,Wales,91030,53.42577675,-2.24218148469786
0.43683333333333335,0.022166666666666668,0.36216666666666664,0.07633333333333334,0.043166666666666666,0.019000000000000003,0.03983333333333333,0.290727564838191,0.407023181087904,0.0359192104659169,0.259260959375717,0.0,0.0070690842322699,0.182752924198694,0.0868904754671122,0.134057420628893,0.189949491113474,0.211064484277685,0.195285204314142,East Midlands,105329,53.1443785,-1.1964165
0.43683333333333335,0.022166666666666668,0.36216666666666664,0.07633333333333334,0.043166666666666666,0.019000000000000003,0.03983333333333333,0.547455205012642,0.106342750357261,0.213564911509289,0.131318016928658,0.0,0.0013191161921512,0.170175551549489,0.0805970469568203,0.102304918877157,0.176206112112628,0.224654476779123,0.246061893724783,Wales,93192,51.3528618,-2.1212567
0.43683333333333335,0.022166666666666668,0.36216666666666664,0.07633333333333334,0.043166666666666666,0.019000000000000003,0.03983333333333333,0.561388616824464,0.196474045053869,0.0750897812602024,0.159146805963652,0.0,0.0079007508978126,0.176429442000954,0.0837581474219702,0.115404589051985,0.180986699168036,0.221207143235652,0.222213979121403,Wales,94355,52.7651671,-0.7984629
0.43683333333333335,0.022166666666666668,0.36216666666666664,0.07633333333333334,0.043166666666666666,0.019000000000000003,0.03983333333333333,0.552800995133448,0.172337035986295,0.112563559784388,0.160443445431334,0.0,0.0018549636645352,0.197173891179724,0.093080559187368,0.111153575379664,0.18171577994569,0.202413758423011,0.214462435884542,Wales,99430,52.4373156,-1.647117
0.43683333333333335,0.022166666666666668,0.36216666666666664,0.07633333333333334,0.043166666666666666,0.019000000000000003,0.03983333333333333,0.111126790376067,0.524918271831417,0.0363837343305345,0.18109551024248,0.127260754015852,0.0192149392036501,0.187422229358166,0.0972584594388471,0.131868903785172,0.181361136755911,0.205063621402481,0.197025649259423,Wales,99652,51.7455659,-3.3786082
0.43683333333333335,0.022166666666666668,0.36216666666666664,0.07633333333333334,0.043166666666666666,0.019000000000000003,0.03983333333333333,0.433588296596339,0.293882847985528,0.022061859724325,0.114025601195509,0.0839215840493934,0.0525198104489057,0.171159576679767,0.0864757303659997,0.107423943926899,0.160269673599905,0.218976151112255,0.255694924315174,Wales,101014,51.4100839,-0.935151847925782
0.43683333333333335,0.022166666666666668,0.36216666666666664,0.07633333333333334,0.043166666666666666,0.019000000000000003,0.03983333333333333,0.585371271184558,0.165767086470758,0.0754092534594966,0.161258079562871,0.0,0.0121943093223162,0.199433859990765,0.0910642227620405,0.12882696593122,0.199142759631407,0.204442793760414,0.177089397924153,Eastern,99622,52.0318886,-0.4929079
0.43683333333333335,0.022166666666666668,0.36216666666666664,0.07633333333333334,0.043166666666666666,0.019000000000000003,0.03983333333333333,0.635732708089097,0.088886283704572,0.0625322391559202,0.21284876905041,0.0,0.0,0.192394605261812,0.0838147629321363,0.105645251996442,0.194603216801808,0.212169858587511,0.211372304420291,Wales,97797,51.6192016,-0.770410998009853
0.43683333333333335,0.022166666666666668,0.36216666666666664,0.07633333333333334,0.043166666666666666,0.019000000000000003,0.03983333333333333,0.5043902656445,0.30477803530041,0.0696871100017828,0.117645747905152,0.0,0.0034988411481547,0.18694626808592,0.0904561582425053,0.132003314424119,0.192969596532602,0.216797331463658,0.180827331251195,Wales,94131,53.6485368,-1.9187418
0.43683333333333335,0.022166666666666668,0.36216666666666664,0.07633333333333334,0.043166666666666666,0.019000000000000003,0.03983333333333333,0.543747660830873,0.263504803093941,0.0517736100137231,0.14082837776022,0.0,0.0001455483012433,0.166075730715033,0.0860607300331833,0.102822855584345,0.183190145006591,0.222657848084004,0.239192690576844,East Midlands,87995,52.9209621,-1.4036986
0.43683333333333335,0.022166666666666668,0.36216666666666664,0.07633333333333334,0.043166666666666666,0.019000000000000003,0.03983333333333333,0.528078248570689,0.0690252793880356,0.271081097233013,0.13159624693719,0.0,0.0002191278710731,0.166745488749461,0.0836144654286344,0.0980967094407836,0.168941997456674,0.217969332954987,0.264632005969459,South West,95151,51.4100839,-0.935151847925782
0.43683333333333335,0.022166666666666668,0.36216666666666664,0.07633333333333334,0.043166666666666666,0.019000000000000003,0.03983333333333333,0.525720734991288,0.213290036432758,0.0906858862664343,0.163789006811342,0.0,0.0065143354981783,0.185045257772531,0.0859405745769382,0.12116292798111,0.194883903974813,0.202863046044864,0.210104289649744,Wales,101640,51.4100839,-0.935151847925782
0.43683333333333335,0.022166666666666668,0.36216666666666664,0.07633333333333334,0.043166666666666666,0.019000000000000003,0.03983333333333333,0.543541734254067,0.19110627056588,0.0652083236779904,0.200143671502062,0.0,0.0,0.163384762538468,0.0859290526490892,0.110808450469933,0.165578474590368,0.215077351742493,0.259221908009648,Eastern,96185,52.7650941,0.948189
0.43683333333333335,0.022166666666666668,0.36216666666666664,0.07633333333333334,0.043166666666666666,0.019000000000000003,0.03983333333333333,0.598006714668806,0.140311239679892,0.11197449270466,0.130682657995312,0.0,0.0190248949513292,0.196223500477652,0.0820748389194902,0.112492123823655,0.211620154881197,0.196416593833208,0.201172788064798,South East,98398,51.0053398,-0.127315425377761
0.43683333333333335,0.022166666666666668,0.36216666666666664,0.07633333333333334,0.043166666666666666,0.019000000000000003,0.03983333333333333,0.24236997620814,0.54324746092251,0.0363273555220138,0.17559927345289,0.0,0.002455933894446,0.216833274953071,0.127367768706383,0.151537197208525,0.180655475619504,0.175356344138173,0.148249939374343,Wales,111339,54.5760419,-1.2344047
0.43683333333333335,0.022166666666666668,0.36216666666666664,0.07633333333333334,0.043166666666666666,0.019000000000000003,0.03983333333333333,0.37128853530331,0.436544016669034,0.0351849221006771,0.156982525926978,0.0,0.0,0.181086257832029,0.0881840513369909,0.116460517914922,0.168771440011254,0.216115313443496,0.229382419461308,North East,92409,54.5760419,-1.2344047
0.43683333333333335,0.022166666666666668,0.36216666666666664,0.07633333333333334,0.043166666666666666,0.019000000000000003,0.03983333333333333,0.487722716019319,0.323917366776249,0.0522545557855432,0.130362433540322,0.0,0.0057429278785665,0.220446217799432,0.103200782113136,0.152520009855897,0.240118270766932,0.175967507332311,0.107747212132292,Wales,125821,52.0342006,-0.7748261
0.43683333333333335,0.022166666666666668,0.36216666666666664,0.07633333333333334,0.043166666666666666,0.019000000000000003,0.03983333333333333,0.48996842855688,0.318871575516855,0.0595783684692942,0.126311233323149,0.0,0.0052703941338221,0.205628401036124,0.086725166161322,0.133752334290476,0.21663219614064,0.183450131523463,0.173811770847975,South East,99602,52.0657171,-0.78835109536779
0.43683333333333335,0.022166666666666668,0.36216666666666664,0.07633333333333334,0.043166666666666666,0.019000000000000003,0.03983333333333333,0.267522661743658,0.593229479972619,0.040863739135846,0.0938828849384969,0.0,0.0045012342093799,0.198623163814418,0.101121507409382,0.166949467526381,0.236162957935392,0.178366542234288,0.118776361080138,London,123762,51.39366915,-0.171906075690548
0.43683333333333335,0.022166666666666668,0.36216666666666664,0.07633333333333334,0.043166666666666666,0.019000000000000003,0.03983333333333333,0.481648880518937,0.2984934086629,0.0561414521866499,0.119983260096254,0.0401548441096463,0.003578154425612,0.158331271448089,0.0804780705057177,0.0992609486106479,0.169433178781587,0.233882332691459,0.258614197962499,Wales,92957,51.7501058,-2.8333331
0.43683333333333335,0.022166666666666668,0.36216666666666664,0.07633333333333334,0.043166666666666666,0.019000000000000003,0.03983333333333333,0.415499724022324,0.167140257988021,0.215201259275916,0.130915632602163,0.0712431261115767,0.0,0.171397893445138,0.0889866039472338,0.108272829532672,0.165333878719705,0.224051539012169,0.241957255343082,Wales,97790,52.61527305,-3.46499733880222
0.43683333333333335,0.022166666666666668,0.36216666666666664,0.07633333333333334,0.043166666666666666,0.019000000000000003,0.03983333333333333,0.440755605051375,0.298081570044756,0.146393225609884,0.113088609190813,0.0,0.0016809901031707,0.166073281386691,0.0849083474050414,0.0965353081195451,0.162757105364881,0.223119646817081,0.26660631090676,North West,98306,54.0721085,-2.8650938
0.43683333333333335,0.022166666666666668,0.36216666666666664,0.07633333333333334,0.043166666666666666,0.019000000000000003,0.03983333333333333,0.171160837950139,0.47314317867036,0.0369416551246537,0.164538608033241,0.14672783933518,0.0074878808864265,0.175568684189374,0.117122819709027,0.125291375291375,0.180682822924202,0.199481552929829,0.201852744956193,Wales,99528,51.6628422,-3.8039117
0.43683333333333335,0.022166666666666668,0.36216666666666664,0.07633333333333334,0.043166666666666666,0.019000000000000003,0.03983333333333333,0.590386247877759,0.127716468590832,0.0981748726655348,0.183722410865874,0.0,0.0,0.166868624556611,0.0809998017140716,0.101269029941175,0.168543039062328,0.225605322875587,0.256714181850228,South East,90779,50.8563101,-1.49271024431427
0.43683333333333335,0.022166666666666668,0.36216666666666664,0.07633333333333334,0.043166666666666666,0.019000000000000003,0.03983333333333333,0.636335139492186,0.11492991805114,0.073731583896825,0.17500335855985,0.0,0.0,0.139907771216149,0.0729477919205703,0.0824882949438863,0.147989553678564,0.22326659294638,0.33339999529445,South East,85007,50.8575514,-1.72034584154634
0.43683333333333335,0.022166666666666668,0.36216666666666664,0.07633333333333334,0.043166666666666666,0.019000000000000003,0.03983333333333333,0.578357766625835,0.237345398506342,0.0463112972695301,0.126150867348955,0.0,0.0118346702493381,0.168968504011955,0.0883867467471278,0.10679509998953,0.180733097914545,0.2192440582138,0.235872493123043,East Midlands,105061,53.0761693,-0.8092339
0.43683333333333335,0.022166666666666668,0.36216666666666664,0.07633333333333334,0.043166666666666666,0.019000000000000003,0.03983333333333333,0.636173449980981,0.0879717678880858,0.156523392925067,0.112674865812941,0.0,0.006656523392925,0.189520464482833,0.0886981987978332,0.124732482054538,0.200487420256612,0.206989770318564,0.18957166408962,South East,97657,51.4020243,-1.3242212
0.43683333333333335,0.022166666666666668,0.36216666666666664,0.07633333333333334,0.043166666666666666,0.019000000000000003,0.03983333333333333,0.215444915254237,0.53853813559322,0.0811652542372881,0.161631355932203,0.0,0.0032203389830508,0.191895550813428,0.180981008543478,0.148405650780539,0.17929831807439,0.160949343368287,0.138470128419877,Wales,130743,54.9738474,-1.6131572
0.43683333333333335,0.022166666666666668,0.36216666666666664,0.07633333333333334,0.043166666666666666,0.019000000000000003,0.03983333333333333,0.194909140100104,0.557018532714073,0.0881318483113135,0.15058393831447,0.0,0.0093565405600396,0.163158032147737,0.164559165237975,0.158615227966965,0.176716823170042,0.181451086530847,0.155499664946435,Wales,114907,54.9738474,-1.6131572
0.43683333333333335,0.022166666666666668,0.36216666666666664,0.07633333333333334,0.043166666666666666,0.019000000000000003,0.03983333333333333,0.216315715424659,0.526075130141162,0.0888946208319654,0.161210899029217,0.0,0.0075036345729962,0.161758781257905,0.179691379423421,0.135084744174716,0.181640167520823,0.172598915049703,0.169226012573431,North East,106732,54.9738474,-1.6131572
0.43683333333333335,0.022166666666666668,0.36216666666666664,0.07633333333333334,0.043166666666666666,0.019000000000000003,0.03983333333333333,0.389322176493326,0.386116100866323,0.0442483912776552,0.173309988858319,0.0,0.007003342504377,0.16535161842431,0.132337269507745,0.118365106190594,0.178441102702935,0.199560813356441,0.205944089817974,West Midlands,92899,53.0117627,-2.2273919
0.43683333333333335,0.022166666666666668,0.36216666666666664,0.07633333333333334,0.043166666666666666,0.019000000000000003,0.03983333333333333,0.302613025469287,0.420882171499075,0.0555433154137657,0.176037719220939,0.0380056402573367,0.0069181281395963,0.201549683432194,0.101901223577716,0.157184772043929,0.188096687165605,0.188886971213676,0.162380662566879,Wales,110087,56.4407078,-2.9351431
0.43683333333333335,0.022166666666666668,0.36216666666666664,0.07633333333333334,0.043166666666666666,0.019000000000000003,0.03983333333333333,0.237947329887072,0.465267455017416,0.0333680917622523,0.179952521465179,0.0778292991369556,0.005635302731125,0.189347481568249,0.089338622515774,0.126034786546052,0.193747477630893,0.203728676752862,0.19780295498617,Wales,101589,51.5882332,-2.9974967
0.43683333333333335,0.022166666666666668,0.36216666666666664,0.07633333333333334,0.043166666666666666,0.019000000000000003,0.03983333333333333,0.495729847494553,0.102984749455338,0.250217864923747,0.146274509803922,0.0,0.00479302832244,0.156745755449628,0.0789459589738096,0.105928980772321,0.165957902629747,0.223523110706443,0.268898291468052,South West,93355,50.5296441,-3.6112097
0.43683333333333335,0.022166666666666668,0.36216666666666664,0.07633333333333334,0.043166666666666666,0.019000000000000003,0.03983333333333333,0.303093236903831,0.476397576231431,0.0500879593432369,0.167733580922596,0.0,0.0026876465989053,0.175845103951754,0.0921652647727873,0.122361529915886,0.177379251970587,0.218272231920859,0.213976617468127,Wales,94513,52.0322303,0.7943311
0.43683333333333335,0.022166666666666668,0.36216666666666664,0.07633333333333334,0.043166666666666666,0.019000000000000003,0.03983333333333333,0.225455053302919,0.519063358316652,0.0315162236394953,0.203738187235231,0.0,0.0202271775057027,0.18597629057157,0.0909541054593823,0.134450517976252,0.181568395195977,0.212443080866433,0.194607609930386,Wales,102997,53.6991226,-1.4194401
0.43683333333333335,0.022166666666666668,0.36216666666666664,0.07633333333333334,0.043166666666666666,0.019000000000000003,0.03983333333333333,0.616612536882549,0.169521747436795,0.0611560423698231,0.152157761786495,0.0,0.0005519115243371,0.19248299221816,0.08655977431705,0.125939146204554,0.198230614966848,0.207279042766535,0.189508429526853,Wales,104217,52.2180544,-0.5851492
0.43683333333333335,0.022166666666666668,0.36216666666666664,0.07633333333333334,0.043166666666666666,0.019000000000000003,0.03983333333333333,0.466952877440458,0.059572728201983,0.322089338648676,0.135030154349382,0.0,0.0163549013595011,0.168441647504942,0.0794505627496066,0.0984005002218726,0.169026584372101,0.222981967808302,0.261698737343176,South West,99156,50.5687462,-4.7627488
0.43683333333333335,0.022166666666666668,0.36216666666666664,0.07633333333333334,0.043166666666666666,0.019000000000000003,0.03983333333333333,0.561962042802797,0.175993029137356,0.147174462839776,0.113637812679319,0.0,0.0012326525407519,0.174097181603518,0.0778795953293906,0.104525465219558,0.178299863521154,0.2202400294621,0.244957864864279,Wales,92322,51.983429,-1.70678515265656
0.43683333333333335,0.022166666666666668,0.36216666666666664,0.07633333333333334,0.043166666666666666,0.019000000000000003,0.03983333333333333,0.453145917001339,0.0750273822562979,0.312461969088475,0.156565656565657,0.0,0.0027990750882317,0.166492581963473,0.0827798115828862,0.105677865552525,0.16519455233189,0.221729827301214,0.258125361268013,South West,98611,51.061456,-3.92392329756694
0.43683333333333335,0.022166666666666668,0.36216666666666664,0.07633333333333334,0.043166666666666666,0.019000000000000003,0.03983333333333333,0.598861305312513,0.0952819525264788,0.126009963578515,0.179846778582493,0.0,0.0,0.162641161063163,0.0839452101850659,0.0963222980806389,0.163199364506849,0.221402808192709,0.272489157971575,South West,93155,50.91989035,-2.23114900016168
0.43683333333333335,0.022166666666666668,0.36216666666666664,0.07633333333333334,0.043166666666666666,0.019000000000000003,0.03983333333333333,0.218143519833381,0.560423175234308,0.0559026791631165,0.165530625769194,0.0,0.0,0.171066347966178,0.0883024987101054,0.117333024460613,0.176541818909328,0.224073118596595,0.22268319135718,North East,94969,54.8713608,-1.69005251940474
0.43683333333333335,0.022166666666666668,0.36216666666666664,0.07633333333333334,0.043166666666666666,0.019000000000000003,0.03983333333333333,0.570905828749498,0.149625817417786,0.0462947661653957,0.23317358766732,0.0,0.0,0.17206378950245,0.0883059085319435,0.123987429486053,0.176885089106205,0.210370674005973,0.228387109367375,Eastern,102462,54.7800926,-1.5321299
0.43683333333333335,0.022166666666666668,0.36216666666666664,0.07633333333333334,0.043166666666666666,0.019000000000000003,0.03983333333333333,0.375149649392851,0.415854284248332,0.0427142124166239,0.162861296391312,0.0,0.0034205575508807,0.164378671340019,0.0841744285420655,0.109455965555664,0.172730124730904,0.221746232650721,0.247514577180627,East Midlands,92439,53.2226728,-1.52392859990711
0.43683333333333335,0.022166666666666668,0.36216666666666664,0.07633333333333334,0.043166666666666666,0.019000000000000003,0.03983333333333333,0.673510326899065,0.115694020838024,0.106830696170143,0.0965345014635744,0.0,0.0074304546291937,0.194143983517572,0.0824220452474345,0.106254209754745,0.20745671381592,0.213013590078846,0.196709457585483,South East,100956,51.25876505,-0.894432491739877
0.43683333333333335,0.022166666666666668,0.36216666666666664,0.07633333333333334,0.043166666666666666,0.019000000000000003,0.03983333333333333,0.584851913208615,0.199381793203766,0.0798416097620105,0.135924683825609,0.0,0.0,0.18911556684081,0.0847075076126823,0.114983120761949,0.196635826790804,0.210178131901273,0.204379846092481,Eastern,102789,54.9558867,-1.54562436885246
0.43683333333333335,0.022166666666666668,0.36216666666666664,0.07633333333333334,0.043166666666666666,0.019000000000000003,0.03983333333333333,0.513564998953318,0.281431861000628,0.0636173330542181,0.138559765543228,0.0,0.0028260414486079,0.175837057659902,0.098301288425107,0.119642464649425,0.178767675287567,0.206043352207906,0.221408161770093,Wales,95543,51.3140232,-2.4940789
0.43683333333333335,0.022166666666666668,0.36216666666666664,0.07633333333333334,0.043166666666666666,0.019000000000000003,0.03983333333333333,0.597492079668565,0.122803908102,0.128874315971376,0.150829696258059,0.0,0.0,0.149969078540507,0.0763980917042141,0.0966185175368848,0.157147274494213,0.231800512412757,0.288066525311423,West Midlands,90552,52.06170235,-2.69798114471975
0.43683333333333335,0.022166666666666668,0.36216666666666664,0.07633333333333334,0.043166666666666666,0.019000000000000003,0.03983333333333333,0.321263989466754,0.106505102040816,0.39845292955892,0.173777978933509,0.0,0.0,0.131209180388189,0.0699337687425259,0.0836629564897433,0.139189127035231,0.232292337411462,0.343712629932849,Eastern,86968,52.835652,1.12765976862862
0.43683333333333335,0.022166666666666668,0.36216666666666664,0.07633333333333334,0.043166666666666666,0.019000000000000003,0.03983333333333333,0.388075291045588,0.225024480470025,0.255140898705255,0.12995321510173,0.0,0.0018061146774018,0.145236436471305,0.0726073325785944,0.0921797439693459,0.157874684315945,0.243729861534442,0.288371941130367,Wales,91864,55.957131,-3.1975022
0.43683333333333335,0.022166666666666668,0.36216666666666664,0.07633333333333334,0.043166666666666666,0.019000000000000003,0.03983333333333333,0.540850850195359,0.210944491738153,0.0629515639665597,0.185253094099928,0.0,0.0,0.164708446434586,0.0902300330883081,0.103009649105427,0.167502129936003,0.227615858611876,0.2469338828238,West Midlands,100943,52.06170235,-2.69798114471975
0.43683333333333335,0.022166666666666668,0.36216666666666664,0.07633333333333334,0.043166666666666666,0.019000000000000003,0.03983333333333333,0.572064109948164,0.153085340906834,0.135766916247939,0.139083632897063,0.0,0.0,0.176924464822067,0.0765540590738795,0.0895341802782819,0.191846828201781,0.209751541588393,0.255388926035597,South West,94221,51.39663045,-2.76912892386411
0.43683333333333335,0.022166666666666668,0.36216666666666664,0.07633333333333334,0.043166666666666666,0.019000000000000003,0.03983333333333333,0.431168384140438,0.367209517457995,0.0210399500892799,0.177613320999075,0.0,0.0029688273132112,0.179072448914227,0.0899259069459569,0.12208271944996,0.182382081011253,0.21488053295753,0.211656310721073,Wales,93667,52.5298901,-1.45011388649844
0.43683333333333335,0.022166666666666668,0.36216666666666664,0.07633333333333334,0.043166666666666666,0.019000000000000003,0.03983333333333333,0.542609952596561,0.187360499968114,0.0587972705822332,0.207767361775397,0.0,0.0034649150776948,0.212162599917702,0.089976273649743,0.141780264229244,0.215489542020154,0.183831061382082,0.156760258801075,Eastern,114219,52.9442507,1.2119139
0.43683333333333335,0.022166666666666668,0.36216666666666664,0.07633333333333334,0.043166666666666666,0.019000000000000003,0.03983333333333333,0.59447520560215,0.122608093803436,0.109742691963195,0.14324973536357,0.0,0.0299242732676492,0.197646496053576,0.0847548433389141,0.112432432432432,0.200353982300885,0.206362114326716,0.198450131547477,Wales,104524,52.0248034,0.2400725
0.43683333333333335,0.022166666666666668,0.36216666666666664,0.07633333333333334,0.043166666666666666,0.019000000000000003,0.03983333333333333,0.603688672801061,0.148129545545867,0.0966167075179812,0.150560533611926,0.0,0.0010045405231647,0.197004139868411,0.0849412286538035,0.139674354993716,0.204868041694389,0.200081318843794,0.173430915945886,South East,108215,51.25961055,-1.34150770127254
0.43683333333333335,0.022166666666666668,0.36216666666666664,0.07633333333333334,0.043166666666666666,0.019000000000000003,0.03983333333333333,0.506318255993975,0.280534750407967,0.0403573371270764,0.172789656470982,0.0,0.0,0.176988656379905,0.0963352155489124,0.125242825940353,0.190868738110336,0.209348672887037,0.201215891133456,East Midlands,99351,52.7704201,-1.39650466914716
0.43683333333333335,0.022166666666666668,0.36216666666666664,0.07633333333333334,0.043166666666666666,0.019000000000000003,0.03983333333333333,0.541857918895018,0.23381900871689,0.0371204783762159,0.187202594011875,0.0,0.0,0.163994529635988,0.0826762107060067,0.11401441305128,0.167699634339143,0.20899894278426,0.262616269483322,Eastern,103101,52.7516349,0.397674040578818
0.43683333333333335,0.022166666666666668,0.36216666666666664,0.07633333333333334,0.043166666666666666,0.019000000000000003,0.03983333333333333,0.438008597420774,0.348195541337599,0.0390282915125462,0.173607917624713,0.0,0.0011596521043686,0.196759908940656,0.119624536127483,0.16293229800106,0.211377740356129,0.168592322325132,0.14071319424954,East Midlands,128268,52.2856065,-0.8534202
0.43683333333333335,0.022166666666666668,0.36216666666666664,0.07633333333333334,0.043166666666666666,0.019000000000000003,0.03983333333333333,0.51151125699228,0.266261384124636,0.0514077019092968,0.16846192963802,0.0,0.0023577273357681,0.207270783697356,0.104514118510332,0.136918296538542,0.215070615199253,0.182485256416063,0.153740929638454,East Midlands,110387,52.11838535,-1.08008147951706
0.43683333333333335,0.022166666666666668,0.36216666666666664,0.07633333333333334,0.043166666666666666,0.019000000000000003,0.03983333333333333,0.458983637857159,0.34242834624692,0.0505294940390293,0.14508358679484,0.0,0.0029749350620518,0.172952961233116,0.0919692124562447,0.142387346037062,0.199473424055038,0.19188750239582,0.201329553822719,Eastern,99131,52.6817956,1.26776359471335
0.43683333333333335,0.022166666666666668,0.36216666666666664,0.07633333333333334,0.043166666666666666,0.019000000000000003,0.03983333333333333,0.276142767689418,0.453374114927027,0.15757911468619,0.109219209093974,0.0,0.0036847936033909,0.146995096362185,0.20044094727639,0.155776029193751,0.179020792944843,0.154939749876459,0.162827384346372,Eastern,105228,52.587805,1.27062866015264
0.43683333333333335,0.022166666666666668,0.36216666666666664,0.07633333333333334,0.043166666666666666,0.019000000000000003,0.03983333333333333,0.24478090681744,0.591252582363814,0.0452049581385234,0.111530934000217,0.0,0.0072306186800043,0.166961956789212,0.24378660367144,0.171826041307807,0.183293141066654,0.140713945896288,0.0934183112685991,East Midlands,121914,53.0120281,-1.2908418
0.43683333333333335,0.022166666666666668,0.36216666666666664,0.07633333333333334,0.043166666666666666,0.019000000000000003,0.03983333333333333,0.280759885133643,0.518837591733549,0.0292811035024421,0.167120732395749,0.0,0.0040006872346169,0.223691470187957,0.102824879538014,0.139478427189465,0.195111634236951,0.185695369110237,0.153198219737374,Wales,108748,52.9534193,-1.1496461
0.43683333333333335,0.022166666666666668,0.36216666666666664,0.07633333333333334,0.043166666666666666,0.019000000000000003,0.03983333333333333,0.316755630777242,0.512407238640802,0.0353339408931128,0.130061189949225,0.0,0.0054419997396172,0.159592560759285,0.29594206609001,0.129857542563502,0.151582758809868,0.138607976884955,0.12441709489238,East Midlands,109364,52.915663,-1.15640398322859
0.43683333333333335,0.022166666666666668,0.36216666666666664,0.07633333333333334,0.043166666666666666,0.019000000000000003,0.03983333333333333,0.468359269587119,0.358572456598003,0.018350274354592,0.148016551227849,0.0,0.0067014482324368,0.192441071518319,0.0938835000251294,0.143468864652963,0.190682012363673,0.19885409860783,0.180670452832085,West Midlands,99485,52.5246182,-1.4684488
0.43683333333333335,0.022166666666666668,0.36216666666666664,0.07633333333333334,0.043166666666666666,0.019000000000000003,0.03983333333333333,0.537360072781931,0.20289941062458,0.0356196352992365,0.190558126656382,0.0,0.0335627546378703,0.188641916688924,0.100048471179432,0.12329485315211,0.201798379677716,0.197574462612893,0.188641916688924,London,101091,51.424323,0.107481602065726
0.43683333333333335,0.022166666666666668,0.36216666666666664,0.07633333333333334,0.043166666666666666,0.019000000000000003,0.03983333333333333,0.266022016570123,0.404537167385936,0.131960951743555,0.197479864300385,0.0,0.0,0.225029463759576,0.104881776664702,0.125883912787272,0.189893930465527,0.187085665880966,0.167225250441956,North West,108607,53.5415797,-2.1147831
0.43683333333333335,0.022166666666666668,0.36216666666666664,0.07633333333333334,0.043166666666666666,0.019000000000000003,0.03983333333333333,0.193555250839283,0.558655255567639,0.0375667880278027,0.210222705565275,0.0,0.0,0.23902020995501,0.119108405341712,0.13391773191459,0.194931443262158,0.167428408198243,0.145593801328287,Wales,112024,53.5415797,-2.1147831
0.43683333333333335,0.022166666666666668,0.36216666666666664,0.07633333333333334,0.043166666666666666,0.019000000000000003,0.03983333333333333,0.588413634873812,0.172750737463127,0.0698746312684365,0.168960996394625,0.0,0.0,0.202347623362212,0.0897614708786789,0.109959583413929,0.2052490659391,0.198265242754029,0.194417013652051,London,98227,51.3796373,0.1053732
0.43683333333333335,0.022166666666666668,0.36216666666666664,0.07633333333333334,0.043166666666666666,0.019000000000000003,0.03983333333333333,0.348727145917401,0.433567478702735,0.035370896228765,0.169581029243262,0.0,0.0127534499078363,0.174046898800712,0.0895174958700735,0.107925167878827,0.188174465254983,0.21446654223252,0.225869429962884,Wales,93221,53.6780539,-1.5765949
0.43683333333333335,0.022166666666666668,0.36216666666666664,0.07633333333333334,0.043166666666666666,0.019000000000000003,0.03983333333333333,0.224923176855622,0.566017937891923,0.121717840457691,0.0770230094686086,0.0,0.0103180353261548,0.169926015478005,0.174583038899342,0.18437385596431,0.202525179427365,0.15214078343564,0.116451126795338,South East,117458,51.7472625,-1.235203
0.43683333333333335,0.022166666666666668,0.36216666666666664,0.07633333333333334,0.043166666666666666,0.019000000000000003,0.03983333333333333,0.457156262829661,0.174542042188813,0.279857676291764,0.0749349963832574,0.0,0.0135090223065042,0.154936337201095,0.20273284209932,0.139926409004075,0.168732296283749,0.165730310644345,0.167941804767417,South East,106263,51.7520131,-1.2578499
0.43683333333333335,0.022166666666666668,0.36216666666666664,0.07633333333333334,0.043166666666666666,0.019000000000000003,0.03983333333333333,0.141257514383756,0.648442942284373,0.12056554606672,0.0550065791171082,0.0,0.034727418148043,0.174073114778361,0.130032191223266,0.231332790646044,0.213784873825205,0.170400725227559,0.0803763042995633,Wales,108103,51.4734122,-0.0699321
0.43683333333333335,0.022166666666666668,0.36216666666666664,0.07633333333333334,0.043166666666666666,0.019000000000000003,0.03983333333333333,0.489883702405608,0.324717221602676,0.0398677712282937,0.135594232913812,0.0,0.0099370718496096,0.200733482848634,0.0951045994338027,0.121521011801904,0.189345196514578,0.199529394463032,0.193766314938049,Wales,108796,53.87904015,-2.17177953034584
0.43683333333333335,0.022166666666666668,0.36216666666666664,0.07633333333333334,0.043166666666666666,0.019000000000000003,0.03983333333333333,0.276774661715115,0.420262944465787,0.0631109403679515,0.229180005976011,0.0,0.0106714474751355,0.164165356099753,0.0822062457874635,0.100483037519658,0.181678274545046,0.225994158616041,0.245472927432038,Yorkshire & the Humber,89019,53.4825078,-1.590469
0.43683333333333335,0.022166666666666668,0.36216666666666664,0.07633333333333334,0.043166666666666666,0.019000000000000003,0.03983333333333333,0.451943350015973,0.320498349483548,0.0609306783090192,0.164114577787243,0.0,0.0025130444042168,0.15421795781528,0.0806466541202603,0.100628348707823,0.165705118316725,0.23859768200002,0.260204239039891,Wales,97240,54.6657228,-2.7654626
0.43683333333333335,0.022166666666666668,0.36216666666666664,0.07633333333333334,0.043166666666666666,0.019000000000000003,0.03983333333333333,0.40746867831304,0.365471148755955,0.0386668431268748,0.163225692606317,0.0,0.0251676371978118,0.223364464358703,0.105038290389999,0.151202696137028,0.209467327847486,0.167058696507207,0.143868524759576,Eastern,129667,52.5725769,-0.2427336
0.43683333333333335,0.022166666666666668,0.36216666666666664,0.07633333333333334,0.043166666666666666,0.019000000000000003,0.03983333333333333,0.386285557235124,0.362237185653429,0.0311025605789931,0.216801795611745,0.0,0.003572900920709,0.194097943523939,0.0958661749942848,0.131101591308929,0.183273862179328,0.197268634018825,0.198391793974694,Wales,100609,50.3877305,-4.171494
0.43683333333333335,0.022166666666666668,0.36216666666666664,0.07633333333333334,0.043166666666666666,0.019000000000000003,0.03983333333333333,0.406634022317435,0.394886764913602,0.0450586185790291,0.151042892791563,0.0,0.0023777013983709,0.153853316944165,0.185374529742616,0.157820240622788,0.185821507058517,0.173836927775915,0.143293477855999,Wales,107388,50.3714122,-4.1424451
0.43683333333333335,0.022166666666666668,0.36216666666666664,0.07633333333333334,0.043166666666666666,0.019000000000000003,0.03983333333333333,0.208492926816812,0.549359072570349,0.0289566416424084,0.21319135897043,0.0,0.0,0.188674944752202,0.0894072877543133,0.150135270392135,0.185840707964602,0.205244329048945,0.180697460087802,Wales,100909,53.712412,-1.2736371
0.43683333333333335,0.022166666666666668,0.36216666666666664,0.07633333333333334,0.043166666666666666,0.019000000000000003,0.03983333333333333,0.160951043964614,0.456380774115917,0.0902243911134879,0.148717605900573,0.131225349288054,0.0125008356173541,0.185770478227865,0.111340043573844,0.133964924041523,0.188067470449639,0.195756972307935,0.185100111399193,Wales,101437,51.6001047,-3.3449362
0.43683333333333335,0.022166666666666668,0.36216666666666664,0.07633333333333334,0.043166666666666666,0.019000000000000003,0.03983333333333333,0.525378511492156,0.135329259394382,0.123061838744983,0.176167457132433,0.0,0.0400629332360452,0.169633120023046,0.0833659128788658,0.123551924936727,0.188347496862075,0.204129714603181,0.230971830696105,South West,97198,50.74020055,-1.9537512539581
0.43683333333333335,0.022166666666666668,0.36216666666666664,0.07633333333333334,0.043166666666666666,0.019000000000000003,0.03983333333333333,0.266814082337449,0.615220253919352,0.0442247012348132,0.0643742701682029,0.0,0.0093666923401823,0.185410970269315,0.142629372849197,0.286052333508885,0.235572934327001,0.100857796278795,0.0494765927668078,London,138611,51.508044,-0.0148511948312562
0.43683333333333335,0.022166666666666668,0.36216666666666664,0.07633333333333334,0.043166666666666666,0.019000000000000003,0.03983333333333333,0.485730541647701,0.245926263086026,0.0643604915794264,0.197086936731907,0.0,0.0068957669549385,0.198955389332188,0.0981993948049094,0.14103242687226,0.197487341835359,0.197137806717066,0.167187640438217,South East,100133,50.82802085,-1.08355666238751
0.43683333333333335,0.022166666666666668,0.36216666666666664,0.07633333333333334,0.043166666666666666,0.019000000000000003,0.03983333333333333,0.376309407090149,0.21115640641932,0.241085711337014,0.144357293978017,0.0,0.0270911811754992,0.160016686752572,0.209344581440623,0.159479002503013,0.183980717530361,0.156938907944748,0.130240103828683,South East,107870,50.79444535,-1.07121589189787
0.43683333333333335,0.022166666666666668,0.36216666666666664,0.07633333333333334,0.043166666666666666,0.019000000000000003,0.03983333333333333,0.286414210894697,0.506214852895035,0.0416334805589747,0.155238577945116,0.0,0.0104988777061762,0.198683811750444,0.154452959258778,0.155682556176127,0.189660994934407,0.171468156037581,0.130051521842663,North West,115485,53.7593363,-2.6992717
0.43683333333333335,0.022166666666666668,0.36216666666666664,0.07633333333333334,0.043166666666666666,0.019000000000000003,0.03983333333333333,0.562691267130882,0.321417483478955,0.0646205703641282,0.0471903135672151,0.0,0.0040803654588193,0.174362199065756,0.10296442687747,0.228206970894718,0.239840100610852,0.149416097736256,0.105210204814948,London,111320,51.4625524,-0.2167462
0.43683333333333335,0.022166666666666668,0.36216666666666664,0.07633333333333334,0.043166666666666666,0.019000000000000003,0.03983333333333333,0.40084047195733,0.504514073287307,0.0519984298875522,0.0365743840772125,0.0,0.0060726407905977,0.174635185170247,0.120483677107617,0.190155444594126,0.223624028975453,0.185573580065663,0.105528084086894,Wales,123967,52.8040025,-4.7141157
0.43683333333333335,0.022166666666666668,0.36216666666666664,0.07633333333333334,0.043166666666666666,0.019000000000000003,0.03983333333333333,0.182206653250851,0.533303520409431,0.0293408859407219,0.245385207820924,0.0,0.0097637325780725,0.187814943296946,0.0925601773760648,0.129700943105991,0.183974624189767,0.209785387691883,0.196163924339348,Wales,94260,53.4598936,-1.3376657
0.43683333333333335,0.022166666666666668,0.36216666666666664,0.07633333333333334,0.043166666666666666,0.019000000000000003,0.03983333333333333,0.562752061638476,0.129717690964907,0.0313609823632095,0.229398663697105,0.0,0.0467706013363029,0.175526403050651,0.0890429412252341,0.110617176490094,0.185215120616762,0.211493824090193,0.228104534527066,Eastern,96504,51.5884892,0.6012418
0.43683333333333335,0.022166666666666668,0.36216666666666664,0.07633333333333334,0.043166666666666666,0.019000000000000003,0.03983333333333333,0.491093326448948,0.352093283421539,0.0700701346757884,0.0848070220730605,0.0,0.0019362333806634,0.178994782220006,0.137493230639629,0.185510560202178,0.229341631351379,0.153705311476537,0.11495448411027,Wales,116335,51.45502715,-0.967763723533099
0.43683333333333335,0.022166666666666668,0.36216666666666664,0.07633333333333334,0.043166666666666666,0.019000000000000003,0.03983333333333333,0.53602089429518,0.268216004449711,0.0847863413218543,0.104471475901429,0.0,0.0065052840318251,0.199008840637534,0.0908002771886352,0.111053946788182,0.202715188677264,0.209130425652548,0.187291321055837,Wales,95242,51.4564242,-0.9700664
0.43683333333333335,0.022166666666666668,0.36216666666666664,0.07633333333333334,0.043166666666666666,0.019000000000000003,0.03983333333333333,0.179226974068791,0.447073678303365,0.178946383894124,0.185657165571585,0.0,0.0090957981621343,0.17945886842613,0.0912033960079754,0.11478678472654,0.167334862680359,0.221565937010913,0.225650151148082,North East,93286,54.6179021,-1.0687914
0.43683333333333335,0.022166666666666668,0.36216666666666664,0.07633333333333334,0.043166666666666666,0.019000000000000003,0.03983333333333333,0.487964559282456,0.308142199332213,0.0338039848984134,0.166422975361718,0.0,0.0036662811251991,0.188474734082928,0.090902650568268,0.133348176785516,0.196712850044024,0.195123925958162,0.195437662561103,West Midlands,98809,52.3057655,-1.9417444
0.43683333333333335,0.022166666666666668,0.36216666666666664,0.07633333333333334,0.043166666666666666,0.019000000000000003,0.03983333333333333,0.607919744419348,0.141098427039456,0.108662474818387,0.140203080804998,0.0,0.0021162729178112,0.200904493916311,0.0839189823982904,0.11935266973077,0.214342952408146,0.197901795171734,0.183579106374748,South East,108567,51.2376557,-0.2057067
0.43683333333333335,0.022166666666666668,0.36216666666666664,0.07633333333333334,0.043166666666666666,0.019000000000000003,0.03983333333333333,0.0999537658792188,0.507188304969067,0.0333105832104092,0.135135730168865,0.22203386098941,0.0023777547830298,0.184796186555008,0.104509978314529,0.129353333266711,0.176241917914997,0.206711503292794,0.19838708065596,Wales,100067,51.5450167,-3.5149965
0.43683333333333335,0.022166666666666668,0.36216666666666664,0.07633333333333334,0.043166666666666666,0.019000000000000003,0.03983333333333333,0.521050566785736,0.243418471640065,0.0554190497821643,0.155499576717392,0.0,0.0246123350746422,0.173843281699379,0.0870679650840103,0.111034865533074,0.179332963318028,0.226207174933145,0.222513749432363,North West,99094,53.90264405,-2.42285603548628
0.43683333333333335,0.022166666666666668,0.36216666666666664,0.07633333333333334,0.043166666666666666,0.019000000000000003,0.03983333333333333,0.536916122551482,0.137990522568952,0.0672155132880571,0.158517677374271,0.0,0.0993601642172384,0.154180145517856,0.0898578137930293,0.105538061409825,0.157565531398111,0.230743602695412,0.262114845185766,Wales,93047,51.4405529,-0.307639437733795
0.43683333333333335,0.022166666666666668,0.36216666666666664,0.07633333333333334,0.043166666666666666,0.019000000000000003,0.03983333333333333,0.619314617314931,0.131332340025094,0.205007057716437,0.0443459849435382,0.0,0.0,0.208991505431321,0.0795995802050536,0.117856534180099,0.243229909492927,0.194558811657383,0.155763659033216,London,111482,51.43851165,-0.274735034756565
0.43683333333333335,0.022166666666666668,0.36216666666666664,0.07633333333333334,0.043166666666666666,0.019000000000000003,0.03983333333333333,0.175756505060192,0.475885218181359,0.105948565227267,0.19339777402014,0.0,0.0490119375110415,0.22918002837541,0.109556294093639,0.135239927701009,0.199900880415136,0.177900219617904,0.148222649796902,North West,102906,53.6153659,-2.1557561
0.43683333333333335,0.022166666666666668,0.36216666666666664,0.07633333333333334,0.043166666666666666,0.019000000000000003,0.03983333333333333,0.453770506360024,0.203831553710569,0.0245299354008036,0.313916576020601,0.0,0.0039514285080027,0.199578812523049,0.101017061004251,0.143747209875585,0.202344674986898,0.192659303973137,0.16065293763708,South East,103039,51.3883811,0.504925
0.43683333333333335,0.022166666666666668,0.36216666666666664,0.07633333333333334,0.043166666666666666,0.019000000000000003,0.03983333333333333,0.522392040209252,0.213991178582419,0.0294389168119807,0.234136834547133,0.0,4.10298492153041e-05,0.19992795389049,0.0966156801891672,0.147731471218503,0.206772334293948,0.182646124288775,0.166306436119116,London,108264,51.5760462,0.1822646
0.43683333333333335,0.022166666666666668,0.36216666666666664,0.07633333333333334,0.043166666666666666,0.019000000000000003,0.03983333333333333,0.574666366924853,0.126443359015757,0.175205902188796,0.123684371870593,0.0,0.0,0.160516361940109,0.12888767201079,0.109295934613083,0.175433259306582,0.199375335909059,0.226491436220377,South East,98613,51.07592055,-1.51962399721452
0.43683333333333335,0.022166666666666668,0.36216666666666664,0.07633333333333334,0.043166666666666666,0.019000000000000003,0.03983333333333333,0.472020214470603,0.362566251694811,0.0168864784913102,0.143021488146596,0.0,0.0055055671966802,0.187509861154938,0.0908015146733985,0.124398469548753,0.189797649100663,0.218947223098769,0.188545282423477,North West,101405,53.6848806,-2.26143975890742
0.43683333333333335,0.022166666666666668,0.36216666666666664,0.07633333333333334,0.043166666666666666,0.019000000000000003,0.03983333333333333,0.23185507046463,0.436788744051314,0.0422327976642067,0.281007885601306,0.0,0.0081155022185438,0.179876586280581,0.0895512624831014,0.117962583402381,0.175210413850246,0.212125506955649,0.225273647028041,Yorkshire & the Humber,91724,53.33872705,-1.31389056549178
0.43683333333333335,0.022166666666666668,0.36216666666666664,0.07633333333333334,0.043166666666666666,0.019000000000000003,0.03983333333333333,0.13261907891854,0.52523991060865,0.0293589237982559,0.294093159808948,0.0,0.0186889268656062,0.198085310859762,0.103607599615584,0.140921859983736,0.19013824203445,0.196006135876395,0.171240851630073,Yorkshire & the Humber,108216,53.4310417,-1.355187
0.43683333333333335,0.022166666666666668,0.36216666666666664,0.07633333333333334,0.043166666666666666,0.019000000000000003,0.03983333333333333,0.506806043350859,0.285708348053783,0.0590619090172281,0.143602319250192,0.0,0.0048213803279369,0.192409992048041,0.0904421106510552,0.138290968585191,0.205507874267643,0.190006123922601,0.183342930525469,West Midlands,109407,52.3726682,-1.2620038
0.43683333333333335,0.022166666666666668,0.36216666666666664,0.07633333333333334,0.043166666666666666,0.019000000000000003,0.03983333333333333,0.600353594881293,0.227626704832463,0.0504293652129988,0.112308469439299,0.0,0.0092818656339451,0.190321708569884,0.0833558619446697,0.114185014969011,0.215083155607622,0.193565828602325,0.203488430306489,London,99873,51.5775626,-0.4278453
0.43683333333333335,0.022166666666666668,0.36216666666666664,0.07633333333333334,0.043166666666666666,0.019000000000000003,0.03983333333333333,0.34988408471944,0.498188120371829,0.0313083796619325,0.116815593418713,0.0,0.0038038218280852,0.182412626832018,0.0915767434369463,0.118934879476029,0.189252160841789,0.209201696462125,0.208621892951092,Wales,93135,53.3421509,-2.7334941
0.43683333333333335,0.022166666666666668,0.36216666666666664,0.07633333333333334,0.043166666666666666,0.019000000000000003,0.03983333333333333,0.629647109299582,0.156130001072616,0.075576531159498,0.136436769280275,0.0,0.0022095891880296,0.191910053059647,0.0964403856484492,0.116627555203709,0.212427078326595,0.199289396552536,0.183305531209063,South East,106107,51.3948374,-0.55196094647528
0.43683333333333335,0.022166666666666668,0.36216666666666664,0.07633333333333334,0.043166666666666666,0.019000000000000003,0.03983333333333333,0.549441692223009,0.281473617991665,0.0539238814185735,0.115160808366753,0.0,0.0,0.179314266332811,0.0987999162036251,0.110381772293327,0.192801492373532,0.204014245383717,0.214688307412986,East Midlands,100243,52.91250105,-1.01106222911909
0.43683333333333335,0.022166666666666668,0.36216666666666664,0.07633333333333334,0.043166666666666666,0.019000000000000003,0.03983333333333333,0.567853145287665,0.16606223416163,0.0758450861875979,0.172061786433848,0.0,0.018177747929259,0.166970861011482,0.0873002398183323,0.102559477068698,0.17699866295974,0.220431248540928,0.245739510600819,Wales,94238,52.6720893,-0.6494345
0.43683333333333335,0.022166666666666668,0.36216666666666664,0.07633333333333334,0.043166666666666666,0.019000000000000003,0.03983333333333333,0.207925271449862,0.536592505854801,0.0374973387268469,0.188045560996381,0.0,0.0299393229721098,0.173891772666213,0.169870147100284,0.232375329607456,0.186885354649331,0.13355942884625,0.103417967130467,Wales,120598,53.4877463,-2.2891921
0.43683333333333335,0.022166666666666668,0.36216666666666664,0.07633333333333334,0.043166666666666666,0.019000000000000003,0.03983333333333333,0.584866287114115,0.159979132170481,0.107038355977953,0.134597500396942,0.0,0.0135187243405085,0.171017500621548,0.0798823923641512,0.108722206007934,0.182313454616208,0.215974316567759,0.242090129822399,South West,92511,51.0690613,-1.7954134
0.43683333333333335,0.022166666666666668,0.36216666666666664,0.07633333333333334,0.043166666666666666,0.019000000000000003,0.03983333333333333,0.452495938885718,0.316393730517627,0.0473943012688238,0.179171971725864,0.0,0.0045440576019668,0.155879568653276,0.0826267698386565,0.108762759301943,0.160448221929536,0.228082811985512,0.264199868291077,Yorkshire & the Humber,97185,54.294096,-0.4259937
0.43683333333333335,0.022166666666666668,0.36216666666666664,0.07633333333333334,0.043166666666666666,0.019000000000000003,0.03983333333333333,0.373464146053636,0.402249114931624,0.0208019992132725,0.172640396140408,0.0,0.0308443436610593,0.187321005215742,0.093959222380275,0.130621147463253,0.181460407776197,0.20176386913229,0.204874348032243,Yorkshire & the Humber,105451,53.5922488,-0.6450841
0.43683333333333335,0.022166666666666668,0.36216666666666664,0.07633333333333334,0.043166666666666666,0.019000000000000003,0.03983333333333333,0.301549750395958,0.509853846308066,0.0756230076785821,0.110286894284168,0.0,0.0026865013332264,0.155547478218727,0.0817940499399707,0.0946370154974721,0.164337089294959,0.224862042758484,0.278822324290388,North West,90788,50.84018375,0.462184008771202
0.43683333333333335,0.022166666666666668,0.36216666666666664,0.07633333333333334,0.043166666666666666,0.019000000000000003,0.03983333333333333,0.529046510239417,0.292713992875196,0.0396640595458435,0.136565367086592,0.0,0.0020100702529504,0.181282897671514,0.0844955938184593,0.128369068506458,0.189500500589804,0.215164401621713,0.201187537792052,Wales,100881,53.785097,-1.09904072024321
0.43683333333333335,0.022166666666666668,0.36216666666666664,0.07633333333333334,0.043166666666666666,0.019000000000000003,0.03983333333333333,0.589448351693948,0.143275035787639,0.078525341797888,0.188481566772474,0.0,0.0002697039480508,0.199863279482875,0.0828767605279824,0.104400188996009,0.196636273159551,0.206357504046324,0.209865993787259,South East,99473,51.27452185,0.196116556219498
0.43683333333333335,0.022166666666666668,0.36216666666666664,0.07633333333333334,0.043166666666666666,0.019000000000000003,0.03983333333333333,0.115073101306767,0.591590115150731,0.047535256824945,0.229861560357097,0.0,0.0159399663604606,0.227983606408404,0.112519651408995,0.148587370391574,0.189098806830057,0.177376116608962,0.144434448352008,Wales,110043,53.3806626,-1.4702278
0.43683333333333335,0.022166666666666668,0.36216666666666664,0.07633333333333334,0.043166666666666666,0.019000000000000003,0.03983333333333333,0.132259656047364,0.653932901043135,0.115062024245841,0.0886664787144065,0.0,0.0100789399492528,0.111366820092055,0.349498588041714,0.20347764214084,0.14456451648767,0.10299513041158,0.0880973028261401,Yorkshire & the Humber,89946,53.3887994,-1.46936796487376
0.43683333333333335,0.022166666666666668,0.36216666666666664,0.07633333333333334,0.043166666666666666,0.019000000000000003,0.03983333333333333,0.140387589846238,0.37721772359203,0.405295241561277,0.0675461741424802,0.0,0.0095532708579747,0.173294323914423,0.133937118824554,0.0959459604814508,0.185922189116802,0.196097623939162,0.214802783723607,Wales,92969,53.38172635,-1.46279513947516
0.43683333333333335,0.022166666666666668,0.36216666666666664,0.07633333333333334,0.043166666666666666,0.019000000000000003,0.03983333333333333,0.165112116073111,0.536131524401733,0.121325607687959,0.168150555869606,0.0,0.0092801959675899,0.194392134225393,0.103167318047183,0.150360073055558,0.190086398607024,0.191420703490958,0.170573372573884,Wales,105675,53.3708803,-1.46834989543711
0.43683333333333335,0.022166666666666668,0.36216666666666664,0.07633333333333334,0.043166666666666666,0.019000000000000003,0.03983333333333333,0.177894267231764,0.527057773812179,0.0610751728753067,0.221235779611867,0.0,0.0127370064688824,0.190174676684794,0.10097234766233,0.136320836295855,0.178625646150003,0.203847114664002,0.190059378543016,Yorkshire & the Humber,104078,53.36046085,-1.42509192573562
0.43683333333333335,0.022166666666666668,0.36216666666666664,0.07633333333333334,0.043166666666666666,0.019000000000000003,0.03983333333333333,0.468580516250051,0.357888512824695,0.0236308771357501,0.147657301308975,0.0,0.0022427924805284,0.178833357618146,0.0857351012676672,0.130516295109039,0.183942882121521,0.212161833989023,0.208810529894604,Wales,102945,53.20786945,-1.08240544520148
0.43683333333333335,0.022166666666666668,0.36216666666666664,0.07633333333333334,0.043166666666666666,0.019000000000000003,0.03983333333333333,0.527701785527827,0.32672026730709,0.040701681110995,0.0935365980996136,0.0,0.0113396679544742,0.180924226560736,0.0814189813389172,0.11503561823818,0.194689084601014,0.210116811397836,0.217815277863316,Yorkshire & the Humber,97422,53.8321814,-1.7779777
0.43683333333333335,0.022166666666666668,0.36216666666666664,0.07633333333333334,0.043166666666666666,0.019000000000000003,0.03983333333333333,0.474959851238272,0.290486856563266,0.0823049615417124,0.150663511114868,0.0,0.0015848195418814,0.169258737626482,0.0908773086412354,0.125078661112942,0.177069911000569,0.210861726249338,0.226853655369432,Wales,100113,52.707755,-2.7540658
0.43683333333333335,0.022166666666666668,0.36216666666666664,0.07633333333333334,0.043166666666666666,0.019000000000000003,0.03983333333333333,0.506836971458178,0.200716361424613,0.0324164808181838,0.254330832826474,0.0,0.0056993534725507,0.201293645035128,0.0970676199408922,0.136602544817456,0.19046312846196,0.194090997575522,0.180482064169041,South East,113014,51.3397366,0.7342319
0.43683333333333335,0.022166666666666668,0.36216666666666664,0.07633333333333334,0.043166666666666666,0.019000000000000003,0.03983333333333333,0.587407094084235,0.185046427780128,0.0789775817269925,0.148548754204685,0.0,2.01422039599573e-05,0.155509551529064,0.0787181274083791,0.0913646798393047,0.166096171189637,0.239495367713372,0.268816102320243,Yorkshire & the Humber,97576,53.2785819,-2.9444809
0.43683333333333335,0.022166666666666668,0.36216666666666664,0.07633333333333334,0.043166666666666666,0.019000000000000003,0.03983333333333333,0.561901677831974,0.172579894351231,0.0564876844299621,0.156854014450808,0.0,0.0521767289360238,0.171973927303676,0.0858676021837959,0.115313557386918,0.178948788740581,0.215774396446142,0.232121727938887,East Midlands,96347,52.99965,-0.4095586
0.43683333333333335,0.022166666666666668,0.36216666666666664,0.07633333333333334,0.043166666666666666,0.019000000000000003,0.03983333333333333,0.34183193909202,0.497744148886174,0.0270937118150202,0.133330200206786,0.0,0.0,0.25039624260226,0.104957031306801,0.150317721132454,0.246920940512716,0.150230475054892,0.0971775893908769,South East,137544,51.5111014,-0.5940682
0.43683333333333335,0.022166666666666668,0.36216666666666664,0.07633333333333334,0.043166666666666666,0.019000000000000003,0.03983333333333333,0.231829183541422,0.574923913824918,0.0219990893623139,0.171247813271346,0.0,0.0,0.229748901170634,0.114313068453806,0.13965794856173,0.209704512816049,0.172287740980896,0.134287828016885,Wales,114895,52.4968157,-1.9739174
0.43683333333333335,0.022166666666666668,0.36216666666666664,0.07633333333333334,0.043166666666666666,0.019000000000000003,0.03983333333333333,0.516523737577937,0.120422190539016,0.233439022833188,0.127997786904433,0.0,0.0016172621454259,0.185455057274637,0.0885429072562309,0.116281587665923,0.192893181178407,0.205419977912994,0.211407288711808,Wales,92362,52.4130189,-1.7768935
0.43683333333333335,0.022166666666666668,0.36216666666666664,0.07633333333333334,0.043166666666666666,0.019000000000000003,0.03983333333333333,0.42520844661954,0.25879100960667,0.0282082653616095,0.270029001268805,0.0,0.017763277143375,0.200839706694,0.097896790980052,0.140660726957344,0.192974848222029,0.190185681621067,0.177442245525507,Eastern,101464,51.5307156,-0.480036149302633
0.43683333333333335,0.022166666666666668,0.36216666666666664,0.07633333333333334,0.043166666666666666,0.019000000000000003,0.03983333333333333,0.51144303585624,0.197188402158905,0.187900087862433,0.103196518974102,0.0,0.0002719551483201,0.17986502973921,0.0936308525240201,0.115963855421687,0.197689492145798,0.205095699252707,0.207755070916578,Eastern,104912,52.17965405,-0.0034368130503711
0.43683333333333335,0.022166666666666668,0.36216666666666664,0.07633333333333334,0.043166666666666666,0.019000000000000003,0.03983333333333333,0.596167196078844,0.0992490060374024,0.181795233186781,0.117129814670678,0.0,0.0056587500262953,0.170986374407583,0.0850753215978334,0.0977699729180771,0.182422139471903,0.224018280297901,0.239727911306703,Wales,94528,51.7489422,-0.2303579
0.43683333333333335,0.022166666666666668,0.36216666666666664,0.07633333333333334,0.043166666666666666,0.019000000000000003,0.03983333333333333,0.505909516951284,0.274398189424594,0.038086093775004,0.181606199849119,0.0,0.0,0.187385103011094,0.0877760169043845,0.131072371896461,0.192012678288431,0.209381933438986,0.192371896460644,East Midlands,94651,52.8224616,-1.502636219
0.43683333333333335,0.022166666666666668,0.36216666666666664,0.07633333333333334,0.043166666666666666,0.019000000000000003,0.03983333333333333,0.590499759400564,0.143305607112578,0.108911344836278,0.157283288650581,0.0,0.0,0.150566208333793,0.0754429877275584,0.0878146673870615,0.151040345789549,0.234488538002668,0.30064725275937,Wales,90690,50.4155623,-3.58601027095414
0.43683333333333335,0.022166666666666668,0.36216666666666664,0.07633333333333334,0.043166666666666666,0.019000000000000003,0.03983333333333333,0.51418570375829,0.243859002702039,0.0739376074674527,0.155981331368214,0.0,0.0120363547040039,0.150921740896856,0.0835711746483165,0.101884109491646,0.160702859174242,0.230206693413234,0.272713422375705,South West,98455,50.38628265,-2.21376124551175
0.43683333333333335,0.022166666666666668,0.36216666666666664,0.07633333333333334,0.043166666666666666,0.019000000000000003,0.03983333333333333,0.534035486041036,0.0981962663975782,0.17833417423478,0.161116717120753,0.0,0.0283173562058526,0.151734374141059,0.0767962179099554,0.0919245780880655,0.157880270463416,0.239404100929031,0.282260458468473,South West,90955,50.4165967,-4.5145378
0.43683333333333335,0.022166666666666668,0.36216666666666664,0.07633333333333334,0.043166666666666666,0.019000000000000003,0.03983333333333333,0.615260251537993,0.128540533730867,0.0307808595964473,0.225418355134692,0.0,0.0,0.169828554726391,0.0845991541911381,0.114640896593929,0.177966953169956,0.214091942894201,0.238872498424384,East Midlands,109481,51.5307156,-0.480036149302633
0.43683333333333335,0.022166666666666668,0.36216666666666664,0.07633333333333334,0.043166666666666666,0.019000000000000003,0.03983333333333333,0.533641281225308,0.215502745193379,0.0790939848862416,0.171761988695071,0.0,0.0,0.182786271573804,0.0886594688312711,0.118852943494365,0.184726928836,0.215826700291591,0.209147686972969,East Midlands,101512,52.5298901,-1.45011388649844
0.43683333333333335,0.022166666666666668,0.36216666666666664,0.07633333333333334,0.043166666666666666,0.019000000000000003,0.03983333333333333,0.568092411942606,0.193851331377766,0.0828842349409918,0.155172021738636,0.0,0.0,0.185655011453516,0.078964429269136,0.116879889354713,0.194158706833211,0.200414919825388,0.223927043264036,Eastern,92548,52.5169106,1.36616778144338
0.43683333333333335,0.022166666666666668,0.36216666666666664,0.07633333333333334,0.043166666666666666,0.019000000000000003,0.03983333333333333,0.618019518653768,0.176821064770325,0.0593461037435667,0.14581331283234,0.0,0.0,0.184445275885156,0.0860147296286085,0.111919577803159,0.196624788310819,0.218601079122524,0.202394549249734,East Midlands,101563,52.11838535,-1.08008147951706
0.43683333333333335,0.022166666666666668,0.36216666666666664,0.07633333333333334,0.043166666666666666,0.019000000000000003,0.03983333333333333,0.464133996844277,0.345673018570215,0.0443419508840069,0.142735768903993,0.0,0.0031152647975077,0.173029816707492,0.0847516682152208,0.113797618042064,0.187969845426134,0.216044429428161,0.224406622180927,North West,94711,53.72715265,-2.7330066458997
0.43683333333333335,0.022166666666666668,0.36216666666666664,0.07633333333333334,0.043166666666666666,0.019000000000000003,0.03983333333333333,0.174054673859224,0.540327834675423,0.0198577124540692,0.22758189351888,0.0,0.0381778854924035,0.173962510701572,0.0899495336367323,0.119992790519533,0.178096697156761,0.219675122786464,0.218323345198937,North East,88773,54.9987414,-1.4321848
0.43683333333333335,0.022166666666666668,0.36216666666666664,0.07633333333333334,0.043166666666666666,0.019000000000000003,0.03983333333333333,0.563125573234438,0.143896797862583,0.136399888343901,0.15643817043506,0.0,0.000139570124018,0.143155056558465,0.0765698396983548,0.0871021422703431,0.149032081393634,0.241779537842563,0.30236134223664,Wales,94946,52.51314745,-2.69160028051954
0.43683333333333335,0.022166666666666668,0.36216666666666664,0.07633333333333334,0.043166666666666666,0.019000000000000003,0.03983333333333333,0.554787883894342,0.201415511648481,0.0814340481105447,0.159034418839786,0.0,0.0033281375068458,0.162022849098489,0.0834587687476311,0.0982186366343602,0.168985868211598,0.221571281607017,0.265742595700904,Eastern,92338,50.7230415,-1.8916432
0.43683333333333335,0.022166666666666668,0.36216666666666664,0.07633333333333334,0.043166666666666666,0.019000000000000003,0.03983333333333333,0.590547694289567,0.170286427406856,0.0834121696423179,0.155753708661259,0.0,0.0,0.172085253812602,0.0820573101947804,0.102793330652396,0.17619946175024,0.218259246656562,0.24860539693342,South West,96980,50.3852018,-4.020183
0.43683333333333335,0.022166666666666668,0.36216666666666664,0.07633333333333334,0.043166666666666666,0.019000000000000003,0.03983333333333333,0.552576089966135,0.200783795872292,0.127004749632596,0.11550339715874,0.0,0.004131967370237,0.199040985261458,0.0910660205935796,0.10908540278619,0.213446396123561,0.204583080961034,0.182778114274177,Eastern,99058,51.76164775,-0.248358374493659
0.43683333333333335,0.022166666666666668,0.36216666666666664,0.07633333333333334,0.043166666666666666,0.019000000000000003,0.03983333333333333,0.531520340712479,0.18064859589193,0.0464930570959584,0.241338006299632,0.0,0.0,0.171878319652342,0.0845388701110574,0.12020280057943,0.170487687107677,0.211173346209561,0.241718976339932,Eastern,103552,52.4235557,0.708694
0.43683333333333335,0.022166666666666668,0.36216666666666664,0.07633333333333334,0.043166666666666666,0.019000000000000003,0.03983333333333333,0.555224736447444,0.139363062943849,0.124343875435579,0.181068325173129,0.0,0.0,0.174783622352662,0.0892538452809556,0.119871669228468,0.184367166303888,0.210796703013297,0.220926993820729,South West,96937,51.2598871,-2.1848747
0.43683333333333335,0.022166666666666668,0.36216666666666664,0.07633333333333334,0.043166666666666666,0.019000000000000003,0.03983333333333333,0.435541859270673,0.381472661904095,0.0372367745249101,0.140309100247467,0.0,0.0054396040528552,0.18246411048519,0.140214428493549,0.169135017263311,0.195457023441759,0.167017990187171,0.14571143012902,Wales,110063,50.90472085,-1.35879980823962
0.43683333333333335,0.022166666666666668,0.36216666666666664,0.07633333333333334,0.043166666666666666,0.019000000000000003,0.03983333333333333,0.345803719209425,0.438540551066108,0.0516259371044688,0.135478531788531,0.0,0.0285512608314672,0.183539608439185,0.158641841276734,0.166549053667716,0.208699743060833,0.153937321318713,0.128632432236818,Wales,110532,50.92394315,-1.42759975192888
0.43683333333333335,0.022166666666666668,0.36216666666666664,0.07633333333333334,0.043166666666666666,0.019000000000000003,0.03983333333333333,0.492309275168476,0.253742476464839,0.0350326662894181,0.216703534132414,0.0,0.0022120479448531,0.19035259150686,0.0988355522983591,0.135356866577094,0.19495338137698,0.196663409470298,0.183838198770408,Wales,98244,51.5388241,0.7128137
0.43683333333333335,0.022166666666666668,0.36216666666666664,0.07633333333333334,0.043166666666666666,0.019000000000000003,0.03983333333333333,0.519506046233389,0.198542921847626,0.0915053625603555,0.186920480280306,0.0,0.0035251890783232,0.188859607324497,0.0852839069170402,0.121050635496387,0.206538757013799,0.197845049740842,0.200422043507434,Wales,102832,51.547977,0.647921167542796
0.43683333333333335,0.022166666666666668,0.36216666666666664,0.07633333333333334,0.043166666666666666,0.019000000000000003,0.03983333333333333,0.342809738637635,0.473621416054584,0.139126057939674,0.0403601655419261,0.0,0.0040826218261809,0.181144529547294,0.101306121178156,0.160385142287814,0.23738246466156,0.184016750731677,0.135764991593499,Wales,128472,51.6281547,-0.123596
0.43683333333333335,0.022166666666666668,0.36216666666666664,0.07633333333333334,0.043166666666666666,0.019000000000000003,0.03983333333333333,0.322034634856485,0.227364578580275,0.265019664081003,0.166959998261739,0.0,0.0186211242204984,0.157158555246321,0.0831544678709703,0.109075411048237,0.17116654514085,0.226767173651834,0.252677847041788,North West,97373,53.6475988,-3.0041751
0.43683333333333335,0.022166666666666668,0.36216666666666664,0.07633333333333334,0.043166666666666666,0.019000000000000003,0.03983333333333333,0.514961461302925,0.192461197339246,0.0667933692323936,0.216112342941611,0.0,0.0096716291838243,0.190316157544558,0.0865815161963964,0.130688164732165,0.213267932591909,0.198562478752853,0.180583750182118,South East,102956,51.4250347,-0.459286076091549
0.43683333333333335,0.022166666666666668,0.36216666666666664,0.07633333333333334,0.043166666666666666,0.019000000000000003,0.03983333333333333,0.336404986919941,0.441446112512078,0.0465932926398152,0.171219155805897,0.0,0.004336452122269,0.192637598284489,0.0900748433755203,0.12211453559265,0.188664171887483,0.204074338813438,0.20243451204642,Wales,95132,53.70522395,-1.69882757047425
0.43683333333333335,0.022166666666666668,0.36216666666666664,0.07633333333333334,0.043166666666666666,0.019000000000000003,0.03983333333333333,0.484599916379636,0.241603121826906,0.192287016943078,0.0815099448503792,0.0,0.0,0.211191607801368,0.0844042965806211,0.12382311270988,0.227479627415319,0.191165683624562,0.161935671868249,Eastern,99523,51.753051,-0.3379675
0.43683333333333335,0.022166666666666668,0.36216666666666664,0.07633333333333334,0.043166666666666666,0.019000000000000003,0.03983333333333333,0.422050498697098,0.107152484499955,0.251033336328511,0.176902686674454,0.0,0.042860993799982,0.170714837054041,0.0866204877853183,0.116843930751727,0.180779293683651,0.214090239281454,0.230951211443808,South West,99756,50.3378673,-4.79176791622137
0.43683333333333335,0.022166666666666668,0.36216666666666664,0.07633333333333334,0.043166666666666666,0.019000000000000003,0.03983333333333333,0.204229783791073,0.592843978963456,0.0459837281431204,0.156942509102351,0.0,0.0,0.180844373009614,0.0878814802982958,0.129581008096317,0.185746089109405,0.207549241781389,0.208397807704979,North West,100169,54.3233651,-1.48706648577979
0.43683333333333335,0.022166666666666668,0.36216666666666664,0.07633333333333334,0.043166666666666666,0.019000000000000003,0.03983333333333333,0.166947642213766,0.627185588362796,0.059293868310775,0.146572901112663,0.0,0.0,0.177261368788419,0.0949674725599148,0.131670233965606,0.186560948093164,0.211560157312611,0.197979819280284,North West,94843,51.1267494,-2.7397217
0.43683333333333335,0.022166666666666668,0.36216666666666664,0.07633333333333334,0.043166666666666666,0.019000000000000003,0.03983333333333333,0.409107452525209,0.10475497227515,0.347085144190627,0.127320216660601,0.0,0.0117322143484125,0.154116437504943,0.0777643456745489,0.0940900001129803,0.162352701924055,0.23089785450396,0.280778660279513,South West,88509,50.2149064,-5.4795083
0.43683333333333335,0.022166666666666668,0.36216666666666664,0.07633333333333334,0.043166666666666666,0.019000000000000003,0.03983333333333333,0.541539293364111,0.183958242352403,0.138686131386861,0.135816332896625,0.0,0.0,0.20289868783289,0.0866389790261392,0.1241781217184,0.223276538981864,0.188679602281865,0.174328070158841,Wales,105702,51.1267494,-2.7397217
0.43683333333333335,0.022166666666666668,0.36216666666666664,0.07633333333333334,0.043166666666666666,0.019000000000000003,0.03983333333333333,0.515007660272317,0.278661286494185,0.0351940961957577,0.141682670521977,0.0,0.0294542865157628,0.170128826179849,0.0836206714192033,0.127006959575233,0.184111437818628,0.214562223679479,0.220569881327608,West Midlands,94546,52.8063157,-2.1163818
0.43683333333333335,0.022166666666666668,0.36216666666666664,0.07633333333333334,0.043166666666666666,0.019000000000000003,0.03983333333333333,0.531234339252642,0.270160148164288,0.0441006645604096,0.152914260812725,0.0,0.0015905872099357,0.156487967428162,0.0829197320098091,0.100320321025027,0.16702453447851,0.23149940746477,0.26174803759372,West Midlands,85227,53.07155675,-1.97420071184559
0.43683333333333335,0.022166666666666668,0.36216666666666664,0.07633333333333334,0.043166666666666666,0.019000000000000003,0.03983333333333333,0.300148019599837,0.470778889342589,0.032053899550837,0.197019191506737,0.0,0.0,0.199135132914253,0.0910267471958585,0.135266444800526,0.197080816796088,0.201055918484736,0.176434939808538,North West,97355,53.4840214,-2.0562536
0.43683333333333335,0.022166666666666668,0.36216666666666664,0.07633333333333334,0.043166666666666666,0.019000000000000003,0.03983333333333333,0.458561275037691,0.35184148180056,0.0340727977600689,0.147835451216886,0.0,0.0076889941847943,0.200472146365373,0.0932889195650651,0.146535425982054,0.201132351028819,0.197741299802939,0.160829857255749,Eastern,99971,51.9016663,-0.2027155
0.43683333333333335,0.022166666666666668,0.36216666666666664,0.07633333333333334,0.043166666666666666,0.019000000000000003,0.03983333333333333,0.253382896257848,0.523538611482581,0.0651193363403522,0.152972642172307,0.0,0.0049865137469117,0.19879058410591,0.09070619205677,0.156613635496547,0.21383197894014,0.189386135591927,0.150671473808706,North West,104843,53.407901,-2.160243
0.43683333333333335,0.022166666666666668,0.36216666666666664,0.07633333333333334,0.043166666666666666,0.019000000000000003,0.03983333333333333,0.301656658176975,0.478468116924083,0.0228287029464682,0.182232399467252,0.0,0.0148141224852209,0.199025453224781,0.0940245957043269,0.140007869011228,0.185587603280772,0.202637127609132,0.178717351169759,North East,99124,54.5658658,-1.312888
0.43683333333333335,0.022166666666666668,0.36216666666666664,0.07633333333333334,0.043166666666666666,0.019000000000000003,0.03983333333333333,0.451676618157877,0.392580652484846,0.0276976865620814,0.117306513496946,0.0,0.0107385292982495,0.18804055089663,0.0842000394123185,0.107442359484137,0.191872304087933,0.217818747126185,0.210625998992796,Wales,91340,54.54583725,-1.33274058959327
0.43683333333333335,0.022166666666666668,0.36216666666666664,0.07633333333333334,0.043166666666666666,0.019000000000000003,0.03983333333333333,0.260523124891737,0.406795179530326,0.0403355522011333,0.232337729826037,0.0,0.0600084135507658,0.198524854344862,0.131620889337513,0.150879243478723,0.190679842037224,0.178407621881032,0.149887548920647,West Midlands,112941,53.03285865,-2.19944008999086
0.43683333333333335,0.022166666666666668,0.36216666666666664,0.07633333333333334,0.043166666666666666,0.019000000000000003,0.03983333333333333,0.291832252666806,0.404361012340515,0.0313741895001045,0.248300564735411,0.0,0.0241319807571637,0.199268319427415,0.0988765613006768,0.133825772301803,0.18403660396543,0.193656110130885,0.19033663287379,West Midlands,100318,52.98606945,-2.17512279001374
0.43683333333333335,0.022166666666666668,0.36216666666666664,0.07633333333333334,0.043166666666666666,0.019000000000000003,0.03983333333333333,0.408541176470588,0.3392,0.0406823529411764,0.201223529411765,0.0,0.0103529411764705,0.190133988104058,0.0881717926465296,0.116112439938192,0.18073577037868,0.203437546303156,0.221408462629384,West Midlands,94489,53.0028962,-2.184813
0.43683333333333335,0.022166666666666668,0.36216666666666664,0.07633333333333334,0.043166666666666666,0.019000000000000003,0.03983333333333333,0.566629555089282,0.226030916798698,0.0352845458827559,0.159037382777373,0.0,0.0130175994518905,0.158309725648179,0.0889192886456908,0.114189385697513,0.177203054816506,0.222928358305417,0.238450186886694,Wales,92837,52.9033037,-2.1477653
0.43683333333333335,0.022166666666666668,0.36216666666666664,0.07633333333333334,0.043166666666666666,0.019000000000000003,0.03983333333333333,0.464291267743297,0.325899104782638,0.0305440167048004,0.179265610769265,0.0,0.0,0.181379726121781,0.0965248471277237,0.126302644044441,0.185029282576867,0.202232796486091,0.208530703643097,West Midlands,92889,52.4577615,-2.1474345
0.43683333333333335,0.022166666666666668,0.36216666666666664,0.07633333333333334,0.043166666666666666,0.019000000000000003,0.03983333333333333,0.173706768741408,0.697118365366472,0.0363641264792301,0.0739143326953662,0.0,0.0188964067175243,0.182734995889285,0.132709548604314,0.262584661159613,0.232384606350076,0.12377559409623,0.0658105939004815,Wales,127715,52.1927803,-1.70634
0.43683333333333335,0.022166666666666668,0.36216666666666664,0.07633333333333334,0.043166666666666666,0.019000000000000003,0.03983333333333333,0.601533837703389,0.135350813555809,0.125318685874184,0.137796662866618,0.0,0.0,0.160102226475816,0.0762596889033791,0.0989030636391363,0.174615861931155,0.226412713103289,0.263706445947225,West Midlands,95083,52.1927803,-1.70634
0.43683333333333335,0.022166666666666668,0.36216666666666664,0.07633333333333334,0.043166666666666666,0.019000000000000003,0.03983333333333333,0.258400073644481,0.616289238700175,0.070652674215226,0.0451072447758446,0.0,0.0095507686642732,0.181332118942805,0.0974295400495876,0.193062794110206,0.238922903068023,0.176820320801498,0.11243232302788,Wales,118578,51.429769,-0.1311105
0.43683333333333335,0.022166666666666668,0.36216666666666664,0.07633333333333334,0.043166666666666666,0.019000000000000003,0.03983333333333333,0.292223805968461,0.55659630308378,0.030815176813955,0.114663227674834,0.0,0.0057014864589696,0.201355998820871,0.0991844354917952,0.132376928367888,0.209973469588287,0.195470177852019,0.161638989879139,North West,101770,53.4480136,-2.34841222424097
0.43683333333333335,0.022166666666666668,0.36216666666666664,0.07633333333333334,0.043166666666666666,0.019000000000000003,0.03983333333333333,0.486640147472591,0.375919278160473,0.0463374405743669,0.0855341030367711,0.0,0.005569030755797,0.169407329493975,0.0831363319204773,0.104120887703987,0.181612738614707,0.229351301250742,0.232371411016111,South West,96021,51.745424,-2.2198605
0.43683333333333335,0.022166666666666668,0.36216666666666664,0.07633333333333334,0.043166666666666666,0.019000000000000003,0.03983333333333333,0.551722681087475,0.191448911045861,0.0913411774646697,0.165487230401994,0.0,0.0,0.147574564837357,0.0785813107967525,0.0950762003839512,0.154063126736092,0.226423998026619,0.298280799219227,Eastern,93241,52.15030275,1.39985666680792
0.43683333333333335,0.022166666666666668,0.36216666666666664,0.07633333333333334,0.043166666666666666,0.019000000000000003,0.03983333333333333,0.24415817855003,0.523242460555223,0.0275863790693029,0.199645496305173,0.0,0.0053674855202716,0.166950666201318,0.107782955921904,0.133229998562894,0.180408138126424,0.212127122297727,0.199501118889733,North East,97414,54.90598015,-1.39485326231837
0.43683333333333335,0.022166666666666668,0.36216666666666664,0.07633333333333334,0.043166666666666666,0.019000000000000003,0.03983333333333333,0.623195673978457,0.121058828659893,0.0968557847455409,0.147115258819938,0.0,0.0117744537961711,0.182423136891235,0.0981463176023397,0.116764666918036,0.20069500351578,0.207695992010517,0.194274883062092,South East,98129,51.33588905,-0.691653419464288
0.43683333333333335,0.022166666666666668,0.36216666666666664,0.07633333333333334,0.043166666666666666,0.019000000000000003,0.03983333333333333,0.603775272857398,0.120772946859903,0.0943147253533727,0.181137054929325,0.0,0.0,0.169869043688786,0.0814570265214042,0.100880378562782,0.16674369979091,0.225409926268295,0.255639925167822,Wales,90870,51.0160096,-0.454637005673217
0.43683333333333335,0.022166666666666668,0.36216666666666664,0.07633333333333334,0.043166666666666666,0.019000000000000003,0.03983333333333333,0.424370610702698,0.113515955480718,0.344120908456199,0.109326871740113,0.0,0.0086656536202718,0.205409796893668,0.0844062126642771,0.131326164874552,0.237352449223417,0.181228195937873,0.160277180406213,London,104625,51.363362,-0.1971463
0.43683333333333335,0.022166666666666668,0.36216666666666664,0.07633333333333334,0.043166666666666666,0.019000000000000003,0.03983333333333333,0.562070081735049,0.229930403819697,0.0531480132718297,0.151513312292628,0.0,0.0033381888807963,0.183534157314992,0.0835289858819879,0.102839116719243,0.192056678905725,0.208326007136577,0.229715054041475,West Midlands,96685,52.5623089,-1.8239794
0.43683333333333335,0.022166666666666668,0.36216666666666664,0.07633333333333334,0.043166666666666666,0.019000000000000003,0.03983333333333333,0.197115714776239,0.487375529357903,0.0694517568959597,0.156392354355042,0.0852008698637976,0.0044637747510587,0.166317521355258,0.171339474464564,0.134090930830966,0.174314383830268,0.177700615069686,0.176237074449259,Wales,104543,51.6785,-3.99494210632912
0.43683333333333335,0.022166666666666668,0.36216666666666664,0.07633333333333334,0.043166666666666666,0.019000000000000003,0.03983333333333333,0.520522303910514,0.287199494835596,0.0337152135672725,0.158562987686618,0.0,0.0,0.208451604413783,0.0916217079910521,0.132930428407617,0.217784837490836,0.191147997067504,0.158063424629208,Wales,106394,51.56823085,-1.78694496076881
0.43683333333333335,0.022166666666666668,0.36216666666666664,0.07633333333333334,0.043166666666666666,0.019000000000000003,0.03983333333333333,0.484773593599464,0.348573702509111,0.0376576048255351,0.12899509906589,0.0,0.0,0.192318241742685,0.0944337777935074,0.153024659134143,0.21478309340742,0.19721998566638,0.148220242255864,Wales,113019,51.5649667,-1.7779576
0.43683333333333335,0.022166666666666668,0.36216666666666664,0.07633333333333334,0.043166666666666666,0.019000000000000003,0.03983333333333333,0.514367269267364,0.265228882545724,0.0316946823131409,0.188645734221376,0.0,6.34316523945449e-05,0.182114355740204,0.0977373942672684,0.129041256936765,0.185770790367736,0.202976955495113,0.202359247192914,West Midlands,100372,52.6345819,-1.6948438
0.43683333333333335,0.022166666666666668,0.36216666666666664,0.07633333333333334,0.043166666666666666,0.019000000000000003,0.03983333333333333,0.586305307891009,0.221377385217898,0.0836596950254145,0.108095158736772,0.0,0.0005624531289059,0.179529361276017,0.0758171804591946,0.0947101678808995,0.195990476871673,0.217366425863672,0.236586387648543,North West,97868,53.9742358,-2.0351478
0.43683333333333335,0.022166666666666668,0.36216666666666664,0.07633333333333334,0.043166666666666666,0.019000000000000003,0.03983333333333333,0.504006574892131,0.0967536470104787,0.223649065132525,0.125251695089377,0.0,0.0503390178754879,0.178593935349941,0.0884675266903914,0.124953662514828,0.182050711743772,0.200455960854092,0.225478202846975,Wales,107904,50.9842844,-3.20757049300792
0.43683333333333335,0.022166666666666668,0.36216666666666664,0.07633333333333334,0.043166666666666666,0.019000000000000003,0.03983333333333333,0.408530481701213,0.383285724749139,0.023975194706902,0.184208598842745,0.0,0.0,0.211921414463326,0.0985754224592807,0.145034016201826,0.196835968436018,0.188973598084024,0.158659580355524,West Midlands,104804,52.6780419,-2.4514273
0.43683333333333335,0.022166666666666668,0.36216666666666664,0.07633333333333334,0.043166666666666666,0.019000000000000003,0.03983333333333333,0.55598904109589,0.158772602739726,0.153906849315068,0.130564383561644,0.0,0.0007671232876712,0.180890374802041,0.0836757719100309,0.120296860605935,0.187773648963369,0.205256130254319,0.222107213464305,South West,96611,51.9925394,-2.15601695929084
0.43683333333333335,0.022166666666666668,0.36216666666666664,0.07633333333333334,0.043166666666666666,0.019000000000000003,0.03983333333333333,0.515693920603465,0.263866692237209,0.046154829636259,0.174284557523067,0.0,0.0,0.174013771205996,0.114101641099481,0.11965811965812,0.183696073544886,0.207020361448007,0.20151003304351,West Midlands,108342,52.6693074,-2.5514357
0.43683333333333335,0.022166666666666668,0.36216666666666664,0.07633333333333334,0.043166666666666666,0.019000000000000003,0.03983333333333333,0.54944269190326,0.15875920084122,0.0905993690851735,0.156529968454259,0.0,0.0446687697160883,0.15179567715006,0.0789870645121296,0.101799809893788,0.156744637765012,0.233892631317932,0.276780179361078,Yorkshire & the Humber,96789,54.2327725,-1.3423775
0.43683333333333335,0.022166666666666668,0.36216666666666664,0.07633333333333334,0.043166666666666666,0.019000000000000003,0.03983333333333333,0.426595206795429,0.0944483769845282,0.367114976236222,0.11184143998382,0.0,0.0,0.175699354128889,0.0877630855117051,0.117061592062101,0.178898147959495,0.214675740103095,0.225902080234714,South West,98163,50.8532148,-4.2731341
0.43683333333333335,0.022166666666666668,0.36216666666666664,0.07633333333333334,0.043166666666666666,0.019000000000000003,0.03983333333333333,0.336779716825815,0.325979585116892,0.0129733289430358,0.317133135769948,0.0,0.007134233344309,0.236234355340706,0.100150652274684,0.155080789351698,0.228461691278723,0.169276869081518,0.110795642672671,Eastern,120808,51.5080169,0.396281739543767
0.43683333333333335,0.022166666666666668,0.36216666666666664,0.07633333333333334,0.043166666666666666,0.019000000000000003,0.03983333333333333,0.244363345498175,0.497325401189822,0.018047292906064,0.240263960405939,0.0,0.0,0.22164130005702,0.107136277906926,0.137620071055748,0.197184087021361,0.186201149173209,0.150217114785736,Wales,113995,52.5290396,-2.0693747
0.43683333333333335,0.022166666666666668,0.36216666666666664,0.07633333333333334,0.043166666666666666,0.019000000000000003,0.03983333333333333,0.530538893649434,0.147910120917833,0.136246786632391,0.177425497476911,0.0,0.0078787013234314,0.156388341003726,0.0796515450361604,0.0918584264738111,0.157111549419242,0.22743808897655,0.287552049090511,Wales,91260,50.9025623,-3.4875797
0.43683333333333335,0.022166666666666668,0.36216666666666664,0.07633333333333334,0.043166666666666666,0.019000000000000003,0.03983333333333333,0.613502914220094,0.153359478257101,0.0697462786817758,0.163174658202067,0.0,0.0002166706389617,0.192141130483979,0.0879082446124569,0.102134444273003,0.192058838656586,0.210399629686777,0.215357712287198,Wales,97215,51.1889529,0.2735876
0.43683333333333335,0.022166666666666668,0.36216666666666664,0.07633333333333334,0.043166666666666666,0.019000000000000003,0.03983333333333333,0.436818110972568,0.4921875,0.0410497194513715,0.0299446695760598,0.0,0.0,0.163673138404467,0.105958783449999,0.266742475789238,0.222422101466161,0.145618760893678,0.0955847399964581,London,107287,51.4278214,-0.1679667
0.43683333333333335,0.022166666666666668,0.36216666666666664,0.07633333333333334,0.043166666666666666,0.019000000000000003,0.03983333333333333,0.422790224895176,0.0903180720850451,0.346067510905934,0.140824192113845,0.0,0.0,0.160346363470914,0.0837172769854117,0.109943581835075,0.168124215749193,0.220327780917442,0.257540781041964,South West,104400,50.446247,-3.53949981419378
0.43683333333333335,0.022166666666666668,0.36216666666666664,0.07633333333333334,0.043166666666666666,0.019000000000000003,0.03983333333333333,0.270273458698063,0.43364084656584,0.036642049878489,0.183163060661114,0.0561781846495057,0.0201023995469881,0.185992327532023,0.0919070634387394,0.131288064327359,0.176358395283816,0.20685320444743,0.207600944970632,Wales,92276,51.70148,-3.05205033541131
0.43683333333333335,0.022166666666666668,0.36216666666666664,0.07633333333333334,0.043166666666666666,0.019000000000000003,0.03983333333333333,0.546694155830901,0.114331788768907,0.142113535691686,0.196840106962788,0.0,2.04127457184266e-05,0.152061855670103,0.0769005112731539,0.0935902271393848,0.152355209119102,0.237888693319923,0.287203503478334,Wales,95449,50.86260145,-4.26120556324792
0.43683333333333335,0.022166666666666668,0.36216666666666664,0.07633333333333334,0.043166666666666666,0.019000000000000003,0.03983333333333333,0.138709760961334,0.740009841245177,0.0488695517053842,0.0366974853028772,0.0,0.0357133607852277,0.196966472698988,0.118633371735509,0.205001577669012,0.231653176985111,0.160217791703662,0.0875276092077166,London,136277,51.5976955,-0.0672892
0.43683333333333335,0.022166666666666668,0.36216666666666664,0.07633333333333334,0.043166666666666666,0.019000000000000003,0.03983333333333333,0.478600961001229,0.168286959436809,0.184042909822326,0.128997653369091,0.0,0.0400715163705441,0.153033049489925,0.132113649776579,0.113323075626001,0.169220554759295,0.1956095607453,0.2367001096029,South West,94888,50.2633173,-5.0518107
0.43683333333333335,0.022166666666666668,0.36216666666666664,0.07633333333333334,0.043166666666666666,0.019000000000000003,0.03983333333333333,0.618856240644672,0.149828784678792,0.0890319670282351,0.132891796017962,0.0,0.0093912116303389,0.197657102205359,0.0831965852501778,0.115010671093194,0.208745553711169,0.205122124733223,0.190267963006877,South East,105426,51.1371483,0.2673446
0.43683333333333335,0.022166666666666668,0.36216666666666664,0.07633333333333334,0.043166666666666666,0.019000000000000003,0.03983333333333333,0.429621848739496,0.119729470735663,0.395750405425328,0.0515443019312988,0.0,0.0033539731682146,0.199904971305061,0.0890661101587538,0.110792278452709,0.237758068122531,0.203454572557203,0.159023999403742,London,107335,51.4467444,-0.3281887
0.43683333333333335,0.022166666666666668,0.36216666666666664,0.07633333333333334,0.043166666666666666,0.019000000000000003,0.03983333333333333,0.331167878622771,0.506255369978415,0.0319788763385653,0.129864414593768,0.0,0.0007334604664808,0.175355898038886,0.0809641792298324,0.107073867215387,0.198284550455633,0.214546676185277,0.223774828874984,North East,95252,55.0177847,-1.4256042
0.43683333333333335,0.022166666666666668,0.36216666666666664,0.07633333333333334,0.043166666666666666,0.019000000000000003,0.03983333333333333,0.534831223628692,0.261877637130802,0.0510759493670886,0.140864978902953,0.0,0.0113502109704641,0.201188182402055,0.129500050704797,0.14725518034006,0.220895446709259,0.169075144508671,0.132085995335159,London,118333,51.5449509,-0.4816672
0.43683333333333335,0.022166666666666668,0.36216666666666664,0.07633333333333334,0.043166666666666666,0.019000000000000003,0.03983333333333333,0.469899593179261,0.33296546351597,0.0260538388297411,0.109257335756946,0.0571063792954211,0.0047173894226607,0.186553802798996,0.0910362216736765,0.120784820586708,0.182623343327224,0.208176627008931,0.210825184604464,Wales,94390,51.4470646,-3.39888314748466
0.43683333333333335,0.022166666666666668,0.36216666666666664,0.07633333333333334,0.043166666666666666,0.019000000000000003,0.03983333333333333,0.251315365617953,0.585686674540964,0.10488027488457,0.0386019542574895,0.0,0.0195157306990228,0.142069099003194,0.139678699312881,0.250266137617342,0.208690602922675,0.16987322171683,0.0894222394270782,Wales,103329,51.4874834,-0.1229297
0.43683333333333335,0.022166666666666668,0.36216666666666664,0.07633333333333334,0.043166666666666666,0.019000000000000003,0.03983333333333333,0.399920522044675,0.389860286120639,0.0364134526897013,0.164477537019995,0.0,0.0093282021249895,0.189872582029445,0.0922672099142687,0.142338416848221,0.202840732252497,0.198077884352394,0.174603174603175,Wales,106029,53.7285927,-1.49541069754893
0.43683333333333335,0.022166666666666668,0.36216666666666664,0.07633333333333334,0.043166666666666666,0.019000000000000003,0.03983333333333333,0.255082037076497,0.604453441295547,0.0250799062433411,0.114724057106329,0.0,0.0006605582782868,0.184231538995987,0.08848630655481,0.124697976833656,0.178839194051829,0.215838976284052,0.207906007279666,North West,96433,53.4241208,-3.0394101
0.43683333333333335,0.022166666666666668,0.36216666666666664,0.07633333333333334,0.043166666666666666,0.019000000000000003,0.03983333333333333,0.339963420210334,0.441655235482396,0.019753086419753,0.19122085048011,0.0,0.0074074074074074,0.237026492550036,0.118057212997375,0.141711275529339,0.195190766817825,0.167658290429268,0.140355961676157,Wales,117315,52.597305,-2.0009559
0.43683333333333335,0.022166666666666668,0.36216666666666664,0.07633333333333334,0.043166666666666666,0.019000000000000003,0.03983333333333333,0.142685575571739,0.735377539287083,0.042442826114731,0.0640603040756356,0.0,0.0154337549508112,0.208622985369679,0.0972332274112255,0.196124721239697,0.265706560363348,0.152405303185015,0.0799072024310349,Wales,122415,51.5844701,-0.0188186
0.43683333333333335,0.022166666666666668,0.36216666666666664,0.07633333333333334,0.043166666666666666,0.019000000000000003,0.03983333333333333,0.289827080824377,0.491922106841782,0.0425821990956395,0.175668613238201,0.0,0.0,0.17825029748047,0.0926380050701019,0.12851156293652,0.193222618862848,0.215655233069481,0.191722282580578,North West,96644,53.4298941,-2.59644523900819
0.43683333333333335,0.022166666666666668,0.36216666666666664,0.07633333333333334,0.043166666666666666,0.019000000000000003,0.03983333333333333,0.449799353255153,0.402735029415202,0.0578563914754353,0.08549888962481,0.0,0.0041103362293996,0.182102529802888,0.0904906165165047,0.129145847267577,0.205187472951174,0.207921863319825,0.185151670142031,North West,101668,53.3833092,-2.6025997
0.43683333333333335,0.022166666666666668,0.36216666666666664,0.07633333333333334,0.043166666666666666,0.019000000000000003,0.03983333333333333,0.505819213686462,0.35057164007238,0.0549843724296759,0.0879667708504688,0.0,0.0006580029610133,0.174230069028294,0.123909580520367,0.153540544640825,0.203879996965789,0.176714329060153,0.167725479784571,West Midlands,105463,52.2818956,-1.5263935624537
0.43683333333333335,0.022166666666666668,0.36216666666666664,0.07633333333333334,0.043166666666666666,0.019000000000000003,0.03983333333333333,0.191505051249908,0.55389228916255,0.0494063859597374,0.19784676646265,0.0,0.0073495071651549,0.182807410854025,0.0922126813586565,0.119739012732118,0.185546296687957,0.208768664608096,0.210925933759147,Wales,94561,54.93375995,-1.49616490607933
0.43683333333333335,0.022166666666666668,0.36216666666666664,0.07633333333333334,0.043166666666666666,0.019000000000000003,0.03983333333333333,0.456726196766353,0.263151220543168,0.174997358131671,0.102145197083377,0.0,0.0029800274754306,0.207961832545736,0.0948290718451533,0.160016689191028,0.23927220614779,0.170810242083972,0.12710995818632,Eastern,110251,51.6553875,-0.3957425
0.43683333333333335,0.022166666666666668,0.36216666666666664,0.07633333333333334,0.043166666666666666,0.019000000000000003,0.03983333333333333,0.562847920662394,0.214365907283529,0.0718529260420077,0.150278336529915,0.0,0.0006549094821537,0.147630764346377,0.0764686539748052,0.0902339187917408,0.160182780946334,0.233215788101096,0.292268093839647,Wales,88193,52.4247806,1.2237297
0.43683333333333335,0.022166666666666668,0.36216666666666664,0.07633333333333334,0.043166666666666666,0.019000000000000003,0.03983333333333333,0.517365359167062,0.154902499313375,0.137524656063519,0.183466080747048,0.0,0.006741404708996,0.17521731169013,0.0835640194314889,0.0938398733290966,0.168097459041997,0.227102833938323,0.252178502568963,Wales,92839,51.1834284,0.282926878859297
0.43683333333333335,0.022166666666666668,0.36216666666666664,0.07633333333333334,0.043166666666666666,0.019000000000000003,0.03983333333333333,0.537005824497024,0.21800260288878,0.044995839644983,0.199995732969213,0.0,0.0,0.194904855059577,0.0953583496354259,0.133069535834964,0.201129290414369,0.195438378089988,0.180099590965677,Wales,112460,52.30189,-0.6937309
0.43683333333333335,0.022166666666666668,0.36216666666666664,0.07633333333333334,0.043166666666666666,0.019000000000000003,0.03983333333333333,0.494981136389619,0.105796273007888,0.268114782211044,0.127152166457071,0.0,0.0039556419343775,0.161097003555104,0.083719880367925,0.0933807347215168,0.163218779978557,0.231849218441397,0.2667343829355,Wales,88605,51.28232,-2.68003863636364
0.43683333333333335,0.022166666666666668,0.36216666666666664,0.07633333333333334,0.043166666666666666,0.019000000000000003,0.03983333333333333,0.521679683453834,0.270887282219138,0.0647800957096393,0.135277910132378,0.0,0.0073750284850117,0.187718681318681,0.146901098901099,0.136043956043956,0.199657142857143,0.17767032967033,0.152008791208791,Eastern,113750,51.77310555,-0.209517052973229
0.43683333333333335,0.022166666666666668,0.36216666666666664,0.07633333333333334,0.043166666666666666,0.019000000000000003,0.03983333333333333,0.279375221867235,0.482877765944859,0.0194533191338303,0.218293693054076,0.0,0.0,0.211645985138157,0.10911911117524,0.138040184690859,0.205901450111824,0.18131808671813,0.153975182165789,Wales,110888,52.5186579,-1.9923114
0.43683333333333335,0.022166666666666668,0.36216666666666664,0.07633333333333334,0.043166666666666666,0.019000000000000003,0.03983333333333333,0.532796364300351,0.106108868104445,0.228103633670799,0.132970845421899,0.0,2.02885025056301e-05,0.145214027739192,0.077329942512769,0.08256576838416,0.143750133566986,0.230547304083944,0.320592823712948,South West,93589,50.79511975,-2.59936646463172
0.43683333333333335,0.022166666666666668,0.36216666666666664,0.07633333333333334,0.043166666666666666,0.019000000000000003,0.03983333333333333,0.151454649172847,0.741922937302287,0.0251776175906238,0.0709951770989991,0.0,0.0104496188352434,0.201345216320403,0.126942948545111,0.220962347059981,0.235245250570223,0.146232155479607,0.0692720820246744,Wales,137226,50.9095379,-1.40686556127035
0.43683333333333335,0.022166666666666668,0.36216666666666664,0.07633333333333334,0.043166666666666666,0.019000000000000003,0.03983333333333333,0.335052189462303,0.508878446375847,0.0269888135734187,0.12596165841893,0.0,0.0031188921695013,0.16453263769963,0.142518618821936,0.106396112947549,0.166693217571389,0.208779720418973,0.211079692540523,North West,100436,53.6109397,-2.85657133250708
0.43683333333333335,0.022166666666666668,0.36216666666666664,0.07633333333333334,0.043166666666666666,0.019000000000000003,0.03983333333333333,0.542791486802826,0.182505422760561,0.0536262697850224,0.220926486695445,0.0,0.0001503339561454,0.183947252598436,0.100094796357111,0.148449402444392,0.18916951620002,0.187442868266919,0.190896164133121,Eastern,118148,52.25813755,0.617482577783891
0.43683333333333335,0.022166666666666668,0.36216666666666664,0.07633333333333334,0.043166666666666666,0.019000000000000003,0.03983333333333333,0.599703528016602,0.143176203182133,0.103666370194683,0.153453898606582,0.0,0.0,0.15421502748931,0.0819894115251476,0.0896456933414783,0.156363266137243,0.23366931378538,0.284117287721442,West Midlands,98221,52.2294183,-2.15530542680796
0.43683333333333335,0.022166666666666668,0.36216666666666664,0.07633333333333334,0.043166666666666666,0.019000000000000003,0.03983333333333333,0.41636126720417,0.0803811385291961,0.422774655916605,0.0804829383500285,0.0,0.0,0.137599947208077,0.0792098808882241,0.0981819781573419,0.165260715110588,0.240269238806463,0.279478239829306,North West,90922,54.20338915,-2.61424233573436
0.43683333333333335,0.022166666666666668,0.36216666666666664,0.07633333333333334,0.043166666666666666,0.019000000000000003,0.03983333333333333,0.504479782343559,0.192020827469744,0.109813303311755,0.187470682052725,0.0,0.0062154048222159,0.176952524429127,0.0907927728994046,0.127041779740592,0.187756028602974,0.201242351387327,0.216214542940575,Wales,96914,51.3471927,-2.9778916
0.43683333333333335,0.022166666666666668,0.36216666666666664,0.07633333333333334,0.043166666666666666,0.019000000000000003,0.03983333333333333,0.523799377849747,0.275386713256914,0.0629607533983892,0.13071547279158,0.0,0.0071376827033706,0.17071465250691,0.0766549761272629,0.0909239896424006,0.176614550897549,0.22998677985731,0.255105050968567,Wales,91528,53.9259798,-1.37763421146956
0.43683333333333335,0.022166666666666668,0.36216666666666664,0.07633333333333334,0.043166666666666666,0.019000000000000003,0.03983333333333333,0.348354386118274,0.435880064688142,0.0391844049128021,0.174789107915556,0.0,0.0017920363652257,0.170622124768907,0.0864504062943376,0.119362397351563,0.171234790833656,0.228352465712197,0.22397781503934,Wales,93036,54.5474199,-3.5885335
0.43683333333333335,0.022166666666666668,0.36216666666666664,0.07633333333333334,0.043166666666666666,0.019000000000000003,0.03983333333333333,0.171438797423049,0.65848246241947,0.0329754235266046,0.132760677642567,0.0,0.0043426389883082,0.187251039140977,0.0953303602355386,0.126753550398337,0.187337634222376,0.216357810876342,0.186969605126429,Wales,92384,53.3646888,-2.7283328
0.43683333333333335,0.022166666666666668,0.36216666666666664,0.07633333333333334,0.043166666666666666,0.019000000000000003,0.03983333333333333,0.213289413902771,0.536687869150386,0.0285097682871422,0.200318037255793,0.0,0.0211949114039073,0.184046447774854,0.0942588567288258,0.135320138809442,0.189480608626015,0.20705106204477,0.189842886016093,North West,104890,53.5457188,-2.6264624
0.43683333333333335,0.022166666666666668,0.36216666666666664,0.07633333333333334,0.043166666666666666,0.019000000000000003,0.03983333333333333,0.520082938388626,0.250710900473934,0.170912322274882,0.0571879936808846,0.0,0.0011058451816745,0.193716992925276,0.0792079207920792,0.160354370295218,0.248738597556004,0.172420352739757,0.145561765691665,London,110395,51.4214787,-0.2064027
0.43683333333333335,0.022166666666666668,0.36216666666666664,0.07633333333333334,0.043166666666666666,0.019000000000000003,0.03983333333333333,0.590005763045863,0.0933241620345411,0.221598408655723,0.0950716662638731,0.0,0.0,0.176102249840115,0.131153174307723,0.0977921594456057,0.183490354419022,0.199087464085603,0.212374597901931,South East,104765,51.0612766,-1.3131692
0.43683333333333335,0.022166666666666668,0.36216666666666664,0.07633333333333334,0.043166666666666666,0.019000000000000003,0.03983333333333333,0.621953040029003,0.177112878804035,0.0802925934614318,0.112985434305091,0.0,0.0076560534004393,0.192694146297466,0.131956345269234,0.109966627581853,0.207071344818256,0.195562370343646,0.162749165689546,South East,110871,51.4837886,-0.604041866503269
0.43683333333333335,0.022166666666666668,0.36216666666666664,0.07633333333333334,0.043166666666666666,0.019000000000000003,0.03983333333333333,0.423659662497366,0.463443599517306,0.0347462983891049,0.0735150458750742,0.0,0.0046353937211485,0.163324988620847,0.0771506599908966,0.0894629039599453,0.167137005006827,0.22212107419208,0.280803368229404,North West,87880,53.29043325,-3.04149328259076
0.43683333333333335,0.022166666666666668,0.36216666666666664,0.07633333333333334,0.043166666666666666,0.019000000000000003,0.03983333333333333,0.597163416414642,0.167608718323078,0.0629471269162582,0.169965585566795,0.0,0.0023151527792261,0.18182972447674,0.0855382030921894,0.120757518044283,0.187299168839794,0.204654887827556,0.219920497719437,Eastern,102387,51.8019608,0.6383746
0.43683333333333335,0.022166666666666668,0.36216666666666664,0.07633333333333334,0.043166666666666666,0.019000000000000003,0.03983333333333333,0.616425479823373,0.177720456433349,0.0885760503650592,0.103812355178595,0.0,0.013465658199624,0.18610939749126,0.0873432037836726,0.129570224141476,0.193810405099733,0.206549455068887,0.19661731441497,South East,97260,51.7838848,-1.4852861
0.43683333333333335,0.022166666666666668,0.36216666666666664,0.07633333333333334,0.043166666666666666,0.019000000000000003,0.03983333333333333,0.58568474561668,0.168267780984793,0.121289794511696,0.117800370482057,0.0,0.0069573084047731,0.20165666127915,0.0864888786269529,0.132003771261448,0.228103594243054,0.18615793119372,0.165589163395675,South East,103943,51.3201891,-0.5564726
0.43683333333333335,0.022166666666666668,0.36216666666666664,0.07633333333333334,0.043166666666666666,0.019000000000000003,0.03983333333333333,0.611983776637462,0.150626302462635,0.120689268828288,0.111882940820579,0.0,0.0048177112510363,0.2062793964938,0.0818520554639301,0.106550200557897,0.221143078207399,0.199254779793537,0.184920489483436,South East,98225,51.4570846,-0.886537030321237
0.43683333333333335,0.022166666666666668,0.36216666666666664,0.07633333333333334,0.043166666666666666,0.019000000000000003,0.03983333333333333,0.314195382449055,0.453014160843806,0.0268870054996147,0.202343314115678,0.0,0.0035601370918462,0.213244298178478,0.103407699372417,0.13704461962345,0.188255778356038,0.188571483238941,0.169476121230675,West Midlands,104528,52.5847651,-2.127567
0.43683333333333335,0.022166666666666668,0.36216666666666664,0.07633333333333334,0.043166666666666666,0.019000000000000003,0.03983333333333333,0.274654547971118,0.505478788438026,0.021430713511269,0.196244434704376,0.0,0.0021915153752105,0.232542214353715,0.105665324937785,0.143796034940624,0.20267900389157,0.172473402034306,0.142844019841999,West Midlands,119746,52.5847651,-2.127567
0.43683333333333335,0.022166666666666668,0.36216666666666664,0.07633333333333334,0.043166666666666666,0.019000000000000003,0.03983333333333333,0.394193373957532,0.45542083480648,0.0223363766819873,0.127030343364599,0.0,0.0010190711894016,0.192719429058372,0.105791080812385,0.130237182218435,0.203264806135492,0.189222056526062,0.178765445249254,Wales,112655,52.58454555,-2.03883458939562
0.43683333333333335,0.022166666666666668,0.36216666666666664,0.07633333333333334,0.043166666666666666,0.019000000000000003,0.03983333333333333,0.47242080546762,0.354053544099457,0.0351579697687582,0.133713495041825,0.0,0.00465418562234,0.175841420209489,0.12093730745533,0.140316928527418,0.192939386937769,0.193873228589033,0.176091728280961,West Midlands,103872,52.1911849,-2.2206585
0.43683333333333335,0.022166666666666668,0.36216666666666664,0.07633333333333334,0.043166666666666666,0.019000000000000003,0.03983333333333333,0.27895487419782,0.480722216563105,0.0293113985942752,0.190027503310584,0.0,0.0209840073342161,0.19289130638657,0.0921504267091812,0.15133639688643,0.199324767888962,0.19418550126606,0.170111600862797,Wales,106630,53.4830267,-2.3452464
0.43683333333333335,0.022166666666666668,0.36216666666666664,0.07633333333333334,0.043166666666666666,0.019000000000000003,0.03983333333333333,0.558876523582406,0.160614732379438,0.091552729199788,0.188956014838368,0.0,0.0,0.157715832748421,0.0789331194224405,0.112794545272235,0.179183796249875,0.205294294595408,0.266078411711621,South East,99730,50.818373,-0.3933519
0.43683333333333335,0.022166666666666668,0.36216666666666664,0.07633333333333334,0.043166666666666666,0.019000000000000003,0.03983333333333333,0.319712389380531,0.380685840707965,0.0498672566371681,0.158893805309734,0.0861725663716814,0.0046681415929203,0.181753953915562,0.0933901230331351,0.124748937716368,0.192230442374267,0.205310913513459,0.202565629447209,Wales,99079,53.0465084,-2.9937869
0.43683333333333335,0.022166666666666668,0.36216666666666664,0.07633333333333334,0.043166666666666666,0.019000000000000003,0.03983333333333333,0.546764844117186,0.239027774669322,0.0941339719343792,0.108233924934536,0.0,0.0118394843445759,0.208941743188318,0.104489688393798,0.145011666415776,0.220532891765768,0.178609062170706,0.142414948065633,South East,106288,51.66356185,-0.818083680966309
0.43683333333333335,0.022166666666666668,0.36216666666666664,0.07633333333333334,0.043166666666666666,0.019000000000000003,0.03983333333333333,0.463423214618298,0.197069718353579,0.0254123295325207,0.164869730770027,0.0,0.149225006725576,0.167744348322458,0.0845512612320017,0.111301386715482,0.171238202092376,0.212564094993455,0.252600706644227,West Midlands,101607,52.38505915,-2.23479661415052
0.43683333333333335,0.022166666666666668,0.36216666666666664,0.07633333333333334,0.043166666666666666,0.019000000000000003,0.03983333333333333,0.267371710130994,0.521403677442615,0.0463165484917678,0.152722028602331,0.0,0.0121860353322917,0.224267572436167,0.0911535117986037,0.144872334895726,0.214687088303564,0.178175495828143,0.146843996737796,North West,111581,53.3892271,-2.27304464369023
0.43683333333333335,0.022166666666666668,0.36216666666666664,0.07633333333333334,0.043166666666666666,0.019000000000000003,0.03983333333333333,0.441855854069595,0.0740358877763457,0.344463170417369,0.139645087736691,0.0,0.0,0.171394517282479,0.0867794994040524,0.120781883194279,0.173463647199046,0.20476758045292,0.242812872467223,South West,104875,50.9420451,-2.6318629
0.43683333333333335,0.022166666666666668,0.36216666666666664,0.07633333333333334,0.043166666666666666,0.019000000000000003,0.03983333333333333,0.211676115215026,0.311258088530035,0.02150260550879,0.146624291358873,0.304701368607914,0.004237530779362,0.170315630535149,0.0837858242109236,0.101701559278725,0.159194517843143,0.220694561398415,0.264307906733645,Wales,68878,53.27822575,-4.33134400586235
0.43683333333333335,0.022166666666666668,0.36216666666666664,0.07633333333333334,0.043166666666666666,0.019000000000000003,0.03983333333333333,0.328269819254563,0.457059199084164,0.0909451159104418,0.111155141668318,0.0,0.0125707240825132,0.139718129404228,0.232305298801135,0.153857417406424,0.1750343186602,0.160812665873524,0.138272169854489,Yorkshire & the Humber,109271,53.9568097,-1.0818986
0.43683333333333335,0.022166666666666668,0.36216666666666664,0.07633333333333334,0.043166666666666666,0.019000000000000003,0.03983333333333333,0.513513513513513,0.262237977173534,0.121734319611499,0.102370755896154,0.0,0.0001434338052988,0.165375036076579,0.0885826982073949,0.0965569582366837,0.184177614349392,0.212782332631399,0.252525360498551,Yorkshire & the Humber,93550,53.9443862,-1.0466265
0.43683333333333335,0.022166666666666668,0.36216666666666664,0.07633333333333334,0.043166666666666666,0.019000000000000003,0.03983333333333333,0.122129118263188,0.193125119024948,0.139973338411731,0.0071034088745,0.531860597981337,0.0058084174442963,0.169381991962637,0.0927012056044314,0.169345787625357,0.207269830925744,0.184424894102313,0.176876289779515,Scotland,110000,57.1665496,-2.11159819751901
0.43683333333333335,0.022166666666666668,0.36216666666666664,0.07633333333333334,0.043166666666666666,0.019000000000000003,0.03983333333333333,0.212870322820563,0.270563652140036,0.0471923642223442,0.0154592622762125,0.449930052593366,0.0039843459474774,0.146614676859405,0.123809279496519,0.189018863407042,0.213474595112274,0.17488413455783,0.152198450566928,Scotland,117000,57.134873,-2.06055451985946
0.43683333333333335,0.022166666666666668,0.36216666666666664,0.07633333333333334,0.043166666666666666,0.019000000000000003,0.03983333333333333,0.29607125020809,0.0691068753121358,0.0458007324787747,0.0101756284334942,0.578845513567505,0.0,0.171507707628788,0.0904686819228614,0.11412062490923,0.18122782630345,0.220014938069254,0.222660221166414,Scotland,96400,57.166667,-2.666667
0.43683333333333335,0.022166666666666668,0.36216666666666664,0.07633333333333334,0.043166666666666666,0.019000000000000003,0.03983333333333333,0.0765257920262014,0.339379815666268,0.0150742163716907,0.0247317923201276,0.541475089752472,0.0028132938632403,0.183129831815147,0.104119559833753,0.126353984968882,0.195684475741326,0.216669896849495,0.174042250791394,Scotland,92900,55.8657845,-3.9795866
0.43683333333333335,0.022166666666666668,0.36216666666666664,0.07633333333333334,0.043166666666666666,0.019000000000000003,0.03983333333333333,0.165077225053036,0.277613656640958,0.0229989888375597,0.026072129587406,0.507980252592343,0.0002577472886967,0.174166534160173,0.0947368421052631,0.116711718874224,0.191742195367573,0.225441246621084,0.19720146287168,Scotland,94300,56.1156137,-3.7922423
0.43683333333333335,0.022166666666666668,0.36216666666666664,0.07633333333333334,0.043166666666666666,0.019000000000000003,0.03983333333333333,0.296383978006033,0.105464126159838,0.0317499713620222,0.0253923402955439,0.538164878384054,0.0028447057925083,0.151152945863837,0.0872852233676975,0.103979281836744,0.170865082922456,0.233139100552816,0.253578365456447,Scotland,100000,56.666667,-2.916667
0.43683333333333335,0.022166666666666668,0.36216666666666664,0.07633333333333334,0.043166666666666666,0.019000000000000003,0.03983333333333333,0.19679344336594,0.168221475242663,0.0288930014729765,0.0095932318616157,0.591702232125996,0.0047966159308078,0.17066006051289,0.0885661969900222,0.120849530486551,0.178748029414356,0.211589491515466,0.229586691080713,Scotland,102000,56.5586729,-2.5815669
0.43683333333333335,0.022166666666666668,0.36216666666666664,0.07633333333333334,0.043166666666666666,0.019000000000000003,0.03983333333333333,0.143646408839779,0.10054887516701,0.284819268407179,0.0249340988697504,0.445762467049435,0.0002888816668472,0.144355703897961,0.0942684684489428,0.0958831370084201,0.161022551176323,0.24126832757182,0.263201811896531,Scotland,92300,56.4603494,-5.8618419478791
0.43683333333333335,0.022166666666666668,0.36216666666666664,0.07633333333333334,0.043166666666666666,0.019000000000000003,0.03983333333333333,0.198337451397269,0.272500909804823,0.0163764868126185,0.0245168457545633,0.488268306230726,0.0,0.157895888492593,0.0953370823395549,0.107524999452966,0.161473490733244,0.230388831754228,0.247379707227412,Scotland,91400,55.4628044,-4.6302502
0.43683333333333335,0.022166666666666668,0.36216666666666664,0.07633333333333334,0.043166666666666666,0.019000000000000003,0.03983333333333333,0.118258727562744,0.30714559735094,0.020413108001696,0.0276011064671795,0.525087326104953,0.0014941345124881,0.191018884270671,0.0911828711104693,0.122195979744015,0.207056590930187,0.209923782217225,0.178621891727431,Scotland,97000,55.9009224,-3.6414828
0.43683333333333335,0.022166666666666668,0.36216666666666664,0.07633333333333334,0.043166666666666666,0.019000000000000003,0.03983333333333333,0.364236219604095,0.0496259672468616,0.189203595125627,0.0241880640358777,0.370264855625195,0.002481298362343,0.158552845699167,0.0867830633392476,0.0942687062331363,0.161177545171077,0.239666558179088,0.259551281378282,Scotland,95200,55.75,-2.5
0.43683333333333335,0.022166666666666668,0.36216666666666664,0.07633333333333334,0.043166666666666666,0.019000000000000003,0.03983333333333333,0.0662917271407837,0.0754898403483309,0.355533381712627,0.0254535558780841,0.475362844702467,0.0018686502177068,0.159306593734255,0.0885882026342035,0.0990036911751097,0.166113161763949,0.236512816294635,0.250475534397844,Scotland,97300,58.404267,-3.43402698869502
0.43683333333333335,0.022166666666666668,0.36216666666666664,0.07633333333333334,0.043166666666666666,0.019000000000000003,0.03983333333333333,0.175606934109996,0.267509824652397,0.0182928045642243,0.0,0.538590436673383,0.0,0.163812326153421,0.0899979310820441,0.108917036389968,0.167823728190156,0.229914254844716,0.239534723339693,Scotland,87000,55.6345158,-4.67451219481095
0.43683333333333335,0.022166666666666668,0.36216666666666664,0.07633333333333334,0.043166666666666666,0.019000000000000003,0.03983333333333333,0.0649588830385138,0.336823837977479,0.0110434045238517,0.0214163166301839,0.56573783746475,1.97203652211639e-05,0.178351770824733,0.106197886568149,0.127796582184429,0.195946503756294,0.219000247667794,0.172707008998596,Scotland,96900,55.8390659,-4.019673
0.43683333333333335,0.022166666666666668,0.36216666666666664,0.07633333333333334,0.043166666666666666,0.019000000000000003,0.03983333333333333,0.101063829787234,0.331871228961575,0.0241147983486821,0.0197880279453794,0.523162114957129,0.0,0.173135933693967,0.0876382693788027,0.120443305600371,0.185979564075796,0.215979669524321,0.21682325772674,Scotland,94800,56.1110634,-3.3438843
0.43683333333333335,0.022166666666666668,0.36216666666666664,0.07633333333333334,0.043166666666666666,0.019000000000000003,0.03983333333333333,0.0766969691070837,0.305191645091589,0.0206926086702614,0.0028031379572132,0.594576706702225,3.89324716279613e-05,0.182894510040506,0.104541928811514,0.120615358097043,0.19014479014048,0.214330345600275,0.187473067310178,Scotland,92800,55.9477764,-3.9882568
0.43683333333333335,0.022166666666666668,0.36216666666666664,0.07633333333333334,0.043166666666666666,0.019000000000000003,0.03983333333333333,0.302479651713042,0.243886909985717,0.0171562301034192,0.0231617710322991,0.413315437165522,0.0,0.155206707671593,0.086610157389557,0.105347980864367,0.156644940175647,0.233095667962095,0.263094545936738,Scotland,98000,55.083333,-3.833333
0.43683333333333335,0.022166666666666668,0.36216666666666664,0.07633333333333334,0.043166666666666666,0.019000000000000003,0.03983333333333333,0.391233116796525,0.159030727906578,0.0267845236507724,0.028499037966967,0.394452593679157,0.0,0.156815575889745,0.0875244497403269,0.0906607612581218,0.162627307268598,0.246813102812563,0.255558803030643,Scotland,89000,55.166667,-3.5
0.43683333333333335,0.022166666666666668,0.36216666666666664,0.07633333333333334,0.043166666666666666,0.019000000000000003,0.03983333333333333,0.101694588126303,0.235235080676291,0.0253223191538639,0.0,0.630780514166602,0.0069674978769397,0.151276558791177,0.151971284663926,0.185395318319535,0.167158764159864,0.178515602385225,0.165682471680271,Scotland,104000,56.4618109,-2.98082807886673
0.43683333333333335,0.022166666666666668,0.36216666666666664,0.07633333333333334,0.043166666666666666,0.019000000000000003,0.03983333333333333,0.124527099677432,0.322806738082912,0.0402015053163952,0.0009159332563418,0.511548723666919,0.0,0.180544926563859,0.0900523121114593,0.12465797943159,0.200977051861325,0.213032949291847,0.190734780739917,Scotland,95400,56.0713724,-3.4616183
0.43683333333333335,0.022166666666666668,0.36216666666666664,0.07633333333333334,0.043166666666666666,0.019000000000000003,0.03983333333333333,0.118054050148132,0.28347423946817,0.0172339041838283,0.0201965459932076,0.555838572151167,0.0052026880554953,0.173436116464399,0.0967654565341945,0.119172873587166,0.182947028491067,0.233147559768737,0.194530965154435,Scotland,96000,50.90894935,-1.40282796619078
0.43683333333333335,0.022166666666666668,0.36216666666666664,0.07633333333333334,0.043166666666666666,0.019000000000000003,0.03983333333333333,0.219725013220518,0.340119866032082,0.0188436453375639,0.0156530936012691,0.405658381808567,0.0,0.203986332574031,0.100248498653965,0.0951128598053427,0.185379995858355,0.209784634499896,0.205487678608407,Scotland,96600,55.7494793,-4.36065924945091
0.43683333333333335,0.022166666666666668,0.36216666666666664,0.07633333333333334,0.043166666666666666,0.019000000000000003,0.03983333333333333,0.118453635675255,0.317868325727033,0.0294087550907639,0.0202811943597405,0.511348054765364,0.0026400343818431,0.130464306934895,0.160682454800101,0.21114506408624,0.200067905950258,0.160308972073677,0.137331296154825,Scotland,118000,55.9533456,-3.1883749
0.43683333333333335,0.022166666666666668,0.36216666666666664,0.07633333333333334,0.043166666666666666,0.019000000000000003,0.03983333333333333,0.167705213816707,0.31586094008668,0.068413905991332,0.01568051189524,0.430274734472945,0.0020646937370956,0.13618440204303,0.0843941037923095,0.250324185566464,0.246054639602685,0.161166538756715,0.121876130238794,Scotland,113000,55.9533456,-3.1883749
0.43683333333333335,0.022166666666666668,0.36216666666666664,0.07633333333333334,0.043166666666666666,0.019000000000000003,0.03983333333333333,0.179349036923015,0.404796143641261,0.0382395236262734,0.0130638203066453,0.360460170538553,0.0040913049642517,0.159467588803404,0.134289572761499,0.167355541005074,0.185146914388606,0.176542805696513,0.1771975773449,Scotland,97700,57.4585939,-4.1980468
0.43683333333333335,0.022166666666666668,0.36216666666666664,0.07633333333333334,0.043166666666666666,0.019000000000000003,0.03983333333333333,0.21040755887745,0.28271249269698,0.0386808227733344,0.0215967927151117,0.446602332937123,0.0,0.151674096556957,0.123987479844446,0.202712700369913,0.204448449208005,0.163274210376553,0.153903063644124,Scotland,105000,55.92887105,-3.2088774382512
0.43683333333333335,0.022166666666666668,0.36216666666666664,0.07633333333333334,0.043166666666666666,0.019000000000000003,0.03983333333333333,0.129389445265328,0.138419161239716,0.312355205312027,0.0185702037614695,0.401083565916927,0.000182418504533,0.174131344023018,0.0707977248692371,0.149322129171787,0.210211411857737,0.201293813892779,0.19424357618544,Scotland,105000,55.92953085,-3.29944001159299
0.43683333333333335,0.022166666666666668,0.36216666666666664,0.07633333333333334,0.043166666666666666,0.019000000000000003,0.03983333333333333,0.121152748715998,0.260566863229979,0.0202967471942172,0.0298078752140003,0.567909454061252,0.0002663115845539,0.169558599695586,0.0976458650431253,0.124586504312531,0.197209538305428,0.218325722983257,0.192673769660071,Scotland,98600,55.9991959,-3.784376
0.43683333333333335,0.022166666666666668,0.36216666666666664,0.07633333333333334,0.043166666666666666,0.019000000000000003,0.03983333333333333,0.062148627580668,0.333183729390088,0.0112911607691217,0.0235271885482118,0.56297538621439,0.0068739074975197,0.161996324049201,0.12009048494274,0.21213063763608,0.1972854517178,0.175757575757575,0.132739525896602,Scotland,106000,55.8584969,-4.20214627894951
0.43683333333333335,0.022166666666666668,0.36216666666666664,0.07633333333333334,0.043166666666666666,0.019000000000000003,0.03983333333333333,0.0721329437545653,0.316608838568298,0.0222790357925493,0.0125319576333089,0.566814280496713,0.0096329437545653,0.127686532144533,0.194199906147348,0.224045049272641,0.185509150633505,0.153261379633974,0.115297982167996,Scotland,107000,55.89082485,-4.18398405529407
0.43683333333333335,0.022166666666666668,0.36216666666666664,0.07633333333333334,0.043166666666666666,0.019000000000000003,0.03983333333333333,0.0526517408700093,0.336809398144207,0.0081084532220992,0.0101089639908061,0.582893504724611,0.0094279390482676,0.169855898425523,0.11721103035331,0.202634948689739,0.19562825761538,0.18212887983119,0.132540985084855,Scotland,111000,54.5178282,-2.1252562
0.43683333333333335,0.022166666666666668,0.36216666666666664,0.07633333333333334,0.043166666666666666,0.019000000000000003,0.03983333333333333,0.0975054742175089,0.309196685414967,0.0211025718088532,0.0015671289339229,0.564102013653342,0.0065261259714052,0.155058006679557,0.0773971699771488,0.207307962735102,0.219227895939532,0.186104763578836,0.154904201089822,Scotland,91000,55.8533377,-4.26243972232977
0.43683333333333335,0.022166666666666668,0.36216666666666664,0.07633333333333334,0.043166666666666666,0.019000000000000003,0.03983333333333333,0.0560689939149929,0.332296289518232,0.0118726266184746,0.021663540284577,0.572859953333028,0.0052385963306949,0.176103854314358,0.0971472241495469,0.193811779138636,0.202570213279435,0.192755940350136,0.137610988767886,Scotland,99400,55.7831978,-4.1654855
0.43683333333333335,0.022166666666666668,0.36216666666666664,0.07633333333333334,0.043166666666666666,0.019000000000000003,0.03983333333333333,0.0859846959323399,0.313693113169553,0.0281917035843737,0.002577527184857,0.561216270640354,0.0083366894885219,0.148323075724524,0.110071283889062,0.215156590838267,0.205320972265503,0.181569414147709,0.139558663134933,Scotland,103000,55.8831076,-4.28583249726944
0.43683333333333335,0.022166666666666668,0.36216666666666664,0.07633333333333334,0.043166666666666666,0.019000000000000003,0.03983333333333333,0.0817583897935734,0.311601093545703,0.0193351559095051,0.0047347359245611,0.582570624826657,0.0,0.184875291412512,0.0926026463981945,0.121610832561555,0.174613312894537,0.220291891546641,0.206006025186557,Scotland,93900,56.1961905,-3.1716324
0.43683333333333335,0.022166666666666668,0.36216666666666664,0.07633333333333334,0.043166666666666666,0.019000000000000003,0.03983333333333333,0.14986197446031,0.0589438563739995,0.274303417869839,0.0161857287549897,0.500705022540861,0.0,0.188462947400176,0.0849117590018747,0.103281832482168,0.204290301032171,0.219632814015127,0.199420346068481,Scotland,92800,55.6801057,-2.563132
0.43683333333333335,0.022166666666666668,0.36216666666666664,0.07633333333333334,0.043166666666666666,0.019000000000000003,0.03983333333333333,0.129873997282659,0.317035492936775,0.0202125481583502,0.0243071711738539,0.506318747789834,0.002252042658527,0.171993502260758,0.0957899202268,0.119121770530476,0.192749019648418,0.219898809092696,0.20044697824085,Scotland,96600,55.7759095,-4.033442
0.43683333333333335,0.022166666666666668,0.36216666666666664,0.07633333333333334,0.043166666666666666,0.019000000000000003,0.03983333333333333,0.103517397881997,0.30767776096823,0.0242246596066565,0.0135211800302571,0.545423600605144,0.0056354009077155,0.167822798487304,0.093290113452188,0.115861696380334,0.179135602377093,0.234186925985953,0.209702863317125,Scotland,92600,55.9,-4.75
0.43683333333333335,0.022166666666666668,0.36216666666666664,0.07633333333333334,0.043166666666666666,0.019000000000000003,0.03983333333333333,0.0616411464468001,0.0679944319520291,0.335974586857979,0.0213084912731555,0.506496055966021,0.0065852875040154,0.165426412099981,0.0921239802978546,0.118658009076921,0.195037691481434,0.219181528754874,0.209572378288932,Scotland,103000,57.4790124,-4.225739
0.43683333333333335,0.022166666666666668,0.36216666666666664,0.07633333333333334,0.043166666666666666,0.019000000000000003,0.03983333333333333,0.125262044784149,0.303545257221305,0.0146374042261098,0.0,0.556555293768436,0.0,0.170328539982307,0.0943240963607562,0.122672756073978,0.181519883149211,0.224444032998004,0.206710691435742,Scotland,97200,55.6100589,-4.4964652
0.43683333333333335,0.022166666666666668,0.36216666666666664,0.07633333333333334,0.043166666666666666,0.019000000000000003,0.03983333333333333,0.103027547269903,0.276173695578038,0.0214088136107006,0.030521768784813,0.568868174756546,0.0,0.18504771495708,0.105644271807413,0.12682108089963,0.199290269985134,0.215144103965856,0.168052558384884,Scotland,104000,55.8831932,-3.5149461
0.43683333333333335,0.022166666666666668,0.36216666666666664,0.07633333333333334,0.043166666666666666,0.019000000000000003,0.03983333333333333,0.199254901960784,0.316803921568627,0.0262549019607843,0.0203921568627451,0.43456862745098,0.0027254901960784,0.185903001736541,0.0869821384271892,0.108430496981724,0.186512858678574,0.223238650458943,0.208932853717026,Scotland,96700,55.915797,-2.7511952
0.43683333333333335,0.022166666666666668,0.36216666666666664,0.07633333333333334,0.043166666666666666,0.019000000000000003,0.03983333333333333,0.0867173706369686,0.139311421974739,0.340095749015347,0.0096258318620127,0.424249626510933,0.0,0.174331816122699,0.0913669995901374,0.0976982979916733,0.170599909398796,0.22532735077766,0.240675626119032,Scotland,92700,51.4100839,-0.935151847925782
0.43683333333333335,0.022166666666666668,0.36216666666666664,0.07633333333333334,0.043166666666666666,0.019000000000000003,0.03983333333333333,0.122261844116149,0.30977245712345,0.0240278485311597,0.0248981151299032,0.519039735099338,0.0,0.193081960287283,0.0917722855935783,0.127112378538234,0.194550063371356,0.204773975496408,0.188709336713139,Scotland,94700,55.833333,-3.083333
0.43683333333333335,0.022166666666666668,0.36216666666666664,0.07633333333333334,0.043166666666666666,0.019000000000000003,0.03983333333333333,0.237869732093414,0.0941205675113139,0.121063988237316,0.0346197177719643,0.509977276633123,0.002348717752869,0.16131556826636,0.0945419762509782,0.114329607049343,0.181257789930337,0.224118107421327,0.224436951081652,Scotland,103000,57.416667,-3.25
0.43683333333333335,0.022166666666666668,0.36216666666666664,0.07633333333333334,0.043166666666666666,0.019000000000000003,0.03983333333333333,0.0966546395795748,0.315514942348419,0.0147266452270766,0.0265118832849635,0.546591889559966,0.0,0.179021741366188,0.100746652405537,0.123557603307485,0.198603369191846,0.214338605837464,0.183732027891478,Scotland,97200,55.7902072,-3.9920191
0.43683333333333335,0.022166666666666668,0.36216666666666664,0.07633333333333334,0.043166666666666666,0.019000000000000003,0.03983333333333333,0.0762329024971765,0.286108671100514,0.0286108671100514,0.0,0.543480988831723,0.0655665704605345,0.152402402402402,0.0783408408408408,0.093506006006006,0.171433933933933,0.238851351351351,0.265465465465465,Scotland,26600,57.666667,-7.166667
0.43683333333333335,0.022166666666666668,0.36216666666666664,0.07633333333333334,0.043166666666666666,0.019000000000000003,0.03983333333333333,0.147914384896694,0.279715606378436,0.0166329428799495,0.0240583638084983,0.531678702036422,0.0,0.157777109210469,0.097058065070701,0.105696909786392,0.161032793226458,0.234710104439764,0.243725018266213,Scotland,93100,52.9442507,1.2119139
0.43683333333333335,0.022166666666666668,0.36216666666666664,0.07633333333333334,0.043166666666666666,0.019000000000000003,0.03983333333333333,0.156978489244622,0.106893446723362,0.28600300150075,0.0,0.443621810905453,0.0065032516258129,0.140973695375477,0.14470725498515,0.108283835383962,0.155006364022061,0.21491302503182,0.236115825201527,Scotland,94300,54.8546687,-1.578869
0.43683333333333335,0.022166666666666668,0.36216666666666664,0.07633333333333334,0.043166666666666666,0.019000000000000003,0.03983333333333333,0.0890971488912354,0.0714537134811686,0.413894755367828,0.047606476592749,0.377947905667019,0.0,0.168359718557607,0.0856860158311345,0.113214599824098,0.178166226912928,0.224494283201407,0.230079155672823,Scotland,45500,58.8520573,-3.28693984225352
0.43683333333333335,0.022166666666666668,0.36216666666666664,0.07633333333333334,0.043166666666666666,0.019000000000000003,0.03983333333333333,0.110022966590111,0.336005546648178,0.01960826797244,0.003509988300039,0.523594921350262,0.0072583091389695,0.16650753824633,0.0972200635033417,0.142049870106801,0.189699580345049,0.21171481226547,0.192808135533006,Scotland,90100,55.833721,-4.4413845
0.43683333333333335,0.022166666666666668,0.36216666666666664,0.07633333333333334,0.043166666666666666,0.019000000000000003,0.03983333333333333,0.0816090051316007,0.380421287866247,0.0217679192186724,0.0,0.509994206257242,0.0062075815262373,0.160004947099762,0.101595439673491,0.134628573998493,0.179107498229163,0.231333130951979,0.193330410047109,Scotland,88900,55.8455828,-4.4239646
0.43683333333333335,0.022166666666666668,0.36216666666666664,0.07633333333333334,0.043166666666666666,0.019000000000000003,0.03983333333333333,0.284072907372676,0.162657732296655,0.0335767220816111,0.0217411096341885,0.493909211748211,0.0040423168666581,0.16425557861196,0.0927391992761818,0.113755495018833,0.181623280194329,0.218502601221443,0.229123845677251,Scotland,102000,56.26832945,-3.46343877620397
0.43683333333333335,0.022166666666666668,0.36216666666666664,0.07633333333333334,0.043166666666666666,0.019000000000000003,0.03983333333333333,0.088064135433199,0.345318031986326,0.018679037968502,0.0230741057257966,0.519920237659219,0.0049444512269564,0.177858740670195,0.0912825851033199,0.121137959292153,0.200150605745166,0.214436003632256,0.195134105556909,Scotland,90300,55.8283888,-4.2116533
0.43683333333333335,0.022166666666666668,0.36216666666666664,0.07633333333333334,0.043166666666666666,0.019000000000000003,0.03983333333333333,0.235521719659651,0.265275414240931,0.0273533363188535,0.002167487684729,0.469682042095835,0.0,0.160006584234631,0.119000358259825,0.12508109259564,0.174559679309042,0.216834338720141,0.204517946880718,Scotland,103000,56.26065595,-3.77930275
0.43683333333333335,0.022166666666666668,0.36216666666666664,0.07633333333333334,0.043166666666666666,0.019000000000000003,0.03983333333333333,0.293052972694298,0.0457918285430207,0.217488169983981,0.0185229511517003,0.422547918469555,0.002596159157445,0.188757771596858,0.0853239528795811,0.0955804155759162,0.206090477748691,0.223372054973821,0.20087532722513,Scotland,97800,50.9095379,-1.40686556127035
0.43683333333333335,0.022166666666666668,0.36216666666666664,0.07633333333333334,0.043166666666666666,0.019000000000000003,0.03983333333333333,0.0708558677810975,0.313528232668961,0.0163382625468023,0.0,0.589501153511592,0.0097764834915472,0.173598256240621,0.0965749148383846,0.127517881200915,0.177968607949877,0.22827694228726,0.19606339748294,Scotland,91300,55.966667,-4.533333
0.4381666666666667,0.026833333333333334,0.3388333333333333,0.11183333333333334,0.038500000000000006,0.010500000000000002,0.030500000000000006,0.230674955990819,0.638478507921653,0.0181161842369142,0.0351182120016935,0.0751387124807808,0.0024734273681395,0.186065352416959,0.0955981636510937,0.124385633270321,0.179638131244936,0.208792870645423,0.205519848771266,Wales,92573,51.5979357,-3.7938665
0.4381666666666667,0.026833333333333334,0.3388333333333333,0.11183333333333334,0.038500000000000006,0.010500000000000002,0.030500000000000006,0.57013769363167,0.314054920982632,0.0790760444374902,0.0363206071037396,0.0,0.0004107338444687,0.185378523375628,0.0998211700587584,0.158247466575832,0.207732266030827,0.187737375457719,0.161083198501235,South East,117430,51.2494169,-0.7630148
0.4381666666666667,0.026833333333333334,0.3388333333333333,0.11183333333333334,0.038500000000000006,0.010500000000000002,0.030500000000000006,0.614199440899682,0.337423443801882,0.0305371204199654,0.0057830605407481,0.0,0.0120569343377222,0.177914044889805,0.0899291719636352,0.114617496554745,0.177711068616663,0.212078156548121,0.22775006142703,West Midlands,93607,52.5985756,-1.9269572
0.4381666666666667,0.026833333333333334,0.3388333333333333,0.11183333333333334,0.038500000000000006,0.010500000000000002,0.030500000000000006,0.520042479243097,0.395964471905773,0.0782197335392933,0.0,0.0,0.0057733153118362,0.212833419206532,0.0822599183544053,0.100719353176648,0.219046014823035,0.194859498236297,0.190281796203083,North West,100924,53.3984501,-2.35182278398903
0.4381666666666667,0.026833333333333334,0.3388333333333333,0.11183333333333334,0.038500000000000006,0.010500000000000002,0.030500000000000006,0.405823359320669,0.52108268364994,0.0244317557922477,0.0204421507265473,0.0282200505105962,0.0,0.181959793087233,0.0899561094129633,0.130466729367505,0.19132573085665,0.208382318363508,0.19790931891214,Wales,102072,57.27409625,-5.51591617403947
0.4381666666666667,0.026833333333333334,0.3388333333333333,0.11183333333333334,0.038500000000000006,0.010500000000000002,0.030500000000000006,0.573614401806869,0.389827506033967,0.0243572994397821,0.0,0.0,0.0122007927193817,0.169521173539994,0.0869526709106006,0.125004151674509,0.179086631608082,0.219529476889012,0.219905895377802,East Midlands,90322,53.029057,-1.46249535974619
0.4381666666666667,0.026833333333333334,0.3388333333333333,0.11183333333333334,0.038500000000000006,0.010500000000000002,0.030500000000000006,0.643454569702974,0.235753615180902,0.0915845828490864,0.0287880808581172,0.0,0.0004191514089203,0.158648651429865,0.0752955946365909,0.0816551241548926,0.160922852115212,0.234736614631034,0.288741163032405,South East,97177,50.85453835,-0.564816299557614
0.4381666666666667,0.026833333333333334,0.3388333333333333,0.11183333333333334,0.038500000000000006,0.010500000000000002,0.030500000000000006,0.422697368421053,0.4300320056899,0.019225640113798,0.0387846728307254,0.0,0.0892603129445234,0.184915072299047,0.0924943697249058,0.128128222937846,0.183441729283745,0.211203721243501,0.199816884510955,East Midlands,95021,53.08977375,-1.25187674615571
0.4381666666666667,0.026833333333333334,0.3388333333333333,0.11183333333333334,0.038500000000000006,0.010500000000000002,0.030500000000000006,0.597279240119134,0.303590115109072,0.0574740400869355,0.0394630926507284,0.0,0.0021935120341302,0.205446749550629,0.0961840922708208,0.138340698022768,0.198060215698023,0.192433717795087,0.169534526662672,South East,106816,51.148555,0.8722566
0.4381666666666667,0.026833333333333334,0.3388333333333333,0.11183333333333334,0.038500000000000006,0.010500000000000002,0.030500000000000006,0.312910859847489,0.620347572490617,0.0179045251356584,0.0473310544307125,0.0,0.0015059880955226,0.20579973810214,0.0983116584532032,0.140535191275403,0.194034326612621,0.198102739931427,0.163216345625206,North West,100040,53.4865407,-2.098691
0.4381666666666667,0.026833333333333334,0.3388333333333333,0.11183333333333334,0.038500000000000006,0.010500000000000002,0.030500000000000006,0.606577569748106,0.242943072406643,0.078052185338014,0.0374248116441871,0.0,0.0350023608630494,0.204788789008258,0.0920485273697288,0.138209822407367,0.214390119125923,0.19438354162099,0.156179200467734,South East,109464,51.8161412,-0.8130383
0.4381666666666667,0.026833333333333334,0.3388333333333333,0.11183333333333334,0.038500000000000006,0.010500000000000002,0.030500000000000006,0.555932786110276,0.31801968283983,0.0899694873007005,0.0240663543770682,0.0,0.012011689372126,0.186671517916847,0.0896432364394445,0.1310034220981,0.196898477756362,0.201952955984738,0.193830389804508,South East,101692,52.0601807,-1.3402795
0.4381666666666667,0.026833333333333334,0.3388333333333333,0.11183333333333334,0.038500000000000006,0.010500000000000002,0.030500000000000006,0.379676047055064,0.417663624198606,0.0274221574227565,0.0,0.175238171323573,0.0,0.155804602061498,0.128025318925246,0.108038975537323,0.157896448197002,0.213780171899895,0.236454483379036,Wales,92264,53.2277163,-4.1268822
0.4381666666666667,0.026833333333333334,0.3388333333333333,0.11183333333333334,0.038500000000000006,0.010500000000000002,0.030500000000000006,0.228109689553486,0.688322845798407,0.0127475793531009,0.0645505839738082,0.0,0.0062693013211972,0.264506968576019,0.116130478645892,0.156215670888914,0.236774651571199,0.149968239733961,0.0764039905840152,London,133816,51.5389922,0.0804245
0.4381666666666667,0.026833333333333334,0.3388333333333333,0.11183333333333334,0.038500000000000006,0.010500000000000002,0.030500000000000006,0.251042273725736,0.635585242300623,0.0152642668220737,0.0849509122696911,0.0,0.0131573048818756,0.183971291866029,0.0917416267942583,0.141732057416268,0.184210526315789,0.211062200956938,0.187282296650718,Wales,104500,53.5352272,-1.3789721
0.4381666666666667,0.026833333333333334,0.3388333333333333,0.11183333333333334,0.038500000000000006,0.010500000000000002,0.030500000000000006,0.277193446671518,0.613878415029437,0.0224912350334061,0.0616303940376176,0.0,0.0248065092280214,0.187507748057026,0.0935965288704524,0.142516568921947,0.18189100271778,0.209488389834549,0.184999761598245,Wales,104865,53.5527719,-1.4827755
0.4381666666666667,0.026833333333333334,0.3388333333333333,0.11183333333333334,0.038500000000000006,0.010500000000000002,0.030500000000000006,0.475831645114262,0.475604445538368,0.0276615483651097,0.0209023609822595,0.0,0.0,0.165080831408776,0.0893302540415704,0.122966384398255,0.168447523736207,0.224172440338722,0.230002566076469,North West,97424,54.1162206,-3.228422940078
0.4381666666666667,0.026833333333333334,0.3388333333333333,0.11183333333333334,0.038500000000000006,0.010500000000000002,0.030500000000000006,0.606565310319797,0.313021736500383,0.0326854054925999,0.0469613259668508,0.0,0.0007662217203693,0.217509551252995,0.095133255011517,0.137075512714961,0.198758568375871,0.187158305658597,0.164364806986059,Eastern,108102,51.5944857,0.3672374
0.4381666666666667,0.026833333333333334,0.3388333333333333,0.11183333333333334,0.038500000000000006,0.010500000000000002,0.030500000000000006,0.545363339497187,0.355883857260888,0.0649171814140142,0.0302553409135617,0.0,0.0035802809143486,0.192381800665297,0.0936596804391689,0.150273571701234,0.21832112409794,0.189446130914511,0.155917692181848,South East,110027,51.262826,-1.0861976
0.4381666666666667,0.026833333333333334,0.3388333333333333,0.11183333333333334,0.038500000000000006,0.010500000000000002,0.030500000000000006,0.432826905079548,0.525696421815575,0.0220823958105175,0.0,0.0,0.0193942772943589,0.1760426863208,0.087455135218134,0.125256712922976,0.178326711579432,0.217356672616648,0.215562081342009,East Midlands,104202,53.34945205,-0.961660401193982
0.4381666666666667,0.026833333333333334,0.3388333333333333,0.11183333333333334,0.038500000000000006,0.010500000000000002,0.030500000000000006,0.379939325714068,0.165690408502032,0.453530747362195,0.0,0.0,0.0008395184217053,0.147938758372879,0.214628859335638,0.122912883004277,0.168004374401937,0.17411681996602,0.172398304919249,South West,102411,51.3813864,-2.3596963
0.4381666666666667,0.026833333333333334,0.3388333333333333,0.11183333333333334,0.038500000000000006,0.010500000000000002,0.030500000000000006,0.422135875174549,0.466719284398842,0.0812134458543298,0.0065772165219679,0.0,0.0233541780503106,0.155903067924078,0.10502199245186,0.294772316140348,0.221614126592042,0.136674594356342,0.0860139025353302,London,108899,51.4707933,-0.172214
0.4381666666666667,0.026833333333333334,0.3388333333333333,0.11183333333333334,0.038500000000000006,0.010500000000000002,0.030500000000000006,0.669210840972499,0.219948186528497,0.081406935033878,0.0294340374651255,0.0,0.0,0.187849827936482,0.0794912724408142,0.105228243293669,0.198225465400721,0.213845930594137,0.215359260334176,South East,96476,51.6082881,-0.6571233
0.4381666666666667,0.026833333333333334,0.3388333333333333,0.11183333333333334,0.038500000000000006,0.010500000000000002,0.030500000000000006,0.454836513515005,0.462767034058918,0.0738771229322685,0.0055568844646438,0.0,0.0029624450291644,0.187932804479701,0.0791133924405039,0.139085394307046,0.242426504899673,0.192543163789081,0.158898740083994,Wales,107150,51.4070938,-0.0303183
0.4381666666666667,0.026833333333333334,0.3388333333333333,0.11183333333333334,0.038500000000000006,0.010500000000000002,0.030500000000000006,0.464509857785855,0.475244595651163,0.0597383935929674,0.0005071529700145,0.0,0.0,0.195489473923521,0.105524485063429,0.146055563133724,0.211276315191197,0.183749374801073,0.157904787887055,Eastern,109962,52.1363806,-0.4675041
0.4381666666666667,0.026833333333333334,0.3388333333333333,0.11183333333333334,0.038500000000000006,0.010500000000000002,0.030500000000000006,0.130967712261981,0.541371538956858,0.311355901021065,0.0143041118572348,0.0,0.0020007359028608,0.140106941891173,0.148598837263557,0.275016097274195,0.218139061785538,0.145789979563461,0.072349082222077,London,107159,51.4945379,-0.0691595028998192
0.4381666666666667,0.026833333333333334,0.3388333333333333,0.11183333333333334,0.038500000000000006,0.010500000000000002,0.030500000000000006,0.138607407407407,0.730824691358025,0.0531358024691358,0.0152493827160493,0.0,0.0621827160493827,0.186372350244957,0.171966834178783,0.259843637826708,0.212998098724331,0.108514717135937,0.0603043618892842,Wales,126756,51.51686765,-0.0416595381921766
0.4381666666666667,0.026833333333333334,0.3388333333333333,0.11183333333333334,0.038500000000000006,0.010500000000000002,0.030500000000000006,0.591745450848836,0.336057741181254,0.0511131442512961,0.0,0.0,0.0210836637186133,0.15172675776231,0.084611688993665,0.0937622202607733,0.163201233478207,0.236170854608225,0.270527244896819,Yorkshire & the Humber,89503,53.8425488,-0.4315677
0.4381666666666667,0.026833333333333334,0.3388333333333333,0.11183333333333334,0.038500000000000006,0.010500000000000002,0.030500000000000006,0.624814067689549,0.26601055484239,0.0746378140473134,0.0340892882613036,0.0,0.0004482751594433,0.147224186109147,0.0768721453500768,0.0871068017820871,0.142533301911142,0.223927998294224,0.322335566553322,South East,89109,50.8419553,0.4709063
0.4381666666666667,0.026833333333333334,0.3388333333333333,0.11183333333333334,0.038500000000000006,0.010500000000000002,0.030500000000000006,0.532776076704736,0.392173077352882,0.0254788458529825,0.0429564401135373,0.0,0.0066155599758621,0.205852244509086,0.0977671467520752,0.127180401974398,0.206065090256732,0.194135592876762,0.168999523630946,London,98663,51.4634854,0.1480552
0.4381666666666667,0.026833333333333334,0.3388333333333333,0.11183333333333334,0.038500000000000006,0.010500000000000002,0.030500000000000006,0.531880319311003,0.25890191139729,0.180760090187077,0.0205764660478154,0.0,0.0078812130568137,0.185162119414788,0.0843416370106761,0.13582443653618,0.208580466587584,0.201937524713325,0.184153815737446,Wales,101160,51.8988832,-1.1518287
0.4381666666666667,0.026833333333333334,0.3388333333333333,0.11183333333333334,0.038500000000000006,0.010500000000000002,0.030500000000000006,0.225020152777245,0.748205443169168,0.0267744040535871,0.0,0.0,0.0,0.19313312857847,0.098993288590604,0.129725476813408,0.187208508702082,0.206963561217912,0.183976036097524,North West,105492,53.3895177,-3.0248007
0.4381666666666667,0.026833333333333334,0.3388333333333333,0.11183333333333334,0.038500000000000006,0.010500000000000002,0.030500000000000006,0.379446552108904,0.581521981700513,0.0357063155545637,0.0,0.0,0.0033251506360187,0.19484055563247,0.149107019244081,0.151266786653745,0.198449397757165,0.160108911348009,0.14622732936453,Wales,108344,52.45046225,-1.93199500617883
0.4381666666666667,0.026833333333333334,0.3388333333333333,0.11183333333333334,0.038500000000000006,0.010500000000000002,0.030500000000000006,0.371868264305745,0.604607504577375,0.0211370431316198,0.0,0.0,0.0023871879852596,0.219524818849509,0.109955472305746,0.147820443305236,0.193235405267741,0.188544388031744,0.140919472240022,Wales,121722,52.5284461,-1.8425676
0.4381666666666667,0.026833333333333334,0.3388333333333333,0.11183333333333334,0.038500000000000006,0.010500000000000002,0.030500000000000006,0.16053047911092,0.776401882849274,0.0616613605734487,0.0013476825719252,0.0,5.85948944315319e-05,0.237599959078586,0.13113608075159,0.147231836859963,0.208281471124827,0.154461286637453,0.12128936554758,Wales,117298,52.4796992,-1.9026911
0.4381666666666667,0.026833333333333334,0.3388333333333333,0.11183333333333334,0.038500000000000006,0.010500000000000002,0.030500000000000006,0.273087905141786,0.649120512652848,0.0485189302295167,0.0289675014712613,0.0,0.0003051505045881,0.259317709781347,0.128738940585801,0.138518651773595,0.18778517343451,0.159231033411287,0.126408491013459,Wales,122294,52.4796992,-1.9026911
0.4381666666666667,0.026833333333333334,0.3388333333333333,0.11183333333333334,0.038500000000000006,0.010500000000000002,0.030500000000000006,0.141172721478649,0.823815593796473,0.0293605268748672,0.0056086679413639,0.0,4.24899086466964e-05,0.230196357315001,0.211620770942805,0.192393294088209,0.189575020083495,0.112026391687409,0.0641881658830811,Wales,151865,52.47971745,-1.91503442178895
0.4381666666666667,0.026833333333333334,0.3388333333333333,0.11183333333333334,0.038500000000000006,0.010500000000000002,0.030500000000000006,0.434409766885564,0.543091192200934,0.022408773948954,0.0,0.0,9.02669645476497e-05,0.219959550228226,0.101430585965042,0.137464281738227,0.191125171633206,0.184102126396259,0.16591828403904,Wales,107788,52.3960578,-1.98586937908393
0.4381666666666667,0.026833333333333334,0.3388333333333333,0.11183333333333334,0.038500000000000006,0.010500000000000002,0.030500000000000006,0.246309071706254,0.715152468483854,0.0253477449944945,0.0,0.0,0.0131907148153974,0.239843102500349,0.13943526747249,0.146878051582515,0.205763849568778,0.158973601503328,0.109106127372541,Wales,121861,52.5315031,-1.90406171023003
0.4381666666666667,0.026833333333333334,0.3388333333333333,0.11183333333333334,0.038500000000000006,0.010500000000000002,0.030500000000000006,0.323075624221702,0.642478735304671,0.0344456404736275,0.0,0.0,0.0,0.179824805081764,0.212511806211456,0.130414652665889,0.17651906587403,0.160231123951331,0.14049854621553,Wales,107994,52.45046225,-1.93199500617883
0.4381666666666667,0.026833333333333334,0.3388333333333333,0.11183333333333334,0.038500000000000006,0.010500000000000002,0.030500000000000006,0.191047030228662,0.610944616183307,0.156051631781391,0.0400453075961016,0.0,0.0019114142105387,0.245128440043694,0.127233165368759,0.141856654568519,0.195928327284259,0.164355685542126,0.125497727192642,Wales,113516,52.47809765,-1.82875869525344
0.4381666666666667,0.026833333333333334,0.3388333333333333,0.11183333333333334,0.038500000000000006,0.010500000000000002,0.030500000000000006,0.43566491075993,0.495654686492854,0.0395634682492054,0.0126025205041008,0.0,0.0165144139939098,0.168371548697499,0.0888344675133284,0.10224957739153,0.169140912834294,0.232478002687356,0.238925490875991,North East,92284,54.6640762,-1.6752864
0.4381666666666667,0.026833333333333334,0.3388333333333333,0.11183333333333334,0.038500000000000006,0.010500000000000002,0.030500000000000006,0.270605100992811,0.696080109551523,0.015020540910647,0.0,0.0,0.0182942485450188,0.243750556000356,0.123707855173027,0.135477270705453,0.201948225246864,0.163063784360822,0.132052308513477,North West,112408,53.749326,-2.4840566
0.4381666666666667,0.026833333333333334,0.3388333333333333,0.11183333333333334,0.038500000000000006,0.010500000000000002,0.030500000000000006,0.249462481186841,0.677166200817029,0.0215007525263384,0.0486723285314986,0.0,0.0031982369382928,0.243913891497508,0.105910929711768,0.137759156252257,0.20457090226107,0.175549013942065,0.132296106335332,Wales,110744,53.5242138,-2.2281266
0.4381666666666667,0.026833333333333334,0.3388333333333333,0.11183333333333334,0.038500000000000006,0.010500000000000002,0.030500000000000006,0.490374275171323,0.46492356352135,0.0254296257248286,0.0192725355824986,0.0,0.0,0.159989895375029,0.0844262467633623,0.108540513230743,0.160758267898869,0.221775466812622,0.264509609919373,Wales,95006,53.8179442,-3.0509812
0.4381666666666667,0.026833333333333334,0.3388333333333333,0.11183333333333334,0.038500000000000006,0.010500000000000002,0.030500000000000006,0.453303946609541,0.490957402982615,0.0183323720853588,0.0374062783224849,0.0,0.0,0.181807381955423,0.0973690703561213,0.133547779838982,0.180518875252447,0.218406455327198,0.188350437269828,North West,109429,53.7983538,-3.0488911
0.4381666666666667,0.026833333333333334,0.3388333333333333,0.11183333333333334,0.038500000000000006,0.010500000000000002,0.030500000000000006,0.167106459409717,0.591702330531964,0.0127281193870989,0.0329068452446947,0.180788079029647,0.0147681663968778,0.178931980211655,0.0945560863992203,0.134037436837255,0.176633227046897,0.215627284187332,0.200213985317641,Wales,94399,51.7497044,-3.23940277107558
0.4381666666666667,0.026833333333333334,0.3388333333333333,0.11183333333333334,0.038500000000000006,0.010500000000000002,0.030500000000000006,0.315844569131563,0.551440415375597,0.0820073695670379,0.0486349551963822,0.0,0.0020726907294196,0.172941613495324,0.0852416746787868,0.118007604230399,0.188051743728695,0.218446814089677,0.217310549777117,Wales,91527,54.9565368,-1.6890663
0.4381666666666667,0.026833333333333334,0.3388333333333333,0.11183333333333334,0.038500000000000006,0.010500000000000002,0.030500000000000006,0.351673024956287,0.578763312668892,0.0477070418057542,0.0218566205690669,0.0,0.0,0.181208450288078,0.0928842271138031,0.124390604225144,0.176146156497759,0.214930812035259,0.210439749839957,Wales,101534,55.1270903,-1.5099726
0.4381666666666667,0.026833333333333334,0.3388333333333333,0.11183333333333334,0.038500000000000006,0.010500000000000002,0.030500000000000006,0.596870417612438,0.266416246509853,0.0651025450454974,0.0360765723238856,0.0,0.0355342185083261,0.158127761327866,0.0848130470114609,0.114740470208016,0.167776646522011,0.202925489683259,0.271616585247387,South East,107059,50.7834973,-0.6730718
0.4381666666666667,0.026833333333333334,0.3388333333333333,0.11183333333333334,0.038500000000000006,0.010500000000000002,0.030500000000000006,0.406012780374834,0.518827464939744,0.029484925161899,0.0456748295235236,0.0,0.0,0.173317492487246,0.0875872328105188,0.132324311372463,0.178189551031818,0.221948224394237,0.206633187903717,East Midlands,100166,53.228666,-1.2912756
0.4381666666666667,0.026833333333333334,0.3388333333333333,0.11183333333333334,0.038500000000000006,0.010500000000000002,0.030500000000000006,0.413347837473056,0.52031586793175,0.0283233617372736,0.0380129328579198,0.0,0.0,0.208551690236045,0.102932785575716,0.126932293998367,0.193163563584652,0.187422642403813,0.180997024201406,North West,113918,54.6082822,-1.7299041
0.4381666666666667,0.026833333333333334,0.3388333333333333,0.11183333333333334,0.038500000000000006,0.010500000000000002,0.030500000000000006,0.332756355446185,0.603073971345749,0.0206043669579362,0.0435653062501303,0.0,0.0,0.243831757544359,0.115067672581272,0.146451236886414,0.193733000906618,0.167886284160083,0.133030047921254,Wales,123536,53.5782863,-2.4300367
0.4381666666666667,0.026833333333333334,0.3388333333333333,0.11183333333333334,0.038500000000000006,0.010500000000000002,0.030500000000000006,0.458661174047374,0.478331616889804,0.0278887744593202,0.0351184346035015,0.0,0.0,0.1917268749364,0.0902309962348631,0.11886638852142,0.19327363386588,0.20687900681795,0.199023099623486,North West,98270,54.3146038,-1.96950644691168
0.4381666666666667,0.026833333333333334,0.3388333333333333,0.11183333333333334,0.038500000000000006,0.010500000000000002,0.030500000000000006,0.122208999778132,0.8523568446318,0.016882147683495,0.0,0.0,0.0085520079065733,0.186558036771088,0.0974512743628185,0.139597964175807,0.188649096504379,0.213919356111418,0.173824272074489,North West,101382,53.4506931,-2.9948834
0.4381666666666667,0.026833333333333334,0.3388333333333333,0.11183333333333334,0.038500000000000006,0.010500000000000002,0.030500000000000006,0.643821889159986,0.253899442314395,0.0198021958870686,0.0755707563611014,0.0,0.0069057162774485,0.167830001118867,0.0873232405821549,0.114158827427726,0.172228007814853,0.215424868102832,0.243035054953567,East Midlands,116189,52.9805831,-0.0302848
0.4381666666666667,0.026833333333333334,0.3388333333333333,0.11183333333333334,0.038500000000000006,0.010500000000000002,0.030500000000000006,0.532290743320248,0.364779874213836,0.066860833227808,0.0296526106960449,0.0,0.0064159385420623,0.174761548531887,0.104759678324294,0.133878810547971,0.219309893398167,0.187002057228352,0.180288011969329,South West,106938,50.7263763,-1.8608305
0.4381666666666667,0.026833333333333334,0.3388333333333333,0.11183333333333334,0.038500000000000006,0.010500000000000002,0.030500000000000006,0.552193053218706,0.369465508101505,0.0686150229331366,0.0,0.0,0.0097264157466522,0.148487702968635,0.17427556169034,0.144244131280253,0.184460133742457,0.170507643092305,0.17802482722601,South West,107224,50.72223285,-1.89366803185795
0.4381666666666667,0.026833333333333334,0.3388333333333333,0.11183333333333334,0.038500000000000006,0.010500000000000002,0.030500000000000006,0.59396761052357,0.296622584335052,0.0771006000280949,0.0251048544078986,0.0,0.0072043507053841,0.199736684384794,0.0986745792354022,0.143939319505988,0.220851059648847,0.192534805804734,0.144263551420234,South East,101779,51.4143513,-0.7449925
0.4381666666666667,0.026833333333333334,0.3388333333333333,0.11183333333333334,0.038500000000000006,0.010500000000000002,0.030500000000000006,0.20494117115693,0.658070052618505,0.0185858494613942,0.0302612858788193,0.0,0.0881416408843522,0.26214367352427,0.130655842409574,0.140177490923759,0.202853973376361,0.153968334005647,0.110200685760387,Yorkshire & the Humber,118992,53.5781957,-2.4141644
0.4381666666666667,0.026833333333333334,0.3388333333333333,0.11183333333333334,0.038500000000000006,0.010500000000000002,0.030500000000000006,0.380554090974452,0.55250922686095,0.0128217418396203,0.0428749460767866,0.0,0.0112399942481905,0.23631271622339,0.108747780564149,0.135042375208215,0.195767970566162,0.18203034906921,0.142098808368875,Yorkshire & the Humber,109259,55.11022305,-1.89590789893185
0.4381666666666667,0.026833333333333334,0.3388333333333333,0.11183333333333334,0.038500000000000006,0.010500000000000002,0.030500000000000006,0.167425133749195,0.653628432526028,0.015805714032011,0.0196461473572046,0.0,0.143494572335561,0.253380577644102,0.151308145523464,0.15120926208232,0.203510362160603,0.136360265337234,0.104231387252276,Yorkshire & the Humber,121355,53.9099363,-2.40008788748701
0.4381666666666667,0.026833333333333334,0.3388333333333333,0.11183333333333334,0.038500000000000006,0.010500000000000002,0.030500000000000006,0.638701233712493,0.275958966068095,0.0506572742845044,0.0346825259349077,0.0,0.0,0.184030345224948,0.0917558937917126,0.115187016853123,0.188620540644356,0.214798098621981,0.205608104863879,Eastern,104135,51.8780637,0.5537161
0.4381666666666667,0.026833333333333334,0.3388333333333333,0.11183333333333334,0.038500000000000006,0.010500000000000002,0.030500000000000006,0.430313621587087,0.264483153879399,0.230565420824173,0.0190916436477065,0.0555461600616344,0.0,0.156647185347731,0.0799096182675386,0.102830947052817,0.160318943228974,0.226464901036348,0.273828405066591,Wales,92055,51.9472048,-3.391696
0.4381666666666667,0.026833333333333334,0.3388333333333333,0.11183333333333334,0.038500000000000006,0.010500000000000002,0.030500000000000006,0.231167325646387,0.710663050903596,0.0491440163951394,0.0080733641087213,0.0,0.0009522429461568,0.200356850791763,0.11989443164077,0.16748940599212,0.221857110995465,0.177800906995762,0.11260129358412,Wales,134512,51.2631549,-2.9347369
0.4381666666666667,0.026833333333333334,0.3388333333333333,0.11183333333333334,0.038500000000000006,0.010500000000000002,0.030500000000000006,0.310838607594937,0.652017405063291,0.0319026898734177,0.0016020569620253,0.0,0.0036392405063291,0.181782136738709,0.129975836194836,0.178752309775494,0.22149905364664,0.164882435232773,0.123108228411548,Wales,133671,51.5688188,-0.2265437
0.4381666666666667,0.026833333333333334,0.3388333333333333,0.11183333333333334,0.038500000000000006,0.010500000000000002,0.030500000000000006,0.37273069409846,0.52660441943404,0.0985859961648058,0.0020788903026935,0.0,0.0,0.204401562997662,0.0974698392722583,0.160541300581852,0.253482175456586,0.165808260893208,0.118296860798434,London,128727,51.4801717,-0.341798968313621
0.4381666666666667,0.026833333333333334,0.3388333333333333,0.11183333333333334,0.038500000000000006,0.010500000000000002,0.030500000000000006,0.669533359043579,0.2078866178172,0.0851137678364828,0.0354801388353258,0.0,0.0019861164674122,0.183452577508714,0.0876189893801341,0.1229234187407,0.190811064228786,0.208177908232944,0.207016041908722,Eastern,98118,51.6231609,0.303664
0.4381666666666667,0.026833333333333334,0.3388333333333333,0.11183333333333334,0.038500000000000006,0.010500000000000002,0.030500000000000006,0.362089325629455,0.535426595251149,0.0199485470878495,0.0217620513685631,0.0495128843152967,0.0112605963476867,0.172791062204782,0.0882312717632578,0.129522286628023,0.187098267355376,0.210557875800835,0.211799236247725,Wales,95055,51.5049859,-3.5756674
0.4381666666666667,0.026833333333333334,0.3388333333333333,0.11183333333333334,0.038500000000000006,0.010500000000000002,0.030500000000000006,0.545402378455389,0.245246057344124,0.180936739418644,0.0270297010111403,0.0,0.0013851237707026,0.177236116571406,0.0905434421023981,0.124716484712856,0.174161550790819,0.207014042197155,0.226328363625367,Wales,99203,51.1283378,-3.0037046
0.4381666666666667,0.026833333333333334,0.3388333333333333,0.11183333333333334,0.038500000000000006,0.010500000000000002,0.030500000000000006,0.592951486170504,0.313180678730172,0.0415622169324429,0.0329253649596595,0.0,0.0193802532072212,0.149816414686825,0.0751727861771058,0.0953239740820734,0.151425485961123,0.228401727861771,0.299859611231101,Wales,92600,54.0871383,-0.1964511
0.4381666666666667,0.026833333333333334,0.3388333333333333,0.11183333333333334,0.038500000000000006,0.010500000000000002,0.030500000000000006,0.567694265240976,0.366676339933478,0.0228363506484809,0.0416545750831528,0.0,0.0011384690939125,0.164801090757153,0.0799705319640226,0.105018362544807,0.171277461350692,0.230972225276538,0.247960328106789,Wales,90946,53.5525329,-0.4896411
0.4381666666666667,0.026833333333333334,0.3388333333333333,0.11183333333333334,0.038500000000000006,0.010500000000000002,0.030500000000000006,0.382959442587297,0.583108461879254,0.0293406903218011,0.0002013774215634,0.0,0.0043900277900841,0.149952294578357,0.149774054541451,0.130733824716651,0.189123163865502,0.200561980351657,0.179854681946381,Wales,95377,50.8214626,-0.1400561
0.4381666666666667,0.026833333333333334,0.3388333333333333,0.11183333333333334,0.038500000000000006,0.010500000000000002,0.030500000000000006,0.402429568363918,0.56108998264594,0.0,0.0228556659158881,0.0,0.0136247830742532,0.138803956398086,0.204565970705571,0.155606029721518,0.206614057055221,0.178600894945789,0.115809091173816,Wales,103020,50.82237285,-0.136248201013513
0.4381666666666667,0.026833333333333334,0.3388333333333333,0.11183333333333334,0.038500000000000006,0.010500000000000002,0.030500000000000006,0.158298198543503,0.756755461862783,0.0833413185128401,0.0,0.0,0.0016050210808738,0.104158212844115,0.299788565448604,0.235706810755398,0.161160113619375,0.117132605770668,0.0820536915618392,Wales,93644,51.4741361,-2.58408207596344
0.4381666666666667,0.026833333333333334,0.3388333333333333,0.11183333333333334,0.038500000000000006,0.010500000000000002,0.030500000000000006,0.289846262451957,0.660443956388736,0.0450819672131147,0.0038826574633304,0.0,0.0007451564828614,0.191573457390261,0.1053544981237,0.190782957921804,0.22757298490782,0.159017599970924,0.12569850168549,South West,110057,51.44740795,-2.59805655
0.4381666666666667,0.026833333333333334,0.3388333333333333,0.11183333333333334,0.038500000000000006,0.010500000000000002,0.030500000000000006,0.451834909645381,0.510560260452082,0.0376048299025365,0.0,0.0,0.0,0.188909479397677,0.11905702220737,0.161314822128383,0.209010541665401,0.167572986602667,0.154135147998501,Wales,98750,51.3299934,-2.5374845
0.4381666666666667,0.026833333333333334,0.3388333333333333,0.11183333333333334,0.038500000000000006,0.010500000000000002,0.030500000000000006,0.399280921343562,0.544077214435408,0.0564688239026359,0.0,0.0,0.0001730403183941,0.193842321675504,0.135260126193943,0.139481853897085,0.204730899200527,0.16435433207872,0.16233046695422,South West,109197,51.3299934,-2.5374845
0.4381666666666667,0.026833333333333334,0.3388333333333333,0.11183333333333334,0.038500000000000006,0.010500000000000002,0.030500000000000006,0.314971600042868,0.616889936769907,0.0343800235773229,0.0315721787589754,0.0,0.002186260850927,0.193955579465109,0.101464033200123,0.199613818014141,0.207596833691977,0.1605056870581,0.13686404857055,South West,104096,51.42605745,-2.62583955031907
0.4381666666666667,0.026833333333333334,0.3388333333333333,0.11183333333333334,0.038500000000000006,0.010500000000000002,0.030500000000000006,0.588797973894409,0.301422170270797,0.0808299240210403,0.0289499318137541,0.0,0.0,0.160644635892161,0.0808795165230808,0.0978955038360979,0.172313659937422,0.221882902575972,0.266383781235266,Wales,93324,52.6928977,1.25648751941622
0.4381666666666667,0.026833333333333334,0.3388333333333333,0.11183333333333334,0.038500000000000006,0.010500000000000002,0.030500000000000006,0.586126345724152,0.317712776762137,0.0757261832216128,0.0204346942920983,0.0,0.0,0.197845340112346,0.0861453934150641,0.122575751363319,0.220129976628808,0.196687031038583,0.17661650744188,Wales,97556,51.3122439,0.0346366025843522
0.4381666666666667,0.026833333333333334,0.3388333333333333,0.11183333333333334,0.038500000000000006,0.010500000000000002,0.030500000000000006,0.633126027863368,0.319842725090263,0.0470312470463696,0.0,0.0,0.0,0.182309468356472,0.0847927568232459,0.104160995331861,0.185878628393979,0.213574906990109,0.229283244104332,West Midlands,99183,52.3353816,-2.0597449
0.4381666666666667,0.026833333333333334,0.3388333333333333,0.11183333333333334,0.038500000000000006,0.010500000000000002,0.030500000000000006,0.631816972599095,0.294309042912395,0.0367528188757239,0.0371211656127857,0.0,0.0,0.197448174697628,0.0971926231398706,0.129814655927966,0.202577657228788,0.197134501305435,0.175832387700313,Eastern,108394,51.7465723,-0.0190782
0.4381666666666667,0.026833333333333334,0.3388333333333333,0.11183333333333334,0.038500000000000006,0.010500000000000002,0.030500000000000006,0.466816690823099,0.454344343580746,0.0381417346860935,0.0283965214737966,0.0,0.0123007094362651,0.164731141853873,0.101482844692643,0.134577145999915,0.182415281127046,0.199623471675763,0.217170114650759,East Midlands,94546,52.9782566,-1.2170642
0.4381666666666667,0.026833333333333334,0.3388333333333333,0.11183333333333334,0.038500000000000006,0.010500000000000002,0.030500000000000006,0.600618631732169,0.275677765647744,0.0180585880640465,0.0549490538573508,0.0,0.0506959606986899,0.210822273131757,0.0975538178995399,0.12264043773785,0.205928015601037,0.194208304144499,0.168847151485317,Wales,105634,51.9937391,-0.7364092
0.4381666666666667,0.026833333333333334,0.3388333333333333,0.11183333333333334,0.038500000000000006,0.010500000000000002,0.030500000000000006,0.340273468427022,0.471957717244773,0.132497378725954,0.0528962403440823,0.0,0.0023751952581687,0.208866941115259,0.100919189798545,0.135286117221801,0.187726488548921,0.189022664828896,0.178178598486577,North West,109554,53.7907262,-2.2439196
0.4381666666666667,0.026833333333333334,0.3388333333333333,0.11183333333333334,0.038500000000000006,0.010500000000000002,0.030500000000000006,0.589483977427832,0.384806567930409,0.0257094546417585,0.0,0.0,0.0,0.191884902826777,0.0969954945748282,0.14269845642534,0.191787151984786,0.198887417689348,0.17774657649892,Wales,112531,52.802742,-1.629917
0.4381666666666667,0.026833333333333334,0.3388333333333333,0.11183333333333334,0.038500000000000006,0.010500000000000002,0.030500000000000006,0.441763618368223,0.535808325085436,0.0192160451175558,0.0027078003324058,0.0,0.000504211096379,0.1938657800095,0.0946984751693987,0.122025223199139,0.191452030360899,0.203375371998565,0.194583119262498,North West,103159,53.5803553,-2.410543
0.4381666666666667,0.026833333333333334,0.3388333333333333,0.11183333333333334,0.038500000000000006,0.010500000000000002,0.030500000000000006,0.39640356460853,0.55042568427753,0.0206476766390833,0.0277888287714831,0.0,0.0047342457033736,0.223740056778256,0.0996711358461927,0.136183489332996,0.197084258556558,0.18152176968266,0.161799289803337,North West,106731,53.5804488,-2.3941097
0.4381666666666667,0.026833333333333334,0.3388333333333333,0.11183333333333334,0.038500000000000006,0.010500000000000002,0.030500000000000006,0.618189372057136,0.306295255806592,0.0583824634985953,0.0040754955881771,0.0,0.0130574130494994,0.168217397725594,0.0900211687096933,0.127307635504357,0.177915620538571,0.203967902328558,0.232570275193226,Wales,101568,53.5927543,-2.2972827
0.4381666666666667,0.026833333333333334,0.3388333333333333,0.11183333333333334,0.038500000000000006,0.010500000000000002,0.030500000000000006,0.3314373855201,0.330184131880844,0.0224814422057264,0.0231369902631832,0.292760050130145,0.0,0.164059503004987,0.0861962405694557,0.10213759004305,0.164837389710584,0.223509228080644,0.259260048591279,Wales,93849,51.8591257,-4.3115907
0.4381666666666667,0.026833333333333334,0.3388333333333333,0.11183333333333334,0.038500000000000006,0.010500000000000002,0.030500000000000006,0.258284769939984,0.557971644776898,0.0179829520744542,0.0334652518048186,0.132295381403844,0.0,0.187643970365451,0.0942992923402577,0.125645921099052,0.191192645319277,0.202803660738373,0.198414510137589,Wales,96373,51.6723809,-3.17839377287632
0.4381666666666667,0.026833333333333334,0.3388333333333333,0.11183333333333334,0.038500000000000006,0.010500000000000002,0.030500000000000006,0.466552439354315,0.455947335197042,0.0339796194426909,0.025520786364866,0.0,0.0179998196410857,0.176603026845841,0.085323129423405,0.107504518057084,0.189162720728543,0.231021636192918,0.210384968752208,Yorkshire & the Humber,99047,53.6779597,-1.7160311
0.4381666666666667,0.026833333333333334,0.3388333333333333,0.11183333333333334,0.038500000000000006,0.010500000000000002,0.030500000000000006,0.481108059892962,0.443765158652208,0.0732425985688227,0.0018841828860069,0.0,0.0,0.176689035773752,0.0926181946616882,0.114617286442303,0.179575155154145,0.20694283263535,0.229557495332761,South West,99095,50.214674,-5.330508
0.4381666666666667,0.026833333333333334,0.3388333333333333,0.11183333333333334,0.038500000000000006,0.010500000000000002,0.030500000000000006,0.167051122809093,0.531062084738077,0.299461761400603,0.0,0.0,0.0024250310522268,0.140252895239477,0.218853509344552,0.211366585269537,0.18865598027127,0.131258915403399,0.109612114471765,Eastern,124084,52.2055314,0.1186637
0.4381666666666667,0.026833333333333334,0.3388333333333333,0.11183333333333334,0.038500000000000006,0.010500000000000002,0.030500000000000006,0.559279172067918,0.380963512336103,0.016873153834711,0.0428841617612682,0.0,0.0,0.179478506551,0.0919328684129368,0.137207891045474,0.184233826440772,0.212616520259851,0.194530387289965,West Midlands,100519,52.7069197,-1.97843475467299
0.4381666666666667,0.026833333333333334,0.3388333333333333,0.11183333333333334,0.038500000000000006,0.010500000000000002,0.030500000000000006,0.457244045012281,0.460614253889069,0.08214170109865,0.0,0.0,0.0,0.150871632329635,0.206395077840962,0.111410459587956,0.159345576582455,0.174149342779901,0.19782791087909,South East,107270,51.2800275,1.0802533
0.4381666666666667,0.026833333333333334,0.3388333333333333,0.11183333333333334,0.038500000000000006,0.010500000000000002,0.030500000000000006,0.237124577550109,0.620315854358408,0.0978595872212893,0.0121580547112462,0.0313516270963079,0.0011902990626394,0.191937708894629,0.164199279689655,0.157023951707728,0.185604903295096,0.158542343693581,0.14269181271931,Wales,108008,51.5246206,-3.10187012759086
0.4381666666666667,0.026833333333333334,0.3388333333333333,0.11183333333333334,0.038500000000000006,0.010500000000000002,0.030500000000000006,0.416147335131616,0.50306018044833,0.0334666542647195,0.0116826341735652,0.0356431959817691,0.0,0.178877634704072,0.123302552960348,0.124985355358874,0.191924678616694,0.192936490185428,0.187973288174585,Wales,93891,51.50059055,-3.20546911580268
0.4381666666666667,0.026833333333333334,0.3388333333333333,0.11183333333333334,0.038500000000000006,0.010500000000000002,0.030500000000000006,0.299801553791589,0.592319709508529,0.0489993244384394,0.0165090356358723,0.0394570173957101,0.0029133592298598,0.15357374338935,0.230280770639789,0.168941450538715,0.17169373549884,0.142273406163991,0.133236893769315,Wales,106457,51.4816546,-3.1791934
0.4381666666666667,0.026833333333333334,0.3388333333333333,0.11183333333333334,0.038500000000000006,0.010500000000000002,0.030500000000000006,0.295217633484523,0.566344394047903,0.0274528527094772,0.0158749104798281,0.0951102092782684,0.0,0.204497341593093,0.101292619872201,0.140793132042339,0.201356031413102,0.189122481830155,0.16293839324911,Wales,102505,51.50851295,-3.30768868132742
0.4381666666666667,0.026833333333333334,0.3388333333333333,0.11183333333333334,0.038500000000000006,0.010500000000000002,0.030500000000000006,0.526036173288019,0.399253877104574,0.0408414391187155,0.0317981171139497,0.0,0.0020703933747412,0.17032426482764,0.0945812999814928,0.126774008162629,0.180444756143888,0.215218725344087,0.212656945540263,North West,102662,54.8948478,-2.9362311
0.4381666666666667,0.026833333333333334,0.3388333333333333,0.11183333333333334,0.038500000000000006,0.010500000000000002,0.030500000000000006,0.387474955862808,0.186328380710559,0.413838249588383,0.0,0.0,0.0123584138382495,0.214173483283022,0.0941407254339938,0.128174606953425,0.23048574938341,0.19045261062916,0.142572824316989,London,105014,51.35830475,-0.131380592674323
0.4381666666666667,0.026833333333333334,0.3388333333333333,0.11183333333333334,0.038500000000000006,0.010500000000000002,0.030500000000000006,0.670870805001097,0.252138626891862,0.0232945821452072,0.0535424435183154,0.0,0.0001535424435183,0.16882393420061,0.0914572205655863,0.109567344977116,0.170200216272897,0.207960590272089,0.251990693711702,Eastern,91553,51.54450755,0.584008406730769
0.4381666666666667,0.026833333333333334,0.3388333333333333,0.11183333333333334,0.038500000000000006,0.010500000000000002,0.030500000000000006,0.555460517934812,0.276911317767384,0.120366157709876,0.0234945130939598,0.0,0.0237674934939671,0.165271247933707,0.0784654687533543,0.0939438826989545,0.168341169146218,0.230265558918872,0.263712672548893,South West,93160,50.7549392,-3.3564018
0.4381666666666667,0.026833333333333334,0.3388333333333333,0.11183333333333334,0.038500000000000006,0.010500000000000002,0.030500000000000006,0.619010432310126,0.306641837368094,0.0460343204981878,0.0269518031276906,0.0,0.0013616066959011,0.174981946391402,0.0910751454908457,0.10827917250754,0.176012064058451,0.21543264942016,0.2342190221316,Eastern,94164,51.45455195,-2.58441522958552
0.4381666666666667,0.026833333333333334,0.3388333333333333,0.11183333333333334,0.038500000000000006,0.010500000000000002,0.030500000000000006,0.244797445930425,0.256866982031965,0.23043080457085,0.0164690766804882,0.241449123011933,0.0099865677743386,0.144999520363245,0.130780955223244,0.0976647019324031,0.142974387397278,0.218160113407446,0.265420321676384,Wales,93821,52.1249769,-4.58522704943443
0.4381666666666667,0.026833333333333334,0.3388333333333333,0.11183333333333334,0.038500000000000006,0.010500000000000002,0.030500000000000006,0.573941750103164,0.344677801185848,0.0248029016354277,0.0507786199856655,0.0,0.0057989270898942,0.212231711003627,0.0963195284159613,0.14010542623942,0.201415129987908,0.191278718258767,0.158649486094317,South East,105854,51.3203555,0.5054466
0.4381666666666667,0.026833333333333334,0.3388333333333333,0.11183333333333334,0.038500000000000006,0.010500000000000002,0.030500000000000006,0.44585135234186,0.190885435754599,0.36326321190354,0.0,0.0,0.0,0.190136050859351,0.0804155887682108,0.102179536861509,0.200159197310403,0.202337686821186,0.22477193937934,North West,95479,52.9884392,-1.9937596
0.4381666666666667,0.026833333333333334,0.3388333333333333,0.11183333333333334,0.038500000000000006,0.010500000000000002,0.030500000000000006,0.544716669171802,0.302532692018638,0.123402976101007,0.0293476627085525,0.0,0.0,0.189694895018142,0.0960740236360753,0.147263755841394,0.214748761764404,0.182624593084536,0.169593970655449,Eastern,107209,51.7345329,0.4730532
0.4381666666666667,0.026833333333333334,0.3388333333333333,0.11183333333333334,0.038500000000000006,0.010500000000000002,0.030500000000000006,0.490291558851694,0.39569283429433,0.101689044640492,0.0120413194515189,0.0,0.0002852427619649,0.147866465863454,0.126129518072289,0.221360441767068,0.210416666666667,0.170055220883534,0.124171686746988,London,119520,51.47536985,-0.181046742926716
0.4381666666666667,0.026833333333333334,0.3388333333333333,0.11183333333333334,0.038500000000000006,0.010500000000000002,0.030500000000000006,0.474692959035777,0.0964413761537874,0.428865664810436,0.0,0.0,0.0,0.170236336779911,0.115683260808815,0.139666254141882,0.195446924028903,0.190476665735159,0.18849055850533,South West,100196,51.8995685,-2.0711559
0.4381666666666667,0.026833333333333334,0.3388333333333333,0.11183333333333334,0.038500000000000006,0.010500000000000002,0.030500000000000006,0.61981961836613,0.226911896243291,0.12516771019678,0.0281007751937984,0.0,0.0,0.200520885909834,0.0845127294017887,0.0904282166723869,0.202539823544851,0.210898225353819,0.21110011911732,South East,99061,51.6839371,-0.611320478287867
0.4381666666666667,0.026833333333333334,0.3388333333333333,0.11183333333333334,0.038500000000000006,0.010500000000000002,0.030500000000000006,0.397568423648123,0.573582686872902,0.0253779185554691,0.0034709709235058,0.0,0.0,0.151541850220264,0.124632450506873,0.133135183907436,0.179831219149727,0.194979035083064,0.215880261132636,Wales,94205,53.1908873,-2.8908955
0.4381666666666667,0.026833333333333334,0.3388333333333333,0.11183333333333334,0.038500000000000006,0.010500000000000002,0.030500000000000006,0.509299548683492,0.43101738479286,0.043492339762401,0.0142073627329946,0.0,0.0019833640282528,0.170927692225715,0.0846059572654126,0.0926519955240581,0.180209942985027,0.229242819843342,0.242361592156445,Wales,93835,53.1908873,-2.8908955
0.4381666666666667,0.026833333333333334,0.3388333333333333,0.11183333333333334,0.038500000000000006,0.010500000000000002,0.030500000000000006,0.353361611876988,0.557073170731707,0.0553976670201484,0.0341675503711558,0.0,0.0,0.168702609367124,0.0873435505839705,0.125374030737551,0.183374266685257,0.216975364914576,0.218230177711522,East Midlands,93241,53.2352134,-1.4264097
0.4381666666666667,0.026833333333333334,0.3388333333333333,0.11183333333333334,0.038500000000000006,0.010500000000000002,0.030500000000000006,0.618998073217726,0.234797687861272,0.109171483622351,0.0297109826589595,0.0,0.0073217726396917,0.153803314577612,0.0995525512261632,0.112380696330152,0.162301000518503,0.204386150212202,0.267576287135368,South East,104146,50.8364862,-0.7791721
0.4381666666666667,0.026833333333333334,0.3388333333333333,0.11183333333333334,0.038500000000000006,0.010500000000000002,0.030500000000000006,0.48668276268512,0.471645025759966,0.0405505598752875,0.0,0.0,0.0011216516796258,0.198585649295077,0.0958965812350795,0.132039097337958,0.221908923021485,0.19571190486915,0.15585784424125,Wales,111005,51.61820325,0.00226325
0.4381666666666667,0.026833333333333334,0.3388333333333333,0.11183333333333334,0.038500000000000006,0.010500000000000002,0.030500000000000006,0.580547682952007,0.18836689877813,0.219636254434205,0.0080519529270444,0.0,0.0033972109086131,0.176621334640203,0.102691333823409,0.125265457812628,0.185677530017153,0.213591440006534,0.196152903700073,South West,97944,51.4587621,-2.1159032
0.4381666666666667,0.026833333333333334,0.3388333333333333,0.11183333333333334,0.038500000000000006,0.010500000000000002,0.030500000000000006,0.476466846875497,0.468397201462872,0.0539632692001908,0.0011726824614406,0.0,0.0,0.201255967617647,0.0918326675583033,0.123160999459704,0.219094605007927,0.194621836830498,0.170033923525921,London,112899,51.65309,-0.2002261
0.4381666666666667,0.026833333333333334,0.3388333333333333,0.11183333333333334,0.038500000000000006,0.010500000000000002,0.030500000000000006,0.421620090634441,0.557949395770393,0.0204305135951661,0.0,0.0,0.0,0.186911072578648,0.0850532573693336,0.123784988853109,0.196759970274957,0.209095863264801,0.198394847659153,North West,100925,53.6531915,-2.6294313
0.4381666666666667,0.026833333333333334,0.3388333333333333,0.11183333333333334,0.038500000000000006,0.010500000000000002,0.030500000000000006,0.71372802847954,0.203806711300795,0.0824652602196646,0.0,0.0,0.0,0.140801889470517,0.0724561981218844,0.0821306505274393,0.148171278685546,0.210498824758422,0.345941158436191,South West,88068,50.76509225,-1.81452413842956
0.4381666666666667,0.026833333333333334,0.3388333333333333,0.11183333333333334,0.038500000000000006,0.010500000000000002,0.030500000000000006,0.45102475379292,0.431394729837636,0.102031762931417,0.0092272202998846,0.0,0.0063215331381421,0.113417957843325,0.144439536259908,0.219076353756011,0.210191613672165,0.180120185696068,0.132754352772522,London,119981,50.8832295,0.6209696
0.4381666666666667,0.026833333333333334,0.3388333333333333,0.11183333333333334,0.038500000000000006,0.010500000000000002,0.030500000000000006,0.310252502368497,0.558779915146023,0.0962021666598014,0.0268978868888248,0.0,0.0078675289368538,0.144853547342597,0.203593528073817,0.108640160506948,0.164936780524627,0.18493062246104,0.19304536109097,North East,100681,54.76470845,-1.57630517092966
0.4381666666666667,0.026833333333333334,0.3388333333333333,0.11183333333333334,0.038500000000000006,0.010500000000000002,0.030500000000000006,0.620455893568342,0.262202355732565,0.023239555969833,0.0738073044657232,0.0,0.0202948902635369,0.150475104135901,0.0796117691391092,0.0947764006151401,0.137795476071658,0.217122080884824,0.320219169153367,Eastern,98190,51.81876975,1.16813027577237
0.4381666666666667,0.026833333333333334,0.3388333333333333,0.11183333333333334,0.038500000000000006,0.010500000000000002,0.030500000000000006,0.207194610397864,0.652641837210288,0.130735985763315,0.0035591712215584,0.0,0.0058683954069742,0.138653941402827,0.128538499638054,0.304825313369147,0.202099287537623,0.150340991351393,0.0755419667009563,Wales,104988,51.4622924,-0.1388561
0.4381666666666667,0.026833333333333334,0.3388333333333333,0.11183333333333334,0.038500000000000006,0.010500000000000002,0.030500000000000006,0.427844254510921,0.50039886039886,0.0235517568850902,0.0012915479582146,0.0469135802469135,0.0,0.164561571434517,0.0868533854925298,0.0999521411627616,0.162782471180657,0.229940904740106,0.255909525989429,Wales,96116,52.4140074,-4.07879700657863
0.4381666666666667,0.026833333333333334,0.3388333333333333,0.11183333333333334,0.038500000000000006,0.010500000000000002,0.030500000000000006,0.461892307977668,0.445810843395841,0.022313727672361,0.0,0.0699831209541298,0.0,0.177700871200376,0.0884503435790231,0.109525190793883,0.162327335287116,0.210468407733779,0.251527851405823,Wales,99977,53.3352895,-3.40576670769421
0.4381666666666667,0.026833333333333334,0.3388333333333333,0.11183333333333334,0.038500000000000006,0.010500000000000002,0.030500000000000006,0.46702924576706,0.357927142124166,0.171452026680349,0.0002462801436634,0.0,0.0033453052847614,0.201382024928931,0.124539689481741,0.155783949267439,0.20874699322108,0.166262847146293,0.143284495954516,Eastern,114325,51.8896903,0.8994651
0.4381666666666667,0.026833333333333334,0.3388333333333333,0.11183333333333334,0.038500000000000006,0.010500000000000002,0.030500000000000006,0.468748088178314,0.48412423272223,0.0418867385851499,0.0,0.0,0.0052409405143055,0.182278344975819,0.0859430413756045,0.115529285330468,0.191585169263837,0.221225147770016,0.203439011284256,Yorkshire & the Humber,93050,51.5715504,0.2644778
0.4381666666666667,0.026833333333333334,0.3388333333333333,0.11183333333333334,0.038500000000000006,0.010500000000000002,0.030500000000000006,0.576309556249607,0.34781059383319,0.0525499402603391,0.0233299096568637,0.0,0.0,0.172122574327933,0.0764976855972939,0.111069076019227,0.180579045753961,0.215517625066762,0.244213993234823,North West,89872,53.1635322,-2.2108035
0.4381666666666667,0.026833333333333334,0.3388333333333333,0.11183333333333334,0.038500000000000006,0.010500000000000002,0.030500000000000006,0.497065639952153,0.451779306220096,0.0259980562200956,0.0251569976076555,0.0,0.0,0.200089199180054,0.0920466923400204,0.133901692211368,0.198862710454315,0.202610791385418,0.172488914428825,Wales,116591,52.4877341,-0.7032713
0.4381666666666667,0.026833333333333334,0.3388333333333333,0.11183333333333334,0.038500000000000006,0.010500000000000002,0.030500000000000006,0.316247974068071,0.627566180443004,0.0257518458490905,0.0281829641635152,0.0,0.0022510354763191,0.229130383321215,0.110211190206456,0.148585583605282,0.205914678480242,0.169831419827193,0.136326744559612,Wales,118282,52.4334327,-1.39838873485581
0.4381666666666667,0.026833333333333334,0.3388333333333333,0.11183333333333334,0.038500000000000006,0.010500000000000002,0.030500000000000006,0.372364434865706,0.54681495638737,0.026147245999634,0.0310066486387572,0.0,0.0236667141085334,0.194200818335182,0.114324593861554,0.146992758013254,0.196810543288813,0.180126944478102,0.167544342023096,West Midlands,107290,52.40531375,-1.47647338279221
0.4381666666666667,0.026833333333333334,0.3388333333333333,0.11183333333333334,0.038500000000000006,0.010500000000000002,0.030500000000000006,0.370889083406277,0.572985702971948,0.0282397565753824,0.0236338626985119,0.0,0.0042515943478804,0.171295677733983,0.231745607589017,0.139321263945487,0.172281047498163,0.149976618344579,0.13537978488877,West Midlands,119752,52.38884215,-1.48949082326318
0.4381666666666667,0.026833333333333334,0.3388333333333333,0.11183333333333334,0.038500000000000006,0.010500000000000002,0.030500000000000006,0.343637127257455,0.598152036959261,0.0388282234355312,0.0186686266274674,0.0,0.0007139857202855,0.174290833393747,0.0841471876715308,0.126308812411322,0.194102965087979,0.205712687842414,0.215437513593007,Wales,96557,55.0855893,-1.59069
0.4381666666666667,0.026833333333333334,0.3388333333333333,0.11183333333333334,0.038500000000000006,0.010500000000000002,0.030500000000000006,0.505758558271836,0.45688540568496,0.0373560360432041,0.0,0.0,0.0,0.210341539162651,0.0985459056653135,0.157114766273113,0.224443638020811,0.176601149434988,0.132953001443123,South East,118493,51.1103444,-0.1801094
0.4381666666666667,0.026833333333333334,0.3388333333333333,0.11183333333333334,0.038500000000000006,0.010500000000000002,0.030500000000000006,0.471406930505586,0.469911001704223,0.0245408066654042,0.0341223253171747,0.0,1.89358076121947e-05,0.18145455873758,0.0912843366452367,0.142661455289304,0.196056765049679,0.199709599649328,0.188833284628872,North West,109504,53.0996153,-2.4414627
0.4381666666666667,0.026833333333333334,0.3388333333333333,0.11183333333333334,0.038500000000000006,0.010500000000000002,0.030500000000000006,0.44136460554371,0.512803140505749,0.0230954705776856,0.0184325369148915,0.0,0.0043042464579638,0.204831999708696,0.105333588224049,0.137540850788796,0.204476973354817,0.197576717553777,0.150239870369865,Wales,109851,51.3758448,-0.0927317
0.4381666666666667,0.026833333333333334,0.3388333333333333,0.11183333333333334,0.038500000000000006,0.010500000000000002,0.030500000000000006,0.545485115221046,0.37632281673425,0.0560577588764711,0.0185342696073583,0.0,0.0036000395608742,0.197589025911043,0.0852352580217344,0.133454739800867,0.219511470931729,0.188691383439894,0.175518121894733,London,101039,51.3629173,-0.0933556
0.4381666666666667,0.026833333333333334,0.3388333333333333,0.11183333333333334,0.038500000000000006,0.010500000000000002,0.030500000000000006,0.291728069495075,0.658729543162957,0.0317614209260839,0.0145621655161715,0.0,0.003218800899713,0.217774258589585,0.108332040847979,0.178069108511628,0.228786233806519,0.173914108225921,0.0931242500183669,Wales,122503,51.3784565,-0.102629261607142
0.4381666666666667,0.026833333333333334,0.3388333333333333,0.11183333333333334,0.038500000000000006,0.010500000000000002,0.030500000000000006,0.396964769647696,0.514211382113821,0.0109918699186991,0.0707642276422764,0.0,0.0070677506775067,0.235778223337052,0.10826251457622,0.14413469685657,0.21305190392698,0.172892844858684,0.125879816444493,London,119204,51.56075915,0.15564382375908
0.4381666666666667,0.026833333333333334,0.3388333333333333,0.11183333333333334,0.038500000000000006,0.010500000000000002,0.030500000000000006,0.43573674416615,0.513699655637071,0.0230573439137595,0.0275062562830192,0.0,0.0,0.184203227562687,0.0940738990641917,0.127150766828627,0.187213017082867,0.207644659934873,0.199714429526754,North East,97349,54.5242081,-1.5555812
0.4381666666666667,0.026833333333333334,0.3388333333333333,0.11183333333333334,0.038500000000000006,0.010500000000000002,0.030500000000000006,0.584298828743273,0.337427455945974,0.0267173156062044,0.0476100031655587,0.0,0.0039463965389891,0.225971830468298,0.0888360084894479,0.155446936356704,0.226826287887836,0.171167115333376,0.131751821464338,South East,108841,51.4443059,0.21807
0.4381666666666667,0.026833333333333334,0.3388333333333333,0.11183333333333334,0.038500000000000006,0.010500000000000002,0.030500000000000006,0.645313262509854,0.255696535155223,0.071361537595255,0.027553586846353,0.0,7.50778933143136e-05,0.17693891688255,0.0853094960192065,0.12006908266196,0.188155360074397,0.221358688947723,0.208168455414164,East Midlands,105381,52.2578681,-1.1626569
0.4381666666666667,0.026833333333333334,0.3388333333333333,0.11183333333333334,0.038500000000000006,0.010500000000000002,0.030500000000000006,0.443930802103879,0.485330374753452,0.0464743589743589,0.0242644641683103,0.0,0.0,0.181952032236817,0.134826998333915,0.142634352357705,0.191938858537719,0.179617575264443,0.169030183269402,East Midlands,103235,52.9497463,-1.4906424
0.4381666666666667,0.026833333333333334,0.3388333333333333,0.11183333333333334,0.038500000000000006,0.010500000000000002,0.030500000000000006,0.338491037188977,0.589271381432266,0.0274012307143494,0.0448363506644073,0.0,0.0,0.224855715683958,0.120549124168888,0.148460967295555,0.204259340510986,0.16711667622937,0.134758176111242,East Midlands,118517,52.86789915,-1.36915564065248
0.4381666666666667,0.026833333333333334,0.3388333333333333,0.11183333333333334,0.038500000000000006,0.010500000000000002,0.030500000000000006,0.610707647498419,0.323088125395213,0.0610880104240519,0.0,0.0,0.0051162166823155,0.153723874665562,0.0795710239675805,0.0913365200550773,0.168970882915962,0.244713362961636,0.261684335434181,East Midlands,89331,53.1302876,-1.65617327896854
0.4381666666666667,0.026833333333333334,0.3388333333333333,0.11183333333333334,0.038500000000000006,0.010500000000000002,0.030500000000000006,0.434731656934017,0.535037540221666,0.0223056449370357,0.0,0.0,0.0079251579072816,0.232245755362408,0.124535065235406,0.140087494459327,0.202981364065601,0.166904353523868,0.133245967353389,Wales,103777,53.7024493,-1.6273877
0.4381666666666667,0.026833333333333334,0.3388333333333333,0.11183333333333334,0.038500000000000006,0.010500000000000002,0.030500000000000006,0.557053509381515,0.273086468777921,0.148952645686489,0.0206889705152387,0.0,0.0002184056388364,0.197678359600068,0.0820199966107439,0.142781826055847,0.207676664972039,0.193780715133028,0.176062437628274,Wales,106218,51.6056908,-1.2467923
0.4381666666666667,0.026833333333333334,0.3388333333333333,0.11183333333333334,0.038500000000000006,0.010500000000000002,0.030500000000000006,0.349388007600194,0.575228668640361,0.0222924307366002,0.0,0.0,0.0530908930228447,0.185469559556614,0.0940456762709899,0.144876356599517,0.196679062218536,0.195867554865923,0.18306179048842,Yorkshire & the Humber,112140,53.52604325,-1.1385744
0.4381666666666667,0.026833333333333334,0.3388333333333333,0.11183333333333334,0.038500000000000006,0.010500000000000002,0.030500000000000006,0.461442957649331,0.481537683358624,0.0185542833494275,0.0129673058352876,0.0,0.0254977698073297,0.174461180439169,0.0881433009169807,0.122025683999274,0.178026623397419,0.219936590625233,0.217406620621924,Wales,93677,53.5227681,-1.1335312
0.4381666666666667,0.026833333333333334,0.3388333333333333,0.11183333333333334,0.038500000000000006,0.010500000000000002,0.030500000000000006,0.278341281560919,0.606768500810961,0.016872836427897,0.0626497857609721,0.0,0.0353675954392505,0.189314666225494,0.0957068409297708,0.13056290842915,0.173690958722806,0.212186698651667,0.198537927041112,Yorkshire & the Humber,96712,53.5580363,-1.1837572
0.4381666666666667,0.026833333333333334,0.3388333333333333,0.11183333333333334,0.038500000000000006,0.010500000000000002,0.030500000000000006,0.624714628578119,0.161817791566665,0.17174969267693,0.0278249331694276,0.0,0.0138929540088587,0.177982903067642,0.0822017096932358,0.104372295295146,0.194472276109062,0.218156430535718,0.222814385299196,Wales,93815,51.2325184,-0.3306724
0.4381666666666667,0.026833333333333334,0.3388333333333333,0.11183333333333334,0.038500000000000006,0.010500000000000002,0.030500000000000006,0.532958183758611,0.406791500921704,0.0262151935577762,0.0339963131852139,0.0,3.88085766954497e-05,0.17761198373968,0.0867055387928943,0.118779893861632,0.170752767456075,0.212131207978811,0.234018608170908,Wales,103073,51.2209803,1.3959799
0.4381666666666667,0.026833333333333334,0.3388333333333333,0.11183333333333334,0.038500000000000006,0.010500000000000002,0.030500000000000006,0.66957086103135,0.235318412461157,0.0642135074538803,0.0308972190536128,0.0,0.0,0.168204504672347,0.0828373356343704,0.115999725444437,0.179784866105135,0.216673367129816,0.236500201013894,Wales,101984,52.26851,-2.1486075
0.4381666666666667,0.026833333333333334,0.3388333333333333,0.11183333333333334,0.038500000000000006,0.010500000000000002,0.030500000000000006,0.482704056964529,0.452529559140258,0.0105489868577205,0.0542173970374928,0.0,0.0,0.205640888519168,0.0991810016142289,0.139863533279856,0.185527397328104,0.190914762767759,0.178872416490884,Wales,100977,52.5110832,-2.0816813
0.4381666666666667,0.026833333333333334,0.3388333333333333,0.11183333333333334,0.038500000000000006,0.010500000000000002,0.030500000000000006,0.194323101334012,0.721326568590962,0.0800799232110325,0.0,0.0,0.0042704068639934,0.189353974285954,0.104378110381789,0.199139130353591,0.228718686100036,0.181072072156189,0.0973380267224395,London,107099,51.44592435,-0.0867103990721076
0.4381666666666667,0.026833333333333334,0.3388333333333333,0.11183333333333334,0.038500000000000006,0.010500000000000002,0.030500000000000006,0.602049962975954,0.344401574496278,0.0480143419462956,3.8972680151214e-05,0.0,0.0054951479013211,0.202811579707729,0.0849493434090867,0.146542942342242,0.209340445629827,0.189781630271712,0.166574058639403,Wales,107980,51.8861316,-0.5209341
0.4381666666666667,0.026833333333333334,0.3388333333333333,0.11183333333333334,0.038500000000000006,0.010500000000000002,0.030500000000000006,0.253002752523146,0.283447326716156,0.0278380181833347,0.013616648594545,0.422095253982818,0.0,0.167920913642185,0.084039839541062,0.106669206913706,0.160691793943628,0.223689920511436,0.256988325447983,Wales,94479,52.9262284,-4.13143829999999
0.4381666666666667,0.026833333333333334,0.3388333333333333,0.11183333333333334,0.038500000000000006,0.010500000000000002,0.030500000000000006,0.339019114776584,0.604111347530202,0.0554099917351012,0.0013540366117431,0.0,0.0001055093463695,0.171461797532207,0.117801640161298,0.197227130623896,0.236902118919245,0.162392581517225,0.11421473124613,London,132426,51.5126553,-0.3051952
0.4381666666666667,0.026833333333333334,0.3388333333333333,0.11183333333333334,0.038500000000000006,0.010500000000000002,0.030500000000000006,0.28861828537759,0.668997348522047,0.0246096435235195,0.0177747225768437,0.0,0.0,0.208358120166567,0.108652431196969,0.145715269732928,0.230267071605247,0.182825072795016,0.124182034503272,London,127756,51.5174885,-0.2887523
0.4381666666666667,0.026833333333333334,0.3388333333333333,0.11183333333333334,0.038500000000000006,0.010500000000000002,0.030500000000000006,0.235404235404235,0.703268203268203,0.0441480441480441,0.0101205101205101,0.0,0.007059007059007,0.203191301980753,0.107019903604426,0.149621303101632,0.238683127572016,0.179901042417255,0.121583321323918,Wales,124902,51.52959275,-0.355178079169097
0.4381666666666667,0.026833333333333334,0.3388333333333333,0.11183333333333334,0.038500000000000006,0.010500000000000002,0.030500000000000006,0.525729177107347,0.358745113761652,0.110494136513982,0.0014232735291169,0.0,0.0036082990879021,0.205363477273802,0.123312680319727,0.131012628293052,0.219987702785792,0.177004209431017,0.143319301896609,Wales,105714,51.4400687,-0.9277274
0.4381666666666667,0.026833333333333334,0.3388333333333333,0.11183333333333334,0.038500000000000006,0.010500000000000002,0.030500000000000006,0.251192139106979,0.630533211309667,0.0142815856654303,0.0472279755310437,0.0,0.0567650883868792,0.180625912252082,0.0960440456769983,0.12105048510346,0.179906842963853,0.219605907100541,0.202766806903065,North East,93176,54.7850506,-1.3530807
0.4381666666666667,0.026833333333333334,0.3388333333333333,0.11183333333333334,0.038500000000000006,0.010500000000000002,0.030500000000000006,0.594723796033994,0.223048473402581,0.15505980484734,0.0223677998111425,0.0,0.0048001259049417,0.180392854154464,0.0830788218559116,0.10052506066438,0.187954982846624,0.222920676094051,0.22512760438457,Wales,95607,50.90894935,-1.40282796619078
0.4381666666666667,0.026833333333333334,0.3388333333333333,0.11183333333333334,0.038500000000000006,0.010500000000000002,0.030500000000000006,0.128936382611852,0.839141482893184,0.0116616752881386,0.0124103820673382,0.0,0.0078500771394863,0.244163773037738,0.131193955813332,0.163849353226237,0.236845117716641,0.145915213492578,0.0780325867134735,London,131034,51.5329628,0.0553201
0.4381666666666667,0.026833333333333334,0.3388333333333333,0.11183333333333334,0.038500000000000006,0.010500000000000002,0.030500000000000006,0.66158038147139,0.178935233703626,0.144372249004402,0.0073150282959547,0.0,0.0077971075246279,0.169686096680461,0.084419300871709,0.0957118957471163,0.178128026767632,0.228735581579642,0.243319098353438,South East,90856,51.07788895,-0.943907586453713
0.4381666666666667,0.026833333333333334,0.3388333333333333,0.11183333333333334,0.038500000000000006,0.010500000000000002,0.030500000000000006,0.606740442655936,0.202816901408451,0.107464788732394,0.0374044265593561,0.0,0.0455734406438631,0.197761306912721,0.0873796198255432,0.106539605707659,0.199062169112086,0.20913628800484,0.20012101043715,South East,99165,51.4805123,-0.1538335
0.4381666666666667,0.026833333333333334,0.3388333333333333,0.11183333333333334,0.038500000000000006,0.010500000000000002,0.030500000000000006,0.526422368472293,0.378305229954437,0.0313875150901514,0.0584719031114918,0.0,0.0054129833716266,0.186982507566096,0.0915069379675276,0.119534804042865,0.180929630546091,0.201229609608466,0.219816510268953,Wales,105074,51.34604635,1.40742551002479
0.4381666666666667,0.026833333333333334,0.3388333333333333,0.11183333333333334,0.038500000000000006,0.010500000000000002,0.030500000000000006,0.616841190348082,0.254749389512023,0.092545838334506,0.0312487065932701,0.0,0.0046148752121187,0.197645570370956,0.0989117434838046,0.130936730881379,0.186249023929782,0.196647260578624,0.189609670755454,Wales,101169,51.3524914,-1.99633064
0.4381666666666667,0.026833333333333334,0.3388333333333333,0.11183333333333334,0.038500000000000006,0.010500000000000002,0.030500000000000006,0.501273049918988,0.402785278913664,0.0486652264485765,0.0278527891366406,0.0,0.019423655582131,0.17925399502128,0.0853408817152493,0.107203083594315,0.19884766722878,0.207439974303381,0.221914398136995,South East,99623,50.90894935,-1.40282796619078
0.4381666666666667,0.026833333333333334,0.3388333333333333,0.11183333333333334,0.038500000000000006,0.010500000000000002,0.030500000000000006,0.444836700018879,0.0820653199924485,0.473097979988673,0.0,0.0,0.0,0.168261429681277,0.0932665925831227,0.115462153470945,0.177623491695104,0.200330425718135,0.245055906851417,South East,101689,50.7664372,0.2781546
0.4381666666666667,0.026833333333333334,0.3388333333333333,0.11183333333333334,0.038500000000000006,0.010500000000000002,0.030500000000000006,0.5202151217969,0.178572181799009,0.279278709269219,0.0209005588948644,0.0,0.0010334282400084,0.189441392137161,0.0864848109113453,0.12639758855848,0.200194540051735,0.199179083737734,0.198302584603544,South East,93554,50.9202337,-1.29926561951309
0.4381666666666667,0.026833333333333334,0.3388333333333333,0.11183333333333334,0.038500000000000006,0.010500000000000002,0.030500000000000006,0.290635682891095,0.669318736773563,0.0256796353573172,0.0143659449780237,0.0,0.0,0.222569198012775,0.114565097389796,0.132229319454302,0.207176090213705,0.187138238309282,0.13632205662014,Wales,126808,51.6267968,-0.0769118
0.4381666666666667,0.026833333333333334,0.3388333333333333,0.11183333333333334,0.038500000000000006,0.010500000000000002,0.030500000000000006,0.37801440651425,0.589635415707154,0.0217387299423371,0.0106114478362594,0.0,0.0,0.186697917870994,0.0919563183839063,0.139295586643263,0.186288008576564,0.206951641213752,0.188810527311521,Wales,95143,52.9074234,-2.8938664
0.4381666666666667,0.026833333333333334,0.3388333333333333,0.11183333333333334,0.038500000000000006,0.010500000000000002,0.030500000000000006,0.443503309868559,0.495068582002709,0.0419313607661344,0.0074209733112039,0.0,0.0120757740513935,0.205506248867959,0.0980981706212642,0.134486506067741,0.223745698243072,0.184223872486868,0.153939503713095,Wales,110420,51.4505687,0.0541253
0.4381666666666667,0.026833333333333334,0.3388333333333333,0.11183333333333334,0.038500000000000006,0.010500000000000002,0.030500000000000006,0.551394939290018,0.273055890258597,0.168616183149504,0.0061173417369543,0.0,0.0008156455649272,0.184774673126701,0.0799192179692611,0.120044752486513,0.206600991760612,0.203386777157269,0.205273587499644,Wales,105469,52.3990199,0.262039
0.4381666666666667,0.026833333333333334,0.3388333333333333,0.11183333333333334,0.038500000000000006,0.010500000000000002,0.030500000000000006,0.357723577235772,0.602923175299169,0.0217959258244267,0.0175573216406321,0.0,0.0,0.236716492902902,0.112572227107147,0.132238412259766,0.215409496294435,0.180245886195202,0.122817485240548,London,127376,51.58646195,-0.0724400066499359
0.4381666666666667,0.026833333333333334,0.3388333333333333,0.11183333333333334,0.038500000000000006,0.010500000000000002,0.030500000000000006,0.635005853146571,0.266802567311185,0.058208533484035,0.0377628870140879,0.0,0.0022201590441206,0.189732295128298,0.0920838490249773,0.126026916667479,0.207897634802608,0.199935680664243,0.184323623712395,Wales,102613,51.6676884,0.0548011292574446
0.4381666666666667,0.026833333333333334,0.3388333333333333,0.11183333333333334,0.038500000000000006,0.010500000000000002,0.030500000000000006,0.616233800863954,0.24361367393739,0.137148240982703,0.0030042842159529,0.0,0.0,0.197936175341653,0.0917780785848059,0.1087726455154,0.216210202303028,0.196239500083443,0.18906339817167,South East,107858,51.3363098,-0.267381692674653
0.4381666666666667,0.026833333333333334,0.3388333333333333,0.11183333333333334,0.038500000000000006,0.010500000000000002,0.030500000000000006,0.528224656864742,0.435893780800717,0.0253125890929825,0.0,0.0,0.010568973241559,0.174454403127003,0.0929064525958537,0.136323039581385,0.186958212060396,0.211955322524719,0.197402570110643,East Midlands,95173,52.93800485,-1.35131723923961
0.4381666666666667,0.026833333333333334,0.3388333333333333,0.11183333333333334,0.038500000000000006,0.010500000000000002,0.030500000000000006,0.352671520474594,0.584113409607458,0.0266188990330906,0.0291613698524596,0.0,0.0074348010323972,0.232520060161963,0.107454304321733,0.152197912113152,0.226459409197668,0.179848705999155,0.101519608206329,London,134969,51.47253155,0.162351392919021
0.4381666666666667,0.026833333333333334,0.3388333333333333,0.11183333333333334,0.038500000000000006,0.010500000000000002,0.030500000000000006,0.598377086465441,0.204001387764543,0.170868509309587,0.0184649782198064,0.0,0.0082880382406229,0.219012921402895,0.0770815117069853,0.0997085397843194,0.231895462935976,0.198824443796755,0.173477120373069,South East,102929,51.38712105,-0.374287723331783
0.4381666666666667,0.026833333333333334,0.3388333333333333,0.11183333333333334,0.038500000000000006,0.010500000000000002,0.030500000000000006,0.33623236652657,0.626773750572178,0.0286712995713869,0.0001664516665973,0.0,0.0081561316632682,0.135590387035872,0.239576777847703,0.137370201384519,0.169829688483323,0.159190135305223,0.158442809943361,South West,101694,50.7255794,-3.5269497
0.4381666666666667,0.026833333333333334,0.3388333333333333,0.11183333333333334,0.038500000000000006,0.010500000000000002,0.030500000000000006,0.467898209236569,0.18329877474081,0.0271630537229029,0.0174740810556079,0.0,0.304165881244109,0.175482837986591,0.0862703892724907,0.119903932752927,0.182317622335635,0.195506854798359,0.240518362853998,Wales,99930,50.6977053,-3.3057308
0.4381666666666667,0.026833333333333334,0.3388333333333333,0.11183333333333334,0.038500000000000006,0.010500000000000002,0.030500000000000006,0.657648840301374,0.226307430935145,0.0886209188949623,0.0274228098685182,0.0,0.0,0.162900140675445,0.0837373113785181,0.116790980578692,0.173577305711018,0.21550668461375,0.247487577042577,Wales,98809,50.8526637,-1.1783134
0.4381666666666667,0.026833333333333334,0.3388333333333333,0.11183333333333334,0.038500000000000006,0.010500000000000002,0.030500000000000006,0.592270035386223,0.143158357932564,0.11893804660714,0.0116609523111054,0.0,0.133972607762967,0.189388797956006,0.0929378418300131,0.100572877160765,0.19611561339774,0.21133578186754,0.209649087787936,Wales,100196,51.2151749,-0.7984854
0.4381666666666667,0.026833333333333334,0.3388333333333333,0.11183333333333334,0.038500000000000006,0.010500000000000002,0.030500000000000006,0.62718525836519,0.272045874318113,0.0638073965894935,0.0321936342940595,0.0,0.0047678364331429,0.194284906784023,0.0859282736623229,0.117764027818433,0.187633111606827,0.207618778451817,0.206770901676575,South East,99072,51.3158434,0.8911283
0.4381666666666667,0.026833333333333334,0.3388333333333333,0.11183333333333334,0.038500000000000006,0.010500000000000002,0.030500000000000006,0.322858506818323,0.62168164553021,0.0265468357583179,0.0289130118931484,0.0,0.0,0.216164862977177,0.108521775701636,0.153635291732068,0.239408800402544,0.168888421590201,0.113380847596374,London,133153,51.4442232,-0.410659
0.4381666666666667,0.026833333333333334,0.3388333333333333,0.11183333333333334,0.038500000000000006,0.010500000000000002,0.030500000000000006,0.52078038863041,0.414278453297885,0.064941158071705,0.0,0.0,0.0,0.190859038019023,0.137114429714648,0.152607111914366,0.205410793638964,0.171528120662189,0.14248050605081,South West,107341,51.5117457,-2.5720005
0.4381666666666667,0.026833333333333334,0.3388333333333333,0.11183333333333334,0.038500000000000006,0.010500000000000002,0.030500000000000006,0.477966299114769,0.445837863022208,0.0672464668426774,0.0089493710203447,0.0,0.0,0.206410998438082,0.0930966406875609,0.151125452916505,0.228095491052669,0.169511682669056,0.151759734236127,London,126127,51.5973246,-0.1805587
0.4381666666666667,0.026833333333333334,0.3388333333333333,0.11183333333333334,0.038500000000000006,0.010500000000000002,0.030500000000000006,0.571132965468138,0.297748309006764,0.0748932004271983,0.0454788180847276,0.0,0.0107467070131719,0.164548691646794,0.0858079339670924,0.112345235372905,0.170091361493145,0.2166105866083,0.250596190911764,South East,91833,51.05774845,1.00607206984296
0.4381666666666667,0.026833333333333334,0.3388333333333333,0.11183333333333334,0.038500000000000006,0.010500000000000002,0.030500000000000006,0.556070142105055,0.368008550053438,0.0401575426513082,0.0244824446819459,0.0,0.0112813205082531,0.160550458715596,0.0935998252512014,0.104674530362604,0.161959370904325,0.226878549584972,0.252337265181302,South West,91560,51.80017015,-2.53075276336614
0.4381666666666667,0.026833333333333334,0.3388333333333333,0.11183333333333334,0.038500000000000006,0.010500000000000002,0.030500000000000006,0.568160171442178,0.245019445987777,0.173287562504961,0.0,0.0,0.0135328200650845,0.184837106331257,0.0894016018058298,0.110541966010462,0.180279122262496,0.21763288694029,0.217307316649665,Wales,92146,51.291291,-2.4992598
0.4381666666666667,0.026833333333333334,0.3388333333333333,0.11183333333333334,0.038500000000000006,0.010500000000000002,0.030500000000000006,0.602946228302382,0.345666538686928,0.0513872330106896,0.0,0.0,0.0,0.149040259254643,0.0751693049150359,0.0997133241929452,0.164121899538826,0.232550168266234,0.279405043832315,North West,96276,53.79336215,-2.89426008005
0.4381666666666667,0.026833333333333334,0.3388333333333333,0.11183333333333334,0.038500000000000006,0.010500000000000002,0.030500000000000006,0.633445911370382,0.294238051376522,0.0723160372530958,0.0,0.0,0.0,0.168528580286486,0.0809958698096749,0.103885321534791,0.166741983962671,0.227780521896314,0.252067722510063,East Midlands,95153,53.3995376,-0.7758801
0.4381666666666667,0.026833333333333334,0.3388333333333333,0.11183333333333334,0.038500000000000006,0.010500000000000002,0.030500000000000006,0.254705414184,0.634365118630214,0.0557121039385661,0.0540557981457979,0.0,0.0011615651014218,0.176974892835273,0.101561543172076,0.143508879363135,0.191324760155134,0.199418248622168,0.187211675852215,Wales,97980,54.9625789,-1.6019294
0.4381666666666667,0.026833333333333334,0.3388333333333333,0.11183333333333334,0.038500000000000006,0.010500000000000002,0.030500000000000006,0.437977941176471,0.518400735294118,0.0205882352941176,0.0230330882352941,0.0,0.0,0.178569661954274,0.0847439182437846,0.126383791216945,0.191905501528477,0.209178777416132,0.209218349640387,East Midlands,101081,53.02605385,-1.1071169188526
0.4381666666666667,0.026833333333333334,0.3388333333333333,0.11183333333333334,0.038500000000000006,0.010500000000000002,0.030500000000000006,0.560333416066849,0.365289153636138,0.028377595764044,0.0433730454206999,0.0,0.0026267891122693,0.197814549470742,0.106858365994546,0.131938267864299,0.192331375289553,0.192526853869987,0.178530587510874,South East,102313,51.3647379,0.6045482
0.4381666666666667,0.026833333333333334,0.3388333333333333,0.11183333333333334,0.038500000000000006,0.010500000000000002,0.030500000000000006,0.564386099777265,0.159087773244239,0.263083200283839,0.0,0.0,0.0134429266946563,0.163179870821825,0.0900332731661701,0.100841615379597,0.157917056303416,0.224604745231933,0.263423439097058,Wales,91963,51.14804,-2.716577
0.4381666666666667,0.026833333333333334,0.3388333333333333,0.11183333333333334,0.038500000000000006,0.010500000000000002,0.030500000000000006,0.510324892593399,0.406778989882991,0.0509414163812389,0.0280346076936783,0.0,0.0039200934486923,0.195000644246875,0.112579993987029,0.144972726882275,0.195782330455697,0.191298372202895,0.160365932225229,South West,116417,51.8653705,-2.2458192
0.4381666666666667,0.026833333333333334,0.3388333333333333,0.11183333333333334,0.038500000000000006,0.010500000000000002,0.030500000000000006,0.584569791176009,0.162427382634636,0.143625372899984,0.0103038153556288,0.0,0.0990736379337415,0.188080431177446,0.0839759535655058,0.100829187396352,0.199917081260365,0.209660033167496,0.217537313432836,Wales,96480,51.1857892,-0.6149074
0.4381666666666667,0.026833333333333334,0.3388333333333333,0.11183333333333334,0.038500000000000006,0.010500000000000002,0.030500000000000006,0.611075828781913,0.319228466186424,0.0382682223149643,0.0182177786648763,0.0,0.0132097040518226,0.169409898845328,0.0825967545403554,0.110515830802855,0.18426396920875,0.22283039668878,0.230383149913931,Wales,103404,53.7035625,-0.8715949
0.4381666666666667,0.026833333333333334,0.3388333333333333,0.11183333333333334,0.038500000000000006,0.010500000000000002,0.030500000000000006,0.145923843598262,0.729150694266973,0.0622071726722889,0.0258752875031944,0.0,0.036843001959281,0.238096913509662,0.112183236724749,0.14274907862678,0.210143461548611,0.17089604095383,0.125931268636368,Wales,113690,53.4689321,-2.1677485
0.4381666666666667,0.026833333333333334,0.3388333333333333,0.11183333333333334,0.038500000000000006,0.010500000000000002,0.030500000000000006,0.632457642858617,0.277276760839507,0.0480425944651959,0.0369399673937718,0.0,0.0052830344429081,0.173480835151137,0.0932377687753194,0.116588760776981,0.174581905058689,0.211717045808663,0.230393684429209,South East,96270,50.7952074,-1.1210853
0.4381666666666667,0.026833333333333334,0.3388333333333333,0.11183333333333334,0.038500000000000006,0.010500000000000002,0.030500000000000006,0.401986183074266,0.522659007283923,0.0234850191484568,0.0110572951866035,0.0377337238116693,0.0030787714950814,0.168380703066567,0.0927345632843015,0.102998005484916,0.176815839773955,0.212966425662761,0.246104462727499,Wales,96264,51.5251128,-0.1354765
0.4381666666666667,0.026833333333333334,0.3388333333333333,0.11183333333333334,0.038500000000000006,0.010500000000000002,0.030500000000000006,0.63477825608169,0.267033737110822,0.052237461207328,0.0309540494543998,0.0,0.0149964961457603,0.178480026705241,0.0835550340390665,0.111120102774715,0.178743032865654,0.217627482120639,0.230474321494684,Wales,98855,52.913192,-0.6438974
0.4381666666666667,0.026833333333333334,0.3388333333333333,0.11183333333333334,0.038500000000000006,0.010500000000000002,0.030500000000000006,0.564216762646559,0.370592865724821,0.0250652525168827,0.0360856775904213,0.0,0.0040394415213158,0.209034527272897,0.0969495140363514,0.132346750731986,0.199156228660162,0.190260147239034,0.172252832059569,South East,106900,51.39723695,0.396172587146342
0.4381666666666667,0.026833333333333334,0.3388333333333333,0.11183333333333334,0.038500000000000006,0.010500000000000002,0.030500000000000006,0.475571824548782,0.446435750407313,0.0256659825225873,0.0450900319502338,0.0,0.0072364105710839,0.197713924027068,0.0972606182457904,0.135703182448596,0.175374419405583,0.205346588106075,0.188601267766887,Wales,107435,53.5645868,-0.0817374
0.4381666666666667,0.026833333333333334,0.3388333333333333,0.11183333333333334,0.038500000000000006,0.010500000000000002,0.030500000000000006,0.548401899823326,0.365463598191955,0.0226464447146823,0.0634880572700364,0.0,0.0,0.17071679197995,0.0912280701754386,0.11722305764411,0.169273182957393,0.211588972431078,0.23996992481203,Eastern,99745,52.6071742,1.7314845
0.4381666666666667,0.026833333333333334,0.3388333333333333,0.11183333333333334,0.038500000000000006,0.010500000000000002,0.030500000000000006,0.262150088670393,0.664354501986666,0.0734954093429411,0.0,0.0,0.0,0.188157166574433,0.109224809501511,0.232046315610234,0.247618236771529,0.141552083776766,0.0814013877655272,London,117455,51.4859955,0.0131852
0.4381666666666667,0.026833333333333334,0.3388333333333333,0.11183333333333334,0.038500000000000006,0.010500000000000002,0.030500000000000006,0.573362240712528,0.183347005742412,0.234462283682956,0.0050197273330989,0.0,0.003808742529005,0.166686325391209,0.176663128096249,0.121097743178423,0.19057167570968,0.181518833058111,0.163462294566328,South East,101736,51.2356068,-0.5732063
0.4381666666666667,0.026833333333333334,0.3388333333333333,0.11183333333333334,0.038500000000000006,0.010500000000000002,0.030500000000000006,0.130202228993969,0.790845355552241,0.0695761501907217,0.0,0.0,0.0093762652630681,0.225281246774693,0.114812330133829,0.20906010252176,0.218460797467919,0.148647951284962,0.0837375718168369,London,116268,51.5432402,-0.0493621
0.4381666666666667,0.026833333333333334,0.3388333333333333,0.11183333333333334,0.038500000000000006,0.010500000000000002,0.030500000000000006,0.113982109872777,0.814395118610298,0.0598758898366643,0.0,0.0,0.0117468816802606,0.160070008973231,0.118180122071484,0.273941203123751,0.223797720266176,0.148760183729133,0.0752507618362252,London,112557,51.5432402,-0.0493621
0.4381666666666667,0.026833333333333334,0.3388333333333333,0.11183333333333334,0.038500000000000006,0.010500000000000002,0.030500000000000006,0.532154863897625,0.398915518924195,0.0206702093048476,0.0453746882116907,0.0,0.0028847196616419,0.19313467810887,0.0953903965715612,0.132577556815183,0.186537466882,0.193398566557945,0.198961335064442,Wales,94737,52.4492074,-2.0514646
0.4381666666666667,0.026833333333333334,0.3388333333333333,0.11183333333333334,0.038500000000000006,0.010500000000000002,0.030500000000000006,0.418953611017135,0.525522895978029,0.0226273159664868,0.0321996457640948,0.0,0.0006965312742542,0.209185380725758,0.0995687091017251,0.132659131469363,0.19274241522903,0.194145969660916,0.171698393813206,Yorkshire & the Humber,107584,53.7229229,-1.8604874
0.4381666666666667,0.026833333333333334,0.3388333333333333,0.11183333333333334,0.038500000000000006,0.010500000000000002,0.030500000000000006,0.586581541218638,0.228270609318996,0.158228793309438,0.0269190561529271,0.0,0.0,0.188776008596268,0.0856696297743479,0.120953404317671,0.195594412425515,0.213080003907395,0.195926540978802,Wales,102370,50.9328589,-1.2547935
0.4381666666666667,0.026833333333333334,0.3388333333333333,0.11183333333333334,0.038500000000000006,0.010500000000000002,0.030500000000000006,0.314245505540029,0.625339438266833,0.0530613862956135,0.0067788547303324,0.0,0.0005748151671919,0.161927540845385,0.110848224656073,0.205014152850788,0.228957851175676,0.174712426116957,0.11853980435512,Wales,116231,51.4960068,-0.2482125
0.4381666666666667,0.026833333333333334,0.3388333333333333,0.11183333333333334,0.038500000000000006,0.010500000000000002,0.030500000000000006,0.282620598508449,0.628339469460965,0.0819220239780987,0.0030775040120834,0.0,0.004040404040404,0.165982203969884,0.09757871321013,0.201351813826146,0.234616700889801,0.169310403832991,0.131160164271047,Wales,116880,51.5702227,-0.148444684547609
0.4381666666666667,0.026833333333333334,0.3388333333333333,0.11183333333333334,0.038500000000000006,0.010500000000000002,0.030500000000000006,0.533968714785033,0.313119544664515,0.128788891647726,0.0241228489027255,0.0,0.0,0.179542047964658,0.100021694540865,0.113235642158409,0.187914168507416,0.201611312716945,0.217675134111707,Wales,101408,52.6015963,-1.0845088
0.4381666666666667,0.026833333333333334,0.3388333333333333,0.11183333333333334,0.038500000000000006,0.010500000000000002,0.030500000000000006,0.553604765800348,0.375978016906845,0.03043651542802,0.0399807018647871,0.0,0.0,0.208432325413967,0.0943394528437725,0.14386249100072,0.204742620590353,0.189758819294456,0.158864290856731,Eastern,111120,51.7676194,0.0974893
0.4381666666666667,0.026833333333333334,0.3388333333333333,0.11183333333333334,0.038500000000000006,0.010500000000000002,0.030500000000000006,0.564741890205864,0.309244385527137,0.109404242046163,0.0086556456643792,0.0,0.0079538365564566,0.212474117362651,0.0783363639230195,0.0842854289948602,0.213325485332296,0.21265279952912,0.198925804858053,Wales,95141,51.8145103,-0.3549311
0.4381666666666667,0.026833333333333334,0.3388333333333333,0.11183333333333334,0.038500000000000006,0.010500000000000002,0.030500000000000006,0.555794813773974,0.202576689355645,0.231518823336192,0.0002189820982134,0.0,0.0098906914359751,0.167855942756617,0.0899665948488861,0.109989919155581,0.191071534462651,0.218606076179558,0.222509932596707,Yorkshire & the Humber,101182,53.9921491,-1.5391039
0.4381666666666667,0.026833333333333334,0.3388333333333333,0.11183333333333334,0.038500000000000006,0.010500000000000002,0.030500000000000006,0.480420705774167,0.487489942143377,0.0313805126633204,0.000172420399249,0.0,0.0005364190198858,0.18660242593297,0.106453657918093,0.151041798740543,0.211563332065424,0.177279066818816,0.167059718524154,London,118307,51.2238642,-0.3299108
0.4381666666666667,0.026833333333333334,0.3388333333333333,0.11183333333333334,0.038500000000000006,0.010500000000000002,0.030500000000000006,0.363350684403316,0.602062849431271,0.0260458839406207,0.0085405822247927,0.0,0.0,0.204590201748099,0.107225531143679,0.163186120653436,0.233826788259233,0.166621357783654,0.124550000411899,London,121387,51.5795991,-0.3531364
0.4381666666666667,0.026833333333333334,0.3388333333333333,0.11183333333333334,0.038500000000000006,0.010500000000000002,0.030500000000000006,0.342273216206526,0.52513445679455,0.0178319588861001,0.114760368112824,0.0,0.0,0.191167233425025,0.0987892308691979,0.123232038813923,0.172680803136303,0.216671359570274,0.197459334185276,North East,92338,54.6857276,-1.2093696
0.4381666666666667,0.026833333333333334,0.3388333333333333,0.11183333333333334,0.038500000000000006,0.010500000000000002,0.030500000000000006,0.585854570031408,0.314833220689381,0.0657774420546256,0.0306921639565856,0.0,0.0028426032679998,0.166476392399902,0.107457392155264,0.102799070374297,0.171715730245454,0.210552067193998,0.240999347631085,Eastern,98104,51.9445801,1.2898522
0.4381666666666667,0.026833333333333334,0.3388333333333333,0.11183333333333334,0.038500000000000006,0.010500000000000002,0.030500000000000006,0.471428028286822,0.458938483765493,0.0351113983727473,0.027127214660482,0.0,0.0073948749144551,0.17230983523665,0.0875335107854641,0.118425446253947,0.180676798610912,0.220183748819371,0.220870660293655,South East,104817,50.8553888,0.5824703
0.4381666666666667,0.026833333333333334,0.3388333333333333,0.11183333333333334,0.038500000000000006,0.010500000000000002,0.030500000000000006,0.612409275978049,0.259337935917862,0.0619799964595503,0.0444990263763497,0.0,0.021773765268189,0.176495973896111,0.087911162570391,0.1146571233093,0.168285879690543,0.215851797273828,0.236798063259828,South East,95005,50.8334197,-0.982658943316543
0.4381666666666667,0.026833333333333334,0.3388333333333333,0.11183333333333334,0.038500000000000006,0.010500000000000002,0.030500000000000006,0.289661451165548,0.673201922466177,0.012724693527556,0.024411932840719,0.0,0.0,0.229110959922788,0.11315127446482,0.157231460531937,0.233778459883233,0.16451750708036,0.102210338116861,London,126402,51.5029246,-0.4191564
0.4381666666666667,0.026833333333333334,0.3388333333333333,0.11183333333333334,0.038500000000000006,0.010500000000000002,0.030500000000000006,0.437746264775887,0.262655759345561,0.296217773066384,0.0033802028121687,0.0,0.0,0.178401270513499,0.0810481736368449,0.114610905240868,0.185897300158814,0.206934886183166,0.233107464266808,North West,94450,53.3774667,-2.1221506
0.4381666666666667,0.026833333333333334,0.3388333333333333,0.11183333333333334,0.038500000000000006,0.010500000000000002,0.030500000000000006,0.564070099280518,0.364845853933036,0.0688532497286868,0.0022307970577595,0.0,0.0,0.205171395657267,0.0888391949583248,0.147310235336257,0.213380574836155,0.187688167358832,0.157610431853164,Eastern,103296,51.7511784,-0.472528
0.4381666666666667,0.026833333333333334,0.3388333333333333,0.11183333333333334,0.038500000000000006,0.010500000000000002,0.030500000000000006,0.485684696541457,0.464907549245938,0.0384258560055233,0.010981898207081,0.0,0.0,0.207911788978207,0.115459852675979,0.172845921080784,0.229521349757007,0.158167007977504,0.116094079530519,London,130868,51.5897175,-0.2216026
0.4381666666666667,0.026833333333333334,0.3388333333333333,0.11183333333333334,0.038500000000000006,0.010500000000000002,0.030500000000000006,0.611033312952407,0.207392359125066,0.153606437742845,0.0208871619889154,0.0,0.0070807281907654,0.178718802171379,0.0815317254486082,0.0991295582691964,0.189313201524585,0.219185417738531,0.232121294847699,Wales,95239,51.5375786,-0.9050287
0.4381666666666667,0.026833333333333334,0.3388333333333333,0.11183333333333334,0.038500000000000006,0.010500000000000002,0.030500000000000006,0.548620088232277,0.243233815532984,0.0723915050784856,0.0232892171950343,0.0,0.112465373961219,0.169161087042143,0.0875603739557637,0.118540245848967,0.176789452954955,0.215915922140917,0.232032918057254,West Midlands,96482,52.0553813,-2.7151735
0.4381666666666667,0.026833333333333334,0.3388333333333333,0.11183333333333334,0.038500000000000006,0.010500000000000002,0.030500000000000006,0.556984637370489,0.358510392367022,0.0361053317361242,0.0454153794422377,0.0,0.0029842590841266,0.161254810071608,0.0841421660219571,0.101301875549181,0.165365464443345,0.215541707487047,0.272393976426862,Wales,99009,51.3503509,1.1337922
0.4381666666666667,0.026833333333333334,0.3388333333333333,0.11183333333333334,0.038500000000000006,0.010500000000000002,0.030500000000000006,0.62196103385675,0.294772697497707,0.0832662686455428,0.0,0.0,0.0,0.194893045345746,0.0870112300021759,0.132215063529456,0.214202594158885,0.200049196302709,0.171628870661028,Eastern,105699,51.7957409,-0.078521
0.4381666666666667,0.026833333333333334,0.3388333333333333,0.11183333333333334,0.038500000000000006,0.010500000000000002,0.030500000000000006,0.622946898421304,0.292596874501674,0.0534404401211927,0.0310157869558284,0.0,0.0,0.198181440495524,0.0939400234165502,0.115930807870982,0.210342939154738,0.197180571817049,0.184424217245156,Eastern,105908,51.68082975,-0.268111310310969
0.4381666666666667,0.026833333333333334,0.3388333333333333,0.11183333333333334,0.038500000000000006,0.010500000000000002,0.030500000000000006,0.530738092535845,0.370956758597208,0.0757954072560814,0.0217909431392577,0.0,0.0007187984716074,0.157224780606482,0.0770592579720219,0.0872034929185854,0.168672343383439,0.238823963854375,0.271016161265097,North East,92072,54.971478,-2.1017927
0.4381666666666667,0.026833333333333334,0.3388333333333333,0.11183333333333334,0.038500000000000006,0.010500000000000002,0.030500000000000006,0.36963696369637,0.538239823982398,0.0282728272827282,0.0613861386138613,0.0,0.0024642464246424,0.21235898971748,0.0952281122092442,0.134651093141659,0.188220025955875,0.193960267545173,0.175581511430568,Wales,100170,53.5967685,-2.2239715
0.4381666666666667,0.026833333333333334,0.3388333333333333,0.11183333333333334,0.038500000000000006,0.010500000000000002,0.030500000000000006,0.453660891686628,0.496778266763226,0.0495608415501457,0.0,0.0,0.0,0.167958826828544,0.0842488425544081,0.111873577249183,0.1802425961972,0.237471544983669,0.218204612186995,East Midlands,90932,53.3675462,-1.85287464915649
0.4381666666666667,0.026833333333333334,0.3388333333333333,0.11183333333333334,0.038500000000000006,0.010500000000000002,0.030500000000000006,0.578912114107843,0.250201934632282,0.170885951259875,0.0,0.0,0.0,0.172501623640201,0.0835565838610164,0.122686312713103,0.188088569572983,0.214279915570709,0.218886994641987,Wales,98544,52.608409,-1.41719099634814
0.4381666666666667,0.026833333333333334,0.3388333333333333,0.11183333333333334,0.038500000000000006,0.010500000000000002,0.030500000000000006,0.578178841357778,0.315723342281113,0.0881832200582557,0.0071582233898756,0.0,0.010756372912978,0.201489135389758,0.08211518006382,0.124418781340222,0.21971331611204,0.198338651674011,0.173924935420149,Wales,98717,51.9464129,-0.2791646
0.4381666666666667,0.026833333333333334,0.3388333333333333,0.11183333333333334,0.038500000000000006,0.010500000000000002,0.030500000000000006,0.190233785822021,0.724924585218703,0.0704918719624601,0.0127157700687112,0.0,0.0016339869281045,0.140086776079985,0.203065459347293,0.202150537634409,0.189992454253914,0.15800792303339,0.106696849651009,London,106020,51.5182454,-0.1139421
0.4381666666666667,0.026833333333333334,0.3388333333333333,0.11183333333333334,0.038500000000000006,0.010500000000000002,0.030500000000000006,0.589774127310062,0.229609856262834,0.0651129363449692,0.0060985626283367,0.0,0.109404517453799,0.149667284826006,0.0737536816843024,0.0860805061634122,0.152198101887204,0.22059561470492,0.317704810734155,Wales,91670,50.7981119,-3.1924599
0.4381666666666667,0.026833333333333334,0.3388333333333333,0.11183333333333334,0.038500000000000006,0.010500000000000002,0.030500000000000006,0.613318357478726,0.291248643606389,0.0249005311351824,0.0636410363799044,0.0,0.0068914313997982,0.196612439657337,0.0955902186752983,0.127103273153445,0.198891276241501,0.191347862079229,0.19045493019319,London,107511,51.5613235,0.2212279
0.4381666666666667,0.026833333333333334,0.3388333333333333,0.11183333333333334,0.038500000000000006,0.010500000000000002,0.030500000000000006,0.208362077976377,0.647580223685586,0.129988502142782,0.0059788857531096,0.0,0.0080903104421448,0.179610285060281,0.0859351509684678,0.174256311771952,0.250783212577957,0.185429821243247,0.123985218378095,Wales,103101,51.5873645,-0.1209667
0.4381666666666667,0.026833333333333334,0.3388333333333333,0.11183333333333334,0.038500000000000006,0.010500000000000002,0.030500000000000006,0.615779478404753,0.22396254442209,0.124588684354023,0.0256660963089709,0.0,0.010003196510163,0.187048766870103,0.086193950828825,0.120964170886198,0.196906105003754,0.211586222829749,0.197300783581371,South East,103882,51.0630273,-0.3295028
0.4381666666666667,0.026833333333333334,0.3388333333333333,0.11183333333333334,0.038500000000000006,0.010500000000000002,0.030500000000000006,0.301267318930987,0.606277496880951,0.0224571541138617,0.0595136472081773,0.0,0.0104843828660231,0.177985085771747,0.0906900568492946,0.128712378411206,0.178034866239882,0.217152358100775,0.207425254627094,North East,100441,52.330324,-0.1150244
0.4381666666666667,0.026833333333333334,0.3388333333333333,0.11183333333333334,0.038500000000000006,0.010500000000000002,0.030500000000000006,0.321147902869757,0.652397350993377,0.0231523178807947,0.0,0.0,0.0033024282560706,0.167016299798099,0.0933766681439897,0.151711232579899,0.235544393558871,0.199822721229133,0.152528684690008,Wales,101533,50.8352056,-0.17018
0.4381666666666667,0.026833333333333334,0.3388333333333333,0.11183333333333334,0.038500000000000006,0.010500000000000002,0.030500000000000006,0.366883306985186,0.595311981575814,0.0301930245720865,0.0,0.0,0.0076116868669125,0.20150479284554,0.131629210474643,0.136493457810464,0.189723496545938,0.180941075668053,0.159707966655361,Yorkshire & the Humber,112042,53.6466645,-1.7822482
0.4381666666666667,0.026833333333333334,0.3388333333333333,0.11183333333333334,0.038500000000000006,0.010500000000000002,0.030500000000000006,0.571080567218569,0.31365364810267,0.0773191792759249,0.037946605402836,0.0,0.0,0.178377327395447,0.0853648374642384,0.128695362337626,0.197922356884276,0.208449452350311,0.201190663568102,Eastern,108008,52.3305093,-0.1843514
0.4381666666666667,0.026833333333333334,0.3388333333333333,0.11183333333333334,0.038500000000000006,0.010500000000000002,0.030500000000000006,0.404959957524003,0.533604707756294,0.0182292818901818,0.0432060528295208,0.0,0.0,0.201946290880085,0.101366657803776,0.133804839138527,0.183036426482319,0.198032438181335,0.181813347513959,North West,94025,53.7607317,-2.39005491388217
0.4381666666666667,0.026833333333333334,0.3388333333333333,0.11183333333333334,0.038500000000000006,0.010500000000000002,0.030500000000000006,0.357251012605519,0.617007987280918,0.0182647537570503,0.0017413029488586,0.0,0.0057349434076541,0.211150076582496,0.112387951020681,0.151591493065727,0.227981486286293,0.167510608558826,0.129378384485977,London,119479,51.5654227,0.0657240217789008
0.4381666666666667,0.026833333333333334,0.3388333333333333,0.11183333333333334,0.038500000000000006,0.010500000000000002,0.030500000000000006,0.229502051767677,0.741339172979798,0.0131983901515151,0.014263731060606,0.0,0.001696654040404,0.247375026785441,0.124292099060214,0.155531576208406,0.231533351700493,0.146072489056234,0.0951954571892123,London,130669,51.5539949,0.0783889
0.4381666666666667,0.026833333333333334,0.3388333333333333,0.11183333333333334,0.038500000000000006,0.010500000000000002,0.030500000000000006,0.465097321907867,0.481619182058572,0.0235998170865061,0.0272779688649422,0.0,0.0024057100821122,0.198467165998955,0.105033966207978,0.150644487023167,0.207794809266678,0.178496777564884,0.159562793938338,Eastern,114820,52.0579324,1.1528095
0.4381666666666667,0.026833333333333334,0.3388333333333333,0.11183333333333334,0.038500000000000006,0.010500000000000002,0.030500000000000006,0.620382207362245,0.278100108171895,0.0444815943881732,0.0312059527321598,0.0,0.0258301373455272,0.140339538090314,0.0755486613811329,0.0885326898770538,0.149402504883374,0.234574284729404,0.311602321038722,Wales,69625,50.6654865,-1.39171080890146
0.4381666666666667,0.026833333333333334,0.3388333333333333,0.11183333333333334,0.038500000000000006,0.010500000000000002,0.030500000000000006,0.62034651552235,0.27811413113487,0.044505989952338,0.0311735153935334,0.0,0.0258598479969084,0.156734855222848,0.0801886126522948,0.109454632727683,0.160857227563424,0.219968093967501,0.272796577866249,Wales,70834,50.5970541,-1.26024136313707
0.4381666666666667,0.026833333333333334,0.3388333333333333,0.11183333333333334,0.038500000000000006,0.010500000000000002,0.030500000000000006,0.130381980682745,0.76065959505873,0.0938537733163817,0.0078369608531471,0.0,0.0072676900889959,0.160541938303529,0.110964417088538,0.255226353935244,0.224123174418181,0.156198783552464,0.0929453327020431,London,109828,51.56042135,-0.121667594006483
0.4381666666666667,0.026833333333333334,0.3388333333333333,0.11183333333333334,0.038500000000000006,0.010500000000000002,0.030500000000000006,0.20407400118087,0.657803581972053,0.118913599685101,0.0182838024011021,0.0,0.0009250147608738,0.145158508399738,0.136776018489772,0.264427886439684,0.208191037979923,0.152169788540481,0.0932767601504018,London,115956,51.5384287,-0.0999051
0.4381666666666667,0.026833333333333334,0.3388333333333333,0.11183333333333334,0.038500000000000006,0.010500000000000002,0.030500000000000006,0.252355998361045,0.662461452200729,0.0299540661189105,0.0552284833193159,0.0,0.0,0.183728488465022,0.0898183174383291,0.130491768341414,0.183419468272151,0.213959188022803,0.19858276946028,Wales,93845,54.9049537,-1.6506749
0.4381666666666667,0.026833333333333334,0.3388333333333333,0.11183333333333334,0.038500000000000006,0.010500000000000002,0.030500000000000006,0.467605136058429,0.472493815525975,0.0240703655711312,0.0253465268779204,0.0,0.0104841559665449,0.195703360837191,0.0941436908834775,0.116391628094184,0.186254779633729,0.201298047896961,0.206208492654458,Wales,99380,53.8684021,-1.9020456
0.4381666666666667,0.026833333333333334,0.3388333333333333,0.11183333333333334,0.038500000000000006,0.010500000000000002,0.030500000000000006,0.61135861851443,0.275074909320296,0.0955882352941176,0.017781107080902,0.0,0.0001971297902539,0.166994064141436,0.0999167271640261,0.103098176538412,0.178054404919503,0.217139257804159,0.234797369432464,West Midlands,93668,52.3450526,-1.5816028
0.4381666666666667,0.026833333333333334,0.3388333333333333,0.11183333333333334,0.038500000000000006,0.010500000000000002,0.030500000000000006,0.419253880821232,0.456580704389918,0.111938741445501,0.0006259389083625,0.0,0.0116007344349858,0.137297256613856,0.125443118955331,0.194520754148948,0.219681631731457,0.193143416249577,0.129913822300832,Wales,132867,51.50664635,-0.180426597224794
0.4381666666666667,0.026833333333333334,0.3388333333333333,0.11183333333333334,0.038500000000000006,0.010500000000000002,0.030500000000000006,0.588485845038334,0.377260930720922,0.0331636190740337,0.0010896051667095,0.0,0.0,0.197276697317384,0.0907225070297736,0.13338939069267,0.201010840769975,0.195359897288451,0.182240666901746,East Midlands,110600,52.3994233,-0.728004
0.4381666666666667,0.026833333333333334,0.3388333333333333,0.11183333333333334,0.038500000000000006,0.010500000000000002,0.030500000000000006,0.390317410543187,0.14405421413888,0.451116685829762,0.0105571234451761,0.0,0.003954566042995,0.188512556790048,0.117662899484872,0.149256843037953,0.233918535055639,0.173562549406256,0.137086616225232,London,115117,51.4047687,-0.302715358100072
0.4381666666666667,0.026833333333333334,0.3388333333333333,0.11183333333333334,0.038500000000000006,0.010500000000000002,0.030500000000000006,0.296882743582119,0.598647041332144,0.0369957379324016,0.0674744771533353,0.0,0.0,0.207914080128609,0.101627945263851,0.144123030438025,0.183296371260616,0.193881405010701,0.169157167898198,Yorkshire & the Humber,103259,53.7536,-0.4276738
0.4381666666666667,0.026833333333333334,0.3388333333333333,0.11183333333333334,0.038500000000000006,0.010500000000000002,0.030500000000000006,0.339051928653018,0.566514366048678,0.0512476935242948,0.0349046656708549,0.0,0.0082813461031543,0.188805194805195,0.138484848484848,0.148034632034632,0.192329004329004,0.176614718614719,0.155731601731602,Wales,115500,50.3127124,-3.92306973520501
0.4381666666666667,0.026833333333333334,0.3388333333333333,0.11183333333333334,0.038500000000000006,0.010500000000000002,0.030500000000000006,0.396804170444243,0.469129646418858,0.0598368087035358,0.0285358114233907,0.0,0.0456935630099728,0.180682716766861,0.0937473204843611,0.145298819584044,0.186246582128941,0.202871488048169,0.191153072987624,Wales,104963,50.3127124,-3.92306973520501
0.4381666666666667,0.026833333333333334,0.3388333333333333,0.11183333333333334,0.038500000000000006,0.010500000000000002,0.030500000000000006,0.65827802568691,0.300450766756518,0.0229234149545835,0.0183477926019888,0.0,0.0,0.156231998644604,0.083029310442198,0.0998814028350369,0.167210707629751,0.22489410967414,0.26875247077427,Wales,88535,52.4967692,-2.1661721
0.4381666666666667,0.026833333333333334,0.3388333333333333,0.11183333333333334,0.038500000000000006,0.010500000000000002,0.030500000000000006,0.0978183157484238,0.856056502805642,0.0222718114262192,0.0238533700197153,0.0,0.0,0.198555570987489,0.0997959423510432,0.145212123802096,0.179613465668102,0.209858869029177,0.166964028162092,North West,93601,53.4552358,-2.8546852
0.4381666666666667,0.026833333333333334,0.3388333333333333,0.11183333333333334,0.038500000000000006,0.010500000000000002,0.030500000000000006,0.468278313864906,0.494017267648553,0.0334382935500253,0.0042661249365159,0.0,0.0,0.152871438455898,0.184730412152882,0.113773197153863,0.16292999287433,0.188799272975122,0.196895686387905,Wales,96833,53.8546993,-2.7449198
0.4381666666666667,0.026833333333333334,0.3388333333333333,0.11183333333333334,0.038500000000000006,0.010500000000000002,0.030500000000000006,0.216438725931258,0.566402735288825,0.192572431167896,0.021504408853698,0.0,0.0030816987583228,0.108215340065061,0.420009025779884,0.176980500554709,0.127573757544988,0.0897971079896955,0.0774242680656625,Wales,106362,53.7974185,-1.5437941
0.4381666666666667,0.026833333333333334,0.3388333333333333,0.11183333333333334,0.038500000000000006,0.010500000000000002,0.030500000000000006,0.369173216762641,0.562166365432306,0.0245470976419654,0.0319868857971501,0.0,0.0121264343659367,0.220827670743731,0.104999955587533,0.139925920004264,0.1959922189357,0.179426368570185,0.158827866158588,Yorkshire & the Humber,112581,53.8150727,-1.46277022066895
0.4381666666666667,0.026833333333333334,0.3388333333333333,0.11183333333333334,0.038500000000000006,0.010500000000000002,0.030500000000000006,0.314321756914314,0.639079493109578,0.037309581605153,0.0,0.0,0.0092891683709551,0.199896028280308,0.0892805156997296,0.143647327926804,0.221761280931587,0.179975046787274,0.165439800374298,Yorkshire & the Humber,96181,54.9225753,-1.3774208
0.4381666666666667,0.026833333333333334,0.3388333333333333,0.11183333333333334,0.038500000000000006,0.010500000000000002,0.030500000000000006,0.347458306606799,0.457885663887107,0.180343970493906,0.0,0.0,0.0143120590121873,0.187202053538687,0.0824219676869647,0.11533898487888,0.203930196941263,0.195625444897431,0.215481352056774,Yorkshire & the Humber,92720,53.8467166,-1.6345596
0.4381666666666667,0.026833333333333334,0.3388333333333333,0.11183333333333334,0.038500000000000006,0.010500000000000002,0.030500000000000006,0.224065438422139,0.705629029381036,0.0222205234054481,0.0438294727722141,0.0,0.0042555360191626,0.22533965752874,0.128233780850551,0.183985850952649,0.201736473993086,0.154087949192057,0.106616287482917,Wales,124390,53.76424865,-1.54194485056313
0.4381666666666667,0.026833333333333334,0.3388333333333333,0.11183333333333334,0.038500000000000006,0.010500000000000002,0.030500000000000006,0.451872593629681,0.51058802940147,0.0250481274063703,0.0101505075253762,0.0,0.0023407420371018,0.186954159876311,0.089246166060758,0.143924198738038,0.203742008273787,0.205037399189336,0.171096067861769,Wales,95719,53.7974185,-1.5437941
0.4381666666666667,0.026833333333333334,0.3388333333333333,0.11183333333333334,0.038500000000000006,0.010500000000000002,0.030500000000000006,0.382312336444747,0.550967422884342,0.0278790875934969,0.0195545115493189,0.0,0.0192866415280954,0.197655140919876,0.0959783979112686,0.163991224151453,0.208366838411214,0.181473429232312,0.152534969373877,Wales,100731,53.8127231,-1.6285113
0.4381666666666667,0.026833333333333334,0.3388333333333333,0.11183333333333334,0.038500000000000006,0.010500000000000002,0.030500000000000006,0.247065366357479,0.683834190716428,0.0261385981289848,0.0,0.0,0.042961844797108,0.219639963418743,0.119490750397099,0.137139602419497,0.215989859932292,0.17297479423043,0.134765029601938,East Midlands,124655,52.61912795,-1.20558865113606
0.4381666666666667,0.026833333333333334,0.3388333333333333,0.11183333333333334,0.038500000000000006,0.010500000000000002,0.030500000000000006,0.221403746529979,0.751579269492229,0.026077072722901,0.0,0.0,0.0009399112548908,0.191075832695011,0.226605836651207,0.150327017449348,0.181353692308987,0.144965109721299,0.105672511174148,East Midlands,118802,52.6340046,-1.1323751
0.4381666666666667,0.026833333333333334,0.3388333333333333,0.11183333333333334,0.038500000000000006,0.010500000000000002,0.030500000000000006,0.307901776032002,0.633346988938959,0.021953394221269,0.0338819673711352,0.0,0.0029158734366339,0.219623703182697,0.14229422766437,0.158487459436993,0.207834454977061,0.158679284492543,0.113080870246335,East Midlands,125114,52.6076266,-1.27222922342505
0.4381666666666667,0.026833333333333334,0.3388333333333333,0.11183333333333334,0.038500000000000006,0.010500000000000002,0.030500000000000006,0.378613563151069,0.545036187926202,0.0217545914738735,0.0545956574488557,0.0,0.0,0.18688988315338,0.0918318296110042,0.139735246265345,0.192796923532022,0.204481585564266,0.184264531873983,Wales,108177,53.4975985,-2.5109297
0.4381666666666667,0.026833333333333334,0.3388333333333333,0.11183333333333334,0.038500000000000006,0.010500000000000002,0.030500000000000006,0.501344375134438,0.119470136947014,0.376783537678354,0.002401950240195,0.0,0.0,0.161450775022609,0.0807201295560182,0.0916251288199045,0.166351189349486,0.215597198561423,0.284255578690559,South East,95096,50.8746139,0.0051153241109362
0.4381666666666667,0.026833333333333334,0.3388333333333333,0.11183333333333334,0.038500000000000006,0.010500000000000002,0.030500000000000006,0.226588146350198,0.698406382428426,0.0479477946004018,0.0153393152020372,0.0,0.0117183614189363,0.209495609731123,0.0994103642771202,0.15860432968402,0.235658028346887,0.188777295184784,0.108054372776066,London,117191,53.4386428,-2.9134318
0.4381666666666667,0.026833333333333334,0.3388333333333333,0.11183333333333334,0.038500000000000006,0.010500000000000002,0.030500000000000006,0.153089086315103,0.781135381856712,0.0532439481620344,0.0021599152335153,0.0,0.010371668432635,0.171945701357466,0.119832664560744,0.239409203449159,0.23479040382481,0.158319815589516,0.0757022112183044,Wales,117132,52.500397,-1.9626529
0.4381666666666667,0.026833333333333334,0.3388333333333333,0.11183333333333334,0.038500000000000006,0.010500000000000002,0.030500000000000006,0.198884799329998,0.722059374517885,0.0651047980076256,0.0070085733806448,0.0,0.0069424547638463,0.200714902504167,0.0802257164086189,0.191758539671064,0.25588890897042,0.169859630098199,0.101552302347531,Wales,99594,51.4624292,-0.0101787
0.4381666666666667,0.026833333333333334,0.3388333333333333,0.11183333333333334,0.038500000000000006,0.010500000000000002,0.030500000000000006,0.234289659093216,0.702605023248259,0.0627195386895697,2.03041562607866e-05,0.0,0.0003654748126941,0.192033775427523,0.093999744125549,0.19082263635976,0.252812486673206,0.161303253870101,0.109028103543861,Wales,117245,51.5696734,-0.015681
0.4381666666666667,0.026833333333333334,0.3388333333333333,0.11183333333333334,0.038500000000000006,0.010500000000000002,0.030500000000000006,0.652657480314961,0.296476377952756,0.0508661417322834,0.0,0.0,0.0,0.169806025073286,0.0822886130688787,0.109576082662841,0.180700222457847,0.216293478034886,0.24133557870226,West Midlands,96199,52.6843696,-1.8275286
0.4381666666666667,0.026833333333333334,0.3388333333333333,0.11183333333333334,0.038500000000000006,0.010500000000000002,0.030500000000000006,0.452789030850732,0.484740833073647,0.026674976628233,0.0267373013399813,0.0,0.0090578581074062,0.162714810302375,0.193557181927393,0.148869823039763,0.174387199563776,0.168525444956591,0.151945540210103,East Midlands,117371,53.2293545,-0.5404819
0.4381666666666667,0.026833333333333334,0.3388333333333333,0.11183333333333334,0.038500000000000006,0.010500000000000002,0.030500000000000006,0.171577051284706,0.790699600405806,0.0370815130748048,0.0,0.0,0.0006418352346839,0.187751718861248,0.0867453747489453,0.131324187326653,0.187379785979193,0.205381337470644,0.201417595613317,Wales,94104,53.3576179,-2.8892004
0.4381666666666667,0.026833333333333334,0.3388333333333333,0.11183333333333334,0.038500000000000006,0.010500000000000002,0.030500000000000006,0.0960494899066637,0.872346429346646,0.0223572823963533,0.0,0.0,0.0092467983503364,0.138274289305826,0.269269643357653,0.19253930370232,0.158412393724997,0.134707016485897,0.106797353423308,Wales,117738,53.407612,-2.9992357
0.4381666666666667,0.026833333333333334,0.3388333333333333,0.11183333333333334,0.038500000000000006,0.010500000000000002,0.030500000000000006,0.112366180561409,0.836761358846835,0.0152153755373851,0.0,0.0,0.0356570850543707,0.199444297173377,0.102726478356062,0.144060557862802,0.18960658988935,0.204156971321414,0.160005105396994,Wales,101853,53.4297355,-2.9614199
0.4381666666666667,0.026833333333333334,0.3388333333333333,0.11183333333333334,0.038500000000000006,0.010500000000000002,0.030500000000000006,0.114699886749717,0.829218573046433,0.0527519818799547,0.0,0.0,0.0033295583238958,0.15526269685231,0.202390453757957,0.152313562126492,0.181999571742812,0.164411827684881,0.143621887835549,Wales,102743,53.39939255,-2.92498524247524
0.4381666666666667,0.026833333333333334,0.3388333333333333,0.11183333333333334,0.038500000000000006,0.010500000000000002,0.030500000000000006,0.101712831132971,0.835598412287514,0.0227802226249029,0.0051988955043575,0.0,0.0347096384502545,0.187101084331158,0.100868492728301,0.14521815098412,0.185723829590421,0.208078524076263,0.173009918289737,Wales,97296,53.4363002,-2.9237039
0.4381666666666667,0.026833333333333334,0.3388333333333333,0.11183333333333334,0.038500000000000006,0.010500000000000002,0.030500000000000006,0.240202356557377,0.501750341530055,0.0147925204918032,0.0317409494535519,0.211513831967213,0.0,0.180918254508336,0.0906771010547805,0.118067369853692,0.173666638312351,0.211923698536917,0.224746937733923,Wales,94046,51.6797331,-4.1620223
0.4381666666666667,0.026833333333333334,0.3388333333333333,0.11183333333333334,0.038500000000000006,0.010500000000000002,0.030500000000000006,0.508160978094753,0.427875700458482,0.0364136525725929,0.0275496688741721,0.0,0.0,0.154560978515547,0.204787339660855,0.123158333664271,0.171855764266709,0.172749295103451,0.172888288789166,East Midlands,100724,52.7723859,-1.2077985
0.4381666666666667,0.026833333333333334,0.3388333333333333,0.11183333333333334,0.038500000000000006,0.010500000000000002,0.030500000000000006,0.639129143988125,0.267709054923305,0.0385551707075705,0.0454824344383968,0.0,0.0091241959426026,0.147977931662682,0.0751275761057458,0.0953430839776832,0.143319980540115,0.232887205125816,0.305344222587958,East Midlands,96609,53.3675163,-0.0022381
0.4381666666666667,0.026833333333333334,0.3388333333333333,0.11183333333333334,0.038500000000000006,0.010500000000000002,0.030500000000000006,0.557916497943352,0.378423307261141,0.0196926749216768,0.0376377315061486,0.0,0.0063297883676818,0.167921734531994,0.0853093601269169,0.112585933368588,0.164399788471708,0.208154415653094,0.2616287678477,Wales,94550,52.4766308,1.7537638
0.4381666666666667,0.026833333333333334,0.3388333333333333,0.11183333333333334,0.038500000000000006,0.010500000000000002,0.030500000000000006,0.334493338549925,0.646541605749233,0.0178530980376006,0.0009266313860346,0.0,0.0001853262772069,0.235044101004691,0.112494276803994,0.132700398248054,0.207529566246534,0.171860017104797,0.14037164059193,Eastern,115757,51.91545195,-0.477859357931655
0.4381666666666667,0.026833333333333334,0.3388333333333333,0.11183333333333334,0.038500000000000006,0.010500000000000002,0.030500000000000006,0.346475842031637,0.60882384590552,0.0249865490153879,0.0160766168083503,0.0,0.0036371462391047,0.223170474972065,0.125795533675568,0.164823241728879,0.215899337662548,0.157803112500202,0.112508299460737,Wales,123500,51.89107295,-0.423030407620178
0.4381666666666667,0.026833333333333334,0.3388333333333333,0.11183333333333334,0.038500000000000006,0.010500000000000002,0.030500000000000006,0.538573096771763,0.376445549402946,0.0630956416920932,0.0,0.0,0.0218857121331977,0.166985801132143,0.0777223216247606,0.107427985476766,0.184072574316477,0.226208787184397,0.237582530265457,North West,95571,53.2606635,-2.1255158
0.4381666666666667,0.026833333333333334,0.3388333333333333,0.11183333333333334,0.038500000000000006,0.010500000000000002,0.030500000000000006,0.658630238139191,0.204208971755584,0.111943880376592,0.0121100239985231,0.0,0.0131068857301089,0.195412888057195,0.0825488220334916,0.117796650832494,0.221265774195096,0.199692913008013,0.18328295187371,South East,104204,51.522743,-0.7197368
0.4381666666666667,0.026833333333333334,0.3388333333333333,0.11183333333333334,0.038500000000000006,0.010500000000000002,0.030500000000000006,0.594164615476977,0.2371575513798,0.131936523183446,0.0338996618038462,0.0,0.0028416481559304,0.197534382584394,0.0940097080238287,0.143947194234022,0.214413105832169,0.181676105023167,0.16841950430242,Wales,108776,51.3416829,0.50638
0.4381666666666667,0.026833333333333334,0.3388333333333333,0.11183333333333334,0.038500000000000006,0.010500000000000002,0.030500000000000006,0.314656863757461,0.600607174573016,0.0279217694801842,0.0018173932797753,0.0,0.054996798909564,0.180575616281662,0.0950280634748301,0.121753797535843,0.188572979575219,0.20769879506393,0.206370748068516,North West,103158,53.4852134,-2.6417771
0.4381666666666667,0.026833333333333334,0.3388333333333333,0.11183333333333334,0.038500000000000006,0.010500000000000002,0.030500000000000006,0.686234116288025,0.222006160954948,0.0486715440893338,0.0381401617250673,0.0,0.0049480169426261,0.167790269664719,0.0866407937905097,0.105105225254061,0.17258141954069,0.224963991357926,0.242918300392094,Eastern,99976,51.7155563,0.684354757425754
0.4381666666666667,0.026833333333333334,0.3388333333333333,0.11183333333333334,0.038500000000000006,0.010500000000000002,0.030500000000000006,0.195719186595734,0.7367622930443,0.0277929697210759,0.036593248147964,0.0,0.0031323024909262,0.17821054265339,0.178962072261205,0.233333605626669,0.186313992337665,0.133796776591486,0.0893830105295833,North West,122417,53.4859033,-2.2070883970057
0.4381666666666667,0.026833333333333334,0.3388333333333333,0.11183333333333334,0.038500000000000006,0.010500000000000002,0.030500000000000006,0.110035889937525,0.7844476937392,0.0458593646151801,0.0256812441845008,0.0,0.0339758075235943,0.178314537699704,0.30316091954023,0.180944119135401,0.169431793537194,0.109791802212102,0.0583568278753704,Wales,110664,53.4626512,-2.2383858
0.4381666666666667,0.026833333333333334,0.3388333333333333,0.11183333333333334,0.038500000000000006,0.010500000000000002,0.030500000000000006,0.103814950539092,0.730453938867589,0.15848672922536,0.0007202016564638,0.0,0.0065241797114956,0.154027837282624,0.184468685803425,0.198585066297554,0.202408023816586,0.148128618352393,0.112381768447418,Wales,91030,53.42577675,-2.24218148469786
0.4381666666666667,0.026833333333333334,0.3388333333333333,0.11183333333333334,0.038500000000000006,0.010500000000000002,0.030500000000000006,0.466390596896307,0.445308905341532,0.013887146024177,0.0529133726523612,0.0,0.0214999790856234,0.182752924198694,0.0868904754671122,0.134057420628893,0.189949491113474,0.211064484277685,0.195285204314142,East Midlands,105329,53.1443785,-1.1964165
0.4381666666666667,0.026833333333333334,0.3388333333333333,0.11183333333333334,0.038500000000000006,0.010500000000000002,0.030500000000000006,0.589341307553662,0.203404063575291,0.191586105194167,0.0131492708504014,0.0,0.0025192528264787,0.170175551549489,0.0805970469568203,0.102304918877157,0.176206112112628,0.224654476779123,0.246061893724783,Wales,93192,51.3528618,-2.1212567
0.4381666666666667,0.026833333333333334,0.3388333333333333,0.11183333333333334,0.038500000000000006,0.010500000000000002,0.030500000000000006,0.624355430881564,0.279402664906563,0.0634256012540736,0.0306711769316447,0.0,0.002145126026154,0.176429442000954,0.0837581474219702,0.115404589051985,0.180986699168036,0.221207143235652,0.222213979121403,Wales,94355,52.7651671,-0.7984629
0.4381666666666667,0.026833333333333334,0.3388333333333333,0.11183333333333334,0.038500000000000006,0.010500000000000002,0.030500000000000006,0.624253731343284,0.260924543946932,0.081094527363184,0.0337271973466003,0.0,0.0,0.197173891179724,0.093080559187368,0.111153575379664,0.18171577994569,0.202413758423011,0.214462435884542,Wales,99430,52.4373156,-1.647117
0.4381666666666667,0.026833333333333334,0.3388333333333333,0.11183333333333334,0.038500000000000006,0.010500000000000002,0.030500000000000006,0.186292640538312,0.644326106815802,0.0223257057552193,0.0424901405940152,0.104565406296651,0.0,0.187422229358166,0.0972584594388471,0.131868903785172,0.181361136755911,0.205063621402481,0.197025649259423,Wales,99652,51.7455659,-3.3786082
0.4381666666666667,0.026833333333333334,0.3388333333333333,0.11183333333333334,0.038500000000000006,0.010500000000000002,0.030500000000000006,0.449366397203408,0.411932852669143,0.0245794188332969,0.0207195397276236,0.0773250309518607,0.0160767606146675,0.171159576679767,0.0864757303659997,0.107423943926899,0.160269673599905,0.218976151112255,0.255694924315174,Wales,101014,51.4100839,-0.935151847925782
0.4381666666666667,0.026833333333333334,0.3388333333333333,0.11183333333333334,0.038500000000000006,0.010500000000000002,0.030500000000000006,0.634623513072882,0.292615180242739,0.061892397802065,0.0,0.0,0.0108689088823138,0.199433859990765,0.0910642227620405,0.12882696593122,0.199142759631407,0.204442793760414,0.177089397924153,Eastern,99622,52.0318886,-0.4929079
0.4381666666666667,0.026833333333333334,0.3388333333333333,0.11183333333333334,0.038500000000000006,0.010500000000000002,0.030500000000000006,0.656225027968675,0.171647754514943,0.0682207356332336,0.0509600675814516,0.0,0.0529464143016963,0.192394605261812,0.0838147629321363,0.105645251996442,0.194603216801808,0.212169858587511,0.211372304420291,Wales,97797,51.6192016,-0.770410998009853
0.4381666666666667,0.026833333333333334,0.3388333333333333,0.11183333333333334,0.038500000000000006,0.010500000000000002,0.030500000000000006,0.528832743810005,0.407377463365336,0.0485093481556341,0.0127539161192521,0.0,0.0025265285497726,0.18694626808592,0.0904561582425053,0.132003314424119,0.192969596532602,0.216797331463658,0.180827331251195,Wales,94131,53.6485368,-1.9187418
0.4381666666666667,0.026833333333333334,0.3388333333333333,0.11183333333333334,0.038500000000000006,0.010500000000000002,0.030500000000000006,0.600422177895695,0.361562445533242,0.0377442531518097,0.0,0.0,0.0002711234192536,0.166075730715033,0.0860607300331833,0.102822855584345,0.183190145006591,0.222657848084004,0.239192690576844,East Midlands,87995,52.9209621,-1.4036986
0.4381666666666667,0.026833333333333334,0.3388333333333333,0.11183333333333334,0.038500000000000006,0.010500000000000002,0.030500000000000006,0.59672100605496,0.145691662785282,0.257363763390778,0.0,0.0,0.0002235677689799,0.166745488749461,0.0836144654286344,0.0980967094407836,0.168941997456674,0.217969332954987,0.264632005969459,South West,95151,51.4100839,-0.935151847925782
0.4381666666666667,0.026833333333333334,0.3388333333333333,0.11183333333333334,0.038500000000000006,0.010500000000000002,0.030500000000000006,0.612123765030252,0.300547598989048,0.0574978938500421,0.0256758826683005,0.0,0.0041548594623573,0.185045257772531,0.0859405745769382,0.12116292798111,0.194883903974813,0.202863046044864,0.210104289649744,Wales,101640,51.4100839,-0.935151847925782
0.4381666666666667,0.026833333333333334,0.3388333333333333,0.11183333333333334,0.038500000000000006,0.010500000000000002,0.030500000000000006,0.603372028745163,0.305885104392567,0.0521537611089849,0.0385891057532848,0.0,0.0,0.163384762538468,0.0859290526490892,0.110808450469933,0.165578474590368,0.215077351742493,0.259221908009648,Eastern,96185,52.7650941,0.948189
0.4381666666666667,0.026833333333333334,0.3388333333333333,0.11183333333333334,0.038500000000000006,0.010500000000000002,0.030500000000000006,0.596548254779042,0.25296029719062,0.121875241854346,0.0223279931893816,0.0,0.0062882129866109,0.196223500477652,0.0820748389194902,0.112492123823655,0.211620154881197,0.196416593833208,0.201172788064798,South East,98398,51.0053398,-0.127315425377761
0.4381666666666667,0.026833333333333334,0.3388333333333333,0.11183333333333334,0.038500000000000006,0.010500000000000002,0.030500000000000006,0.316408227120048,0.62140523627663,0.0124235034279666,0.0360051534532738,0.0,0.0137578797220816,0.216833274953071,0.127367768706383,0.151537197208525,0.180655475619504,0.175356344138173,0.148249939374343,Wales,111339,54.5760419,-1.2344047
0.4381666666666667,0.026833333333333334,0.3388333333333333,0.11183333333333334,0.038500000000000006,0.010500000000000002,0.030500000000000006,0.487162461266047,0.48273572377158,0.0276892430278884,0.0016821602478972,0.0,0.0007304116865869,0.181086257832029,0.0881840513369909,0.116460517914922,0.168771440011254,0.216115313443496,0.229382419461308,North East,92409,54.5760419,-1.2344047
0.4381666666666667,0.026833333333333334,0.3388333333333333,0.11183333333333334,0.038500000000000006,0.010500000000000002,0.030500000000000006,0.483571984576673,0.454698502923553,0.0348292029470864,0.0255788273202874,0.0,0.0013214822323998,0.220446217799432,0.103200782113136,0.152520009855897,0.240118270766932,0.175967507332311,0.107747212132292,Wales,125821,52.0342006,-0.7748261
0.4381666666666667,0.026833333333333334,0.3388333333333333,0.11183333333333334,0.038500000000000006,0.010500000000000002,0.030500000000000006,0.483189956874167,0.453340558603717,0.0378197746618799,0.023504707715234,0.0,0.0021450021450021,0.205628401036124,0.086725166161322,0.133752334290476,0.21663219614064,0.183450131523463,0.173811770847975,South East,99602,52.0657171,-0.78835109536779
0.4381666666666667,0.026833333333333334,0.3388333333333333,0.11183333333333334,0.038500000000000006,0.010500000000000002,0.030500000000000006,0.267115042895084,0.665131742362,0.0423409824789346,0.0211513842979154,0.0,0.004260847966066,0.198623163814418,0.101121507409382,0.166949467526381,0.236162957935392,0.178366542234288,0.118776361080138,London,123762,51.39366915,-0.171906075690548
0.4381666666666667,0.026833333333333334,0.3388333333333333,0.11183333333333334,0.038500000000000006,0.010500000000000002,0.030500000000000006,0.512159218041571,0.402206127696324,0.0398830202751771,0.0180965279004494,0.0268896347327719,0.0007654713537066,0.158331271448089,0.0804780705057177,0.0992609486106479,0.169433178781587,0.233882332691459,0.258614197962499,Wales,92957,51.7501058,-2.8333331
0.4381666666666667,0.026833333333333334,0.3388333333333333,0.11183333333333334,0.038500000000000006,0.010500000000000002,0.030500000000000006,0.479479250181346,0.280227541709617,0.174493185202153,0.0073492917955178,0.0584507311113656,0.0,0.171397893445138,0.0889866039472338,0.108272829532672,0.165333878719705,0.224051539012169,0.241957255343082,Wales,97790,52.61527305,-3.46499733880222
0.4381666666666667,0.026833333333333334,0.3388333333333333,0.11183333333333334,0.038500000000000006,0.010500000000000002,0.030500000000000006,0.470440251572327,0.376952104499274,0.129598451862603,0.0217126269956458,0.0,0.0012965650701499,0.166073281386691,0.0849083474050414,0.0965353081195451,0.162757105364881,0.223119646817081,0.26660631090676,North West,98306,54.0721085,-2.8650938
0.4381666666666667,0.026833333333333334,0.3388333333333333,0.11183333333333334,0.038500000000000006,0.010500000000000002,0.030500000000000006,0.252977161500816,0.594800163132137,0.0187805872756933,0.0335848287112561,0.0995921696574225,0.0002650897226753,0.175568684189374,0.117122819709027,0.125291375291375,0.180682822924202,0.199481552929829,0.201852744956193,Wales,99528,51.6628422,-3.8039117
0.4381666666666667,0.026833333333333334,0.3388333333333333,0.11183333333333334,0.038500000000000006,0.010500000000000002,0.030500000000000006,0.641763942931258,0.202873391200239,0.155362665868502,0.0,0.0,0.0,0.166868624556611,0.0809998017140716,0.101269029941175,0.168543039062328,0.225605322875587,0.256714181850228,South East,90779,50.8563101,-1.49271024431427
0.4381666666666667,0.026833333333333334,0.3388333333333333,0.11183333333333334,0.038500000000000006,0.010500000000000002,0.030500000000000006,0.688559981732506,0.202167189089324,0.0992464658626201,0.0,0.0,0.0100263633155502,0.139907771216149,0.0729477919205703,0.0824882949438863,0.147989553678564,0.22326659294638,0.33339999529445,South East,85007,50.8575514,-1.72034584154634
0.4381666666666667,0.026833333333333334,0.3388333333333333,0.11183333333333334,0.038500000000000006,0.010500000000000002,0.030500000000000006,0.617064499746064,0.308096931001959,0.0492091707175506,0.0249220053689327,0.0,0.0007073931654937,0.168968504011955,0.0883867467471278,0.10679509998953,0.180733097914545,0.2192440582138,0.235872493123043,East Midlands,105061,53.0761693,-0.8092339
0.4381666666666667,0.026833333333333334,0.3388333333333333,0.11183333333333334,0.038500000000000006,0.010500000000000002,0.030500000000000006,0.630505885348323,0.144910789478838,0.219471591688047,0.0,0.0,0.0051117334847921,0.189520464482833,0.0886981987978332,0.124732482054538,0.200487420256612,0.206989770318564,0.18957166408962,South East,97657,51.4020243,-1.3242212
0.4381666666666667,0.026833333333333334,0.3388333333333333,0.11183333333333334,0.038500000000000006,0.010500000000000002,0.030500000000000006,0.284843457628426,0.621944867763653,0.051332008719304,0.0390439630394104,0.0,0.0028357028492061,0.191895550813428,0.180981008543478,0.148405650780539,0.17929831807439,0.160949343368287,0.138470128419877,Wales,130743,54.9738474,-1.6131572
0.4381666666666667,0.026833333333333334,0.3388333333333333,0.11183333333333334,0.038500000000000006,0.010500000000000002,0.030500000000000006,0.242822278219806,0.672890335125697,0.0482946090200202,0.0359927776344768,0.0,0.0,0.163158032147737,0.164559165237975,0.158615227966965,0.176716823170042,0.181451086530847,0.155499664946435,Wales,114907,54.9738474,-1.6131572
0.4381666666666667,0.026833333333333334,0.3388333333333333,0.11183333333333334,0.038500000000000006,0.010500000000000002,0.030500000000000006,0.288003027627097,0.621840965476641,0.0496614944703755,0.037340734199571,0.0,0.0031537782263151,0.161758781257905,0.179691379423421,0.135084744174716,0.181640167520823,0.172598915049703,0.169226012573431,North East,106732,54.9738474,-1.6131572
0.4381666666666667,0.026833333333333334,0.3388333333333333,0.11183333333333334,0.038500000000000006,0.010500000000000002,0.030500000000000006,0.489435782098138,0.471680975757445,0.0374559373715966,0.0014273047728206,0.0,0.0,0.16535161842431,0.132337269507745,0.118365106190594,0.178441102702935,0.199560813356441,0.205944089817974,West Midlands,92899,53.0117627,-2.2273919
0.4381666666666667,0.026833333333333334,0.3388333333333333,0.11183333333333334,0.038500000000000006,0.010500000000000002,0.030500000000000006,0.368021438142028,0.550387754273417,0.0247878517195176,0.0294165414754963,0.0243818263023265,0.0030045880872142,0.201549683432194,0.101901223577716,0.157184772043929,0.188096687165605,0.188886971213676,0.162380662566879,Wales,110087,56.4407078,-2.9351431
0.4381666666666667,0.026833333333333334,0.3388333333333333,0.11183333333333334,0.038500000000000006,0.010500000000000002,0.030500000000000006,0.331599858548457,0.560335323362386,0.0207392923262538,0.0355292991908139,0.0517962265720882,0.0,0.189347481568249,0.089338622515774,0.126034786546052,0.193747477630893,0.203728676752862,0.19780295498617,Wales,101589,51.5882332,-2.9974967
0.4381666666666667,0.026833333333333334,0.3388333333333333,0.11183333333333334,0.038500000000000006,0.010500000000000002,0.030500000000000006,0.564677992888187,0.22627419992098,0.209047807190834,0.0,0.0,0.0,0.156745755449628,0.0789459589738096,0.105928980772321,0.165957902629747,0.223523110706443,0.268898291468052,South West,93355,50.5296441,-3.6112097
0.4381666666666667,0.026833333333333334,0.3388333333333333,0.11183333333333334,0.038500000000000006,0.010500000000000002,0.030500000000000006,0.399814266130102,0.530822977933047,0.0325255384071109,0.0300933091584486,0.0,0.0067439083712908,0.175845103951754,0.0921652647727873,0.122361529915886,0.177379251970587,0.218272231920859,0.213976617468127,Wales,94513,52.0322303,0.7943311
0.4381666666666667,0.026833333333333334,0.3388333333333333,0.11183333333333334,0.038500000000000006,0.010500000000000002,0.030500000000000006,0.33283119566153,0.565658087285874,0.0189377636222776,0.0572006542136524,0.0,0.0253722992166652,0.18597629057157,0.0909541054593823,0.134450517976252,0.181568395195977,0.212443080866433,0.194607609930386,Wales,102997,53.6991226,-1.4194401
0.4381666666666667,0.026833333333333334,0.3388333333333333,0.11183333333333334,0.038500000000000006,0.010500000000000002,0.030500000000000006,0.61888794165009,0.293587193331439,0.0587666950838306,0.0283224400871459,0.0,0.0004357298474945,0.19248299221816,0.08655977431705,0.125939146204554,0.198230614966848,0.207279042766535,0.189508429526853,Wales,104217,52.2180544,-0.5851492
0.4381666666666667,0.026833333333333334,0.3388333333333333,0.11183333333333334,0.038500000000000006,0.010500000000000002,0.030500000000000006,0.506459613533723,0.130395350558969,0.357166654327386,0.0,0.0,0.0059783815799215,0.168441647504942,0.0794505627496066,0.0984005002218726,0.169026584372101,0.222981967808302,0.261698737343176,South West,99156,50.5687462,-4.7627488
0.4381666666666667,0.026833333333333334,0.3388333333333333,0.11183333333333334,0.038500000000000006,0.010500000000000002,0.030500000000000006,0.589834258509314,0.257995693486893,0.131368404417139,0.0198929298117382,0.0,0.0009087137749155,0.174097181603518,0.0778795953293906,0.104525465219558,0.178299863521154,0.2202400294621,0.244957864864279,Wales,92322,51.983429,-1.70678515265656
0.4381666666666667,0.026833333333333334,0.3388333333333333,0.11183333333333334,0.038500000000000006,0.010500000000000002,0.030500000000000006,0.464350706070753,0.128530353763284,0.38551827049061,0.021600669675353,0.0,0.0,0.166492581963473,0.0827798115828862,0.105677865552525,0.16519455233189,0.221729827301214,0.258125361268013,South West,98611,51.061456,-3.92392329756694
0.4381666666666667,0.026833333333333334,0.3388333333333333,0.11183333333333334,0.038500000000000006,0.010500000000000002,0.030500000000000006,0.666141027138574,0.191936300276447,0.141922672584978,0.0,0.0,0.0,0.162641161063163,0.0839452101850659,0.0963222980806389,0.163199364506849,0.221402808192709,0.272489157971575,South West,93155,50.91989035,-2.23114900016168
0.4381666666666667,0.026833333333333334,0.3388333333333333,0.11183333333333334,0.038500000000000006,0.010500000000000002,0.030500000000000006,0.303829426116474,0.593508008910576,0.0478837381987907,0.0547788267741593,0.0,0.0,0.171066347966178,0.0883024987101054,0.117333024460613,0.176541818909328,0.224073118596595,0.22268319135718,North East,94969,54.8713608,-1.69005251940474
0.4381666666666667,0.026833333333333334,0.3388333333333333,0.11183333333333334,0.038500000000000006,0.010500000000000002,0.030500000000000006,0.657111903579651,0.250101566379271,0.0455920191396199,0.0415970748882769,0.0,0.005597436013181,0.17206378950245,0.0883059085319435,0.123987429486053,0.176885089106205,0.210370674005973,0.228387109367375,Eastern,102462,54.7800926,-1.5321299
0.4381666666666667,0.026833333333333334,0.3388333333333333,0.11183333333333334,0.038500000000000006,0.010500000000000002,0.030500000000000006,0.498839392043275,0.441636558141413,0.0279756978786105,0.0315483519367014,0.0,0.0,0.164378671340019,0.0841744285420655,0.109455965555664,0.172730124730904,0.221746232650721,0.247514577180627,East Midlands,92439,53.2226728,-1.52392859990711
0.4381666666666667,0.026833333333333334,0.3388333333333333,0.11183333333333334,0.038500000000000006,0.010500000000000002,0.030500000000000006,0.662642179647054,0.191361523636776,0.119922155462344,0.0197445489929335,0.0,0.0063295922608925,0.194143983517572,0.0824220452474345,0.106254209754745,0.20745671381592,0.213013590078846,0.196709457585483,South East,100956,51.25876505,-0.894432491739877
0.4381666666666667,0.026833333333333334,0.3388333333333333,0.11183333333333334,0.038500000000000006,0.010500000000000002,0.030500000000000006,0.619348094649815,0.299382305426209,0.081269599923976,0.0,0.0,0.0,0.18911556684081,0.0847075076126823,0.114983120761949,0.196635826790804,0.210178131901273,0.204379846092481,Eastern,102789,54.9558867,-1.54562436885246
0.4381666666666667,0.026833333333333334,0.3388333333333333,0.11183333333333334,0.038500000000000006,0.010500000000000002,0.030500000000000006,0.553878630050505,0.375828598484848,0.063940183080808,0.0,0.0,0.0063525883838383,0.175837057659902,0.098301288425107,0.119642464649425,0.178767675287567,0.206043352207906,0.221408161770093,Wales,95543,51.3140232,-2.4940789
0.4381666666666667,0.026833333333333334,0.3388333333333333,0.11183333333333334,0.038500000000000006,0.010500000000000002,0.030500000000000006,0.654350093886918,0.200938869184227,0.123117045691634,0.0003546839140413,0.0,0.0212393073231796,0.149969078540507,0.0763980917042141,0.0966185175368848,0.157147274494213,0.231800512412757,0.288066525311423,West Midlands,90552,52.06170235,-2.69798114471975
0.4381666666666667,0.026833333333333334,0.3388333333333333,0.11183333333333334,0.038500000000000006,0.010500000000000002,0.030500000000000006,0.419132373502626,0.102085931300306,0.478384914786683,0.0003967804103843,0.0,0.0,0.131209180388189,0.0699337687425259,0.0836629564897433,0.139189127035231,0.232292337411462,0.343712629932849,Eastern,86968,52.835652,1.12765976862862
0.4381666666666667,0.026833333333333334,0.3388333333333333,0.11183333333333334,0.038500000000000006,0.010500000000000002,0.030500000000000006,0.49419498381877,0.316929611650485,0.181755663430421,0.0071197411003236,0.0,0.0,0.145236436471305,0.0726073325785944,0.0921797439693459,0.157874684315945,0.243729861534442,0.288371941130367,Wales,91864,55.957131,-3.1975022
0.4381666666666667,0.026833333333333334,0.3388333333333333,0.11183333333333334,0.038500000000000006,0.010500000000000002,0.030500000000000006,0.624432830983633,0.320855614973262,0.0547115540431048,0.0,0.0,0.0,0.164708446434586,0.0902300330883081,0.103009649105427,0.167502129936003,0.227615858611876,0.2469338828238,West Midlands,100943,52.06170235,-2.69798114471975
0.4381666666666667,0.026833333333333334,0.3388333333333333,0.11183333333333334,0.038500000000000006,0.010500000000000002,0.030500000000000006,0.559924102826075,0.274944810348288,0.0996697743153746,0.0,0.0,0.0654613125102625,0.176924464822067,0.0765540590738795,0.0895341802782819,0.191846828201781,0.209751541588393,0.255388926035597,South West,94221,51.39663045,-2.76912892386411
0.4381666666666667,0.026833333333333334,0.3388333333333333,0.11183333333333334,0.038500000000000006,0.010500000000000002,0.030500000000000006,0.580907478697176,0.396859725766685,0.0222327955361391,0.0,0.0,0.0,0.179072448914227,0.0899259069459569,0.12208271944996,0.182382081011253,0.21488053295753,0.211656310721073,Wales,93667,52.5298901,-1.45011388649844
0.4381666666666667,0.026833333333333334,0.3388333333333333,0.11183333333333334,0.038500000000000006,0.010500000000000002,0.030500000000000006,0.596935003696377,0.313053207856301,0.0503106955183919,0.0397010929289296,0.0,0.0,0.212162599917702,0.089976273649743,0.141780264229244,0.215489542020154,0.183831061382082,0.156760258801075,Eastern,114219,52.9442507,1.2119139
0.4381666666666667,0.026833333333333334,0.3388333333333333,0.11183333333333334,0.038500000000000006,0.010500000000000002,0.030500000000000006,0.617785346710599,0.207896782792196,0.139998519121839,0.0343193513753655,0.0,0.0,0.197646496053576,0.0847548433389141,0.112432432432432,0.200353982300885,0.206362114326716,0.198450131547477,Wales,104524,52.0248034,0.2400725
0.4381666666666667,0.026833333333333334,0.3388333333333333,0.11183333333333334,0.038500000000000006,0.010500000000000002,0.030500000000000006,0.629881060283754,0.245888903275929,0.0980374021938181,0.0255267198165035,0.0,0.0006659144299957,0.197004139868411,0.0849412286538035,0.139674354993716,0.204868041694389,0.200081318843794,0.173430915945886,South East,108215,51.25961055,-1.34150770127254
0.4381666666666667,0.026833333333333334,0.3388333333333333,0.11183333333333334,0.038500000000000006,0.010500000000000002,0.030500000000000006,0.594075324570923,0.340709031713493,0.0652156437155834,0.0,0.0,0.0,0.176988656379905,0.0963352155489124,0.125242825940353,0.190868738110336,0.209348672887037,0.201215891133456,East Midlands,99351,52.7704201,-1.39650466914716
0.4381666666666667,0.026833333333333334,0.3388333333333333,0.11183333333333334,0.038500000000000006,0.010500000000000002,0.030500000000000006,0.613878399168815,0.323423045415493,0.0298107854302783,0.0328877699854142,0.0,0.0,0.163994529635988,0.0826762107060067,0.11401441305128,0.167699634339143,0.20899894278426,0.262616269483322,Eastern,103101,52.7516349,0.397674040578818
0.4381666666666667,0.026833333333333334,0.3388333333333333,0.11183333333333334,0.038500000000000006,0.010500000000000002,0.030500000000000006,0.478915377478177,0.456287515858439,0.0280812709473405,0.036715835716044,0.0,0.0,0.196759908940656,0.119624536127483,0.16293229800106,0.211377740356129,0.168592322325132,0.14071319424954,East Midlands,128268,52.2856065,-0.8534202
0.4381666666666667,0.026833333333333334,0.3388333333333333,0.11183333333333334,0.038500000000000006,0.010500000000000002,0.030500000000000006,0.54392615437334,0.378094748565065,0.0437119849224706,0.0323395870812987,0.0,0.0019275250578257,0.207270783697356,0.104514118510332,0.136918296538542,0.215070615199253,0.182485256416063,0.153740929638454,East Midlands,110387,52.11838535,-1.08008147951706
0.4381666666666667,0.026833333333333334,0.3388333333333333,0.11183333333333334,0.038500000000000006,0.010500000000000002,0.030500000000000006,0.489008964755004,0.466187727700684,0.0361046297433378,0.0017397355601948,0.0,0.0069589422407794,0.172952961233116,0.0919692124562447,0.142387346037062,0.199473424055038,0.19188750239582,0.201329553822719,Eastern,99131,52.6817956,1.26776359471335
0.4381666666666667,0.026833333333333334,0.3388333333333333,0.11183333333333334,0.038500000000000006,0.010500000000000002,0.030500000000000006,0.318049842729252,0.624687474796355,0.057262682474393,0.0,0.0,0.0,0.146995096362185,0.20044094727639,0.155776029193751,0.179020792944843,0.154939749876459,0.162827384346372,Eastern,105228,52.587805,1.27062866015264
0.4381666666666667,0.026833333333333334,0.3388333333333333,0.11183333333333334,0.038500000000000006,0.010500000000000002,0.030500000000000006,0.232454069126807,0.714880028784097,0.0268726528592952,0.0214081719849783,0.0,0.0043850772448222,0.166961956789212,0.24378660367144,0.171826041307807,0.183293141066654,0.140713945896288,0.0934183112685991,East Midlands,121914,53.0120281,-1.2908418
0.4381666666666667,0.026833333333333334,0.3388333333333333,0.11183333333333334,0.038500000000000006,0.010500000000000002,0.030500000000000006,0.348049740561818,0.58064949006978,0.024020397208803,0.0472803721595992,0.0,0.0,0.223691470187957,0.102824879538014,0.139478427189465,0.195111634236951,0.185695369110237,0.153198219737374,Wales,108748,52.9534193,-1.1496461
0.4381666666666667,0.026833333333333334,0.3388333333333333,0.11183333333333334,0.038500000000000006,0.010500000000000002,0.030500000000000006,0.312857272479811,0.628413937029308,0.0306914073133109,0.02803738317757,0.0,0.0,0.159592560759285,0.29594206609001,0.129857542563502,0.151582758809868,0.138607976884955,0.12441709489238,East Midlands,109364,52.915663,-1.15640398322859
0.4381666666666667,0.026833333333333334,0.3388333333333333,0.11183333333333334,0.038500000000000006,0.010500000000000002,0.030500000000000006,0.524346636058626,0.419742186120431,0.0201748190005297,0.0357363588204132,0.0,0.0,0.192441071518319,0.0938835000251294,0.143468864652963,0.190682012363673,0.19885409860783,0.180670452832085,West Midlands,99485,52.5246182,-1.4684488
0.4381666666666667,0.026833333333333334,0.3388333333333333,0.11183333333333334,0.038500000000000006,0.010500000000000002,0.030500000000000006,0.619310187473856,0.304445373997034,0.0326272958892649,0.035232155759212,0.0,0.0083849868806327,0.188641916688924,0.100048471179432,0.12329485315211,0.201798379677716,0.197574462612893,0.188641916688924,London,101091,51.424323,0.107481602065726
0.4381666666666667,0.026833333333333334,0.3388333333333333,0.11183333333333334,0.038500000000000006,0.010500000000000002,0.030500000000000006,0.370920764504539,0.544868932967664,0.0357803431341284,0.0484299593936688,0.0,0.0,0.225029463759576,0.104881776664702,0.125883912787272,0.189893930465527,0.187085665880966,0.167225250441956,North West,108607,53.5415797,-2.1147831
0.4381666666666667,0.026833333333333334,0.3388333333333333,0.11183333333333334,0.038500000000000006,0.010500000000000002,0.030500000000000006,0.278903614192154,0.658140201547994,0.0210809499658206,0.0418752342940307,0.0,0.0,0.23902020995501,0.119108405341712,0.13391773191459,0.194931443262158,0.167428408198243,0.145593801328287,Wales,112024,53.5415797,-2.1147831
0.4381666666666667,0.026833333333333334,0.3388333333333333,0.11183333333333334,0.038500000000000006,0.010500000000000002,0.030500000000000006,0.628285942897289,0.264261040963291,0.0682266154056322,0.0392264007337873,0.0,0.0,0.202347623362212,0.0897614708786789,0.109959583413929,0.2052490659391,0.198265242754029,0.194417013652051,London,98227,51.3796373,0.1053732
0.4381666666666667,0.026833333333333334,0.3388333333333333,0.11183333333333334,0.038500000000000006,0.010500000000000002,0.030500000000000006,0.435791692441634,0.513666460466928,0.0208032625380896,0.0086374779480834,0.0,0.0211011066052649,0.174046898800712,0.0895174958700735,0.107925167878827,0.188174465254983,0.21446654223252,0.225869429962884,Wales,93221,53.6780539,-1.5765949
0.4381666666666667,0.026833333333333334,0.3388333333333333,0.11183333333333334,0.038500000000000006,0.010500000000000002,0.030500000000000006,0.227104810996563,0.673926116838488,0.0940936426116838,0.0,0.0,0.0048754295532646,0.169926015478005,0.174583038899342,0.18437385596431,0.202525179427365,0.15214078343564,0.116451126795338,South East,117458,51.7472625,-1.235203
0.4381666666666667,0.026833333333333334,0.3388333333333333,0.11183333333333334,0.038500000000000006,0.010500000000000002,0.030500000000000006,0.409322844690124,0.185464724850289,0.393164664611459,0.0115693986747457,0.0,0.0004783671733815,0.154936337201095,0.20273284209932,0.139926409004075,0.168732296283749,0.165730310644345,0.167941804767417,South East,106263,51.7520131,-1.2578499
0.4381666666666667,0.026833333333333334,0.3388333333333333,0.11183333333333334,0.038500000000000006,0.010500000000000002,0.030500000000000006,0.131570433319673,0.74542199598818,0.114509414835106,0.0030412182127989,0.0,0.0054569376442421,0.174073114778361,0.130032191223266,0.231332790646044,0.213784873825205,0.170400725227559,0.0803763042995633,Wales,108103,51.4734122,-0.0699321
0.4381666666666667,0.026833333333333334,0.3388333333333333,0.11183333333333334,0.038500000000000006,0.010500000000000002,0.030500000000000006,0.522839909331899,0.433343578316493,0.0321756502362749,0.0,0.0,0.0116408621153328,0.200733482848634,0.0951045994338027,0.121521011801904,0.189345196514578,0.199529394463032,0.193766314938049,Wales,108796,53.87904015,-2.17177953034584
0.4381666666666667,0.026833333333333334,0.3388333333333333,0.11183333333333334,0.038500000000000006,0.010500000000000002,0.030500000000000006,0.431538353385422,0.458091469660755,0.041014722718782,0.0693554542350412,0.0,0.0,0.164165356099753,0.0822062457874635,0.100483037519658,0.181678274545046,0.225994158616041,0.245472927432038,Yorkshire & the Humber,89019,53.4825078,-1.590469
0.4381666666666667,0.026833333333333334,0.3388333333333333,0.11183333333333334,0.038500000000000006,0.010500000000000002,0.030500000000000006,0.507503094059406,0.40611463490099,0.0484800433168316,0.0313273514851485,0.0,0.0065748762376237,0.15421795781528,0.0806466541202603,0.100628348707823,0.165705118316725,0.23859768200002,0.260204239039891,Wales,97240,54.6657228,-2.7654626
0.4381666666666667,0.026833333333333334,0.3388333333333333,0.11183333333333334,0.038500000000000006,0.010500000000000002,0.030500000000000006,0.476508908926183,0.489451658829112,0.0340394322447042,0.0,0.0,0.0,0.223364464358703,0.105038290389999,0.151202696137028,0.209467327847486,0.167058696507207,0.143868524759576,Eastern,129667,52.5725769,-0.2427336
0.4381666666666667,0.026833333333333334,0.3388333333333333,0.11183333333333334,0.038500000000000006,0.010500000000000002,0.030500000000000006,0.519082192070783,0.419575386829795,0.0206379781131596,0.040471604258832,0.0,0.0002328387274305,0.194097943523939,0.0958661749942848,0.131101591308929,0.183273862179328,0.197268634018825,0.198391793974694,Wales,100609,50.3877305,-4.171494
0.4381666666666667,0.026833333333333334,0.3388333333333333,0.11183333333333334,0.038500000000000006,0.010500000000000002,0.030500000000000006,0.404647884404088,0.539171175653544,0.0245662043659431,0.0269502663930178,0.0,0.0046644691834069,0.153853316944165,0.185374529742616,0.157820240622788,0.185821507058517,0.173836927775915,0.143293477855999,Wales,107388,50.3714122,-4.1424451
0.4381666666666667,0.026833333333333334,0.3388333333333333,0.11183333333333334,0.038500000000000006,0.010500000000000002,0.030500000000000006,0.300240630881757,0.595001548614586,0.0140804803087699,0.0615872108260072,0.0,0.0290901293688799,0.188674944752202,0.0894072877543133,0.150135270392135,0.185840707964602,0.205244329048945,0.180697460087802,Wales,100909,53.712412,-1.2736371
0.4381666666666667,0.026833333333333334,0.3388333333333333,0.11183333333333334,0.038500000000000006,0.010500000000000002,0.030500000000000006,0.244725476825161,0.57888537598413,0.0362655755997768,0.0313061806459611,0.108817390944971,0.0,0.185770478227865,0.111340043573844,0.133964924041523,0.188067470449639,0.195756972307935,0.185100111399193,Wales,101437,51.6001047,-3.3449362
0.4381666666666667,0.026833333333333334,0.3388333333333333,0.11183333333333334,0.038500000000000006,0.010500000000000002,0.030500000000000006,0.594758620689655,0.302748010610079,0.0911618037135278,0.0,0.0,0.0113315649867374,0.169633120023046,0.0833659128788658,0.123551924936727,0.188347496862075,0.204129714603181,0.230971830696105,South West,97198,50.74020055,-1.9537512539581
0.4381666666666667,0.026833333333333334,0.3388333333333333,0.11183333333333334,0.038500000000000006,0.010500000000000002,0.030500000000000006,0.204863285326654,0.684116050928825,0.0684616990189939,0.0146733458568148,0.0,0.0278856188687121,0.185410970269315,0.142629372849197,0.286052333508885,0.235572934327001,0.100857796278795,0.0494765927668078,London,138611,51.508044,-0.0148511948312562
0.4381666666666667,0.026833333333333334,0.3388333333333333,0.11183333333333334,0.038500000000000006,0.010500000000000002,0.030500000000000006,0.557099463581723,0.342424438268812,0.0561838902173678,0.0414916305823046,0.0,0.0028005773497921,0.198955389332188,0.0981993948049094,0.14103242687226,0.197487341835359,0.197137806717066,0.167187640438217,South East,100133,50.82802085,-1.08355666238751
0.4381666666666667,0.026833333333333334,0.3388333333333333,0.11183333333333334,0.038500000000000006,0.010500000000000002,0.030500000000000006,0.381629953938067,0.417065718064487,0.175559812103799,0.0257445158936471,0.0,0.0,0.160016686752572,0.209344581440623,0.159479002503013,0.183980717530361,0.156938907944748,0.130240103828683,South East,107870,50.79444535,-1.07121589189787
0.4381666666666667,0.026833333333333334,0.3388333333333333,0.11183333333333334,0.038500000000000006,0.010500000000000002,0.030500000000000006,0.322377376718043,0.610306064198832,0.0378298862688271,0.0294866728142976,0.0,0.0,0.198683811750444,0.154452959258778,0.155682556176127,0.189660994934407,0.171468156037581,0.130051521842663,North West,115485,53.7593363,-2.6992717
0.4381666666666667,0.026833333333333334,0.3388333333333333,0.11183333333333334,0.038500000000000006,0.010500000000000002,0.030500000000000006,0.448863748739147,0.422341330274322,0.11540515417021,0.0100472696346986,0.0,0.0033424971816221,0.174362199065756,0.10296442687747,0.228206970894718,0.239840100610852,0.149416097736256,0.105210204814948,London,111320,51.4625524,-0.2167462
0.4381666666666667,0.026833333333333334,0.3388333333333333,0.11183333333333334,0.038500000000000006,0.010500000000000002,0.030500000000000006,0.312426668862312,0.626170725180626,0.0575121961260575,0.0017290710360017,0.0,0.0021613387950021,0.174635185170247,0.120483677107617,0.190155444594126,0.223624028975453,0.185573580065663,0.105528084086894,Wales,123967,52.8040025,-4.7141157
0.4381666666666667,0.026833333333333334,0.3388333333333333,0.11183333333333334,0.038500000000000006,0.010500000000000002,0.030500000000000006,0.347825045511162,0.607789594711124,0.0313787486825716,0.0023234645971064,0.0,0.0106831464980358,0.187814943296946,0.0925601773760648,0.129700943105991,0.183974624189767,0.209785387691883,0.196163924339348,Wales,94260,53.4598936,-1.3376657
0.4381666666666667,0.026833333333333334,0.3388333333333333,0.11183333333333334,0.038500000000000006,0.010500000000000002,0.030500000000000006,0.680314238201732,0.248141139591337,0.0286904830169925,0.0428541391899382,0.0,0.0,0.175526403050651,0.0890429412252341,0.110617176490094,0.185215120616762,0.211493824090193,0.228104534527066,Eastern,96504,51.5884892,0.6012418
0.4381666666666667,0.026833333333333334,0.3388333333333333,0.11183333333333334,0.038500000000000006,0.010500000000000002,0.030500000000000006,0.450561840697141,0.483469652958263,0.0616495948631707,0.0,0.0,0.0043189114814248,0.178994782220006,0.137493230639629,0.185510560202178,0.229341631351379,0.153705311476537,0.11495448411027,Wales,116335,51.45502715,-0.967763723533099
0.4381666666666667,0.026833333333333334,0.3388333333333333,0.11183333333333334,0.038500000000000006,0.010500000000000002,0.030500000000000006,0.536288968959112,0.35624286641452,0.106528209833718,0.0,0.0,0.0009399547926504,0.199008840637534,0.0908002771886352,0.111053946788182,0.202715188677264,0.209130425652548,0.187291321055837,Wales,95242,51.4564242,-0.9700664
0.4381666666666667,0.026833333333333334,0.3388333333333333,0.11183333333333334,0.038500000000000006,0.010500000000000002,0.030500000000000006,0.342730851274383,0.549930728124382,0.0644558309326413,0.0428825896685945,0.0,0.0,0.17945886842613,0.0912033960079754,0.11478678472654,0.167334862680359,0.221565937010913,0.225650151148082,North East,93286,54.6179021,-1.0687914
0.4381666666666667,0.026833333333333334,0.3388333333333333,0.11183333333333334,0.038500000000000006,0.010500000000000002,0.030500000000000006,0.536222767398461,0.355706527437043,0.0284540059969386,0.0305927743180054,0.0,0.0490239248495523,0.188474734082928,0.090902650568268,0.133348176785516,0.196712850044024,0.195123925958162,0.195437662561103,West Midlands,98809,52.3057655,-1.9417444
0.4381666666666667,0.026833333333333334,0.3388333333333333,0.11183333333333334,0.038500000000000006,0.010500000000000002,0.030500000000000006,0.601002144741587,0.257425930495189,0.116366466111185,0.0252054586520394,0.0,0.0,0.200904493916311,0.0839189823982904,0.11935266973077,0.214342952408146,0.197901795171734,0.183579106374748,South East,108567,51.2376557,-0.2057067
0.4381666666666667,0.026833333333333334,0.3388333333333333,0.11183333333333334,0.038500000000000006,0.010500000000000002,0.030500000000000006,0.151275431168026,0.626190230300527,0.0151399359702571,0.0279458845399153,0.179448518021274,0.0,0.184796186555008,0.104509978314529,0.129353333266711,0.176241917914997,0.206711503292794,0.19838708065596,Wales,100067,51.5450167,-3.5149965
0.4381666666666667,0.026833333333333334,0.3388333333333333,0.11183333333333334,0.038500000000000006,0.010500000000000002,0.030500000000000006,0.59204639284137,0.351249111892006,0.0566276859266086,7.68093400157459e-05,0.0,0.0,0.173843281699379,0.0870679650840103,0.111034865533074,0.179332963318028,0.226207174933145,0.222513749432363,North West,99094,53.90264405,-2.42285603548628
0.4381666666666667,0.026833333333333334,0.3388333333333333,0.11183333333333334,0.038500000000000006,0.010500000000000002,0.030500000000000006,0.659276045813683,0.241705967620097,0.0608399175190379,0.0001837447173393,0.0,0.0379943243298421,0.154180145517856,0.0898578137930293,0.105538061409825,0.157565531398111,0.230743602695412,0.262114845185766,Wales,93047,51.4405529,-0.307639437733795
0.4381666666666667,0.026833333333333334,0.3388333333333333,0.11183333333333334,0.038500000000000006,0.010500000000000002,0.030500000000000006,0.451417073674073,0.0911467290362523,0.450711976336245,0.0067242209534291,0.0,0.0,0.208991505431321,0.0795995802050536,0.117856534180099,0.243229909492927,0.194558811657383,0.155763659033216,London,111482,51.43851165,-0.274735034756565
0.4381666666666667,0.026833333333333334,0.3388333333333333,0.11183333333333334,0.038500000000000006,0.010500000000000002,0.030500000000000006,0.284080055087852,0.580199471334325,0.0804549190341855,0.0327861569559519,0.0,0.0224793975876852,0.22918002837541,0.109556294093639,0.135239927701009,0.199900880415136,0.177900219617904,0.148222649796902,North West,102906,53.6153659,-2.1557561
0.4381666666666667,0.026833333333333334,0.3388333333333333,0.11183333333333334,0.038500000000000006,0.010500000000000002,0.030500000000000006,0.55169540414076,0.365788517830054,0.0224344593295301,0.0545905177018567,0.0,0.0054911009977992,0.199578812523049,0.101017061004251,0.143747209875585,0.202344674986898,0.192659303973137,0.16065293763708,South East,103039,51.3883811,0.504925
0.4381666666666667,0.026833333333333334,0.3388333333333333,0.11183333333333334,0.038500000000000006,0.010500000000000002,0.030500000000000006,0.604105336938019,0.322979873835987,0.0247321517973365,0.0480825072594372,0.0,0.0001001301692199,0.19992795389049,0.0966156801891672,0.147731471218503,0.206772334293948,0.182646124288775,0.166306436119116,London,108264,51.5760462,0.1822646
0.4381666666666667,0.026833333333333334,0.3388333333333333,0.11183333333333334,0.038500000000000006,0.010500000000000002,0.030500000000000006,0.589006035602414,0.200874780349912,0.202154480861792,0.0031515012606005,0.0,0.0048132019252807,0.160516361940109,0.12888767201079,0.109295934613083,0.175433259306582,0.199375335909059,0.226491436220377,South East,98613,51.07592055,-1.51962399721452
0.4381666666666667,0.026833333333333334,0.3388333333333333,0.11183333333333334,0.038500000000000006,0.010500000000000002,0.030500000000000006,0.511555963595721,0.457009420405556,0.0310554047581031,0.0,0.0,0.0003792112406195,0.187509861154938,0.0908015146733985,0.124398469548753,0.189797649100663,0.218947223098769,0.188545282423477,North West,101405,53.6848806,-2.26143975890742
0.4381666666666667,0.026833333333333334,0.3388333333333333,0.11183333333333334,0.038500000000000006,0.010500000000000002,0.030500000000000006,0.408918047370177,0.49058156343823,0.0239297231179806,0.0762815523184699,0.0,0.0002891137551428,0.179876586280581,0.0895512624831014,0.117962583402381,0.175210413850246,0.212125506955649,0.225273647028041,Yorkshire & the Humber,91724,53.33872705,-1.31389056549178
0.4381666666666667,0.026833333333333334,0.3388333333333333,0.11183333333333334,0.038500000000000006,0.010500000000000002,0.030500000000000006,0.278821659517952,0.57042391517342,0.043850290666028,0.0760303947397069,0.0,0.0308737399028935,0.198085310859762,0.103607599615584,0.140921859983736,0.19013824203445,0.196006135876395,0.171240851630073,Yorkshire & the Humber,108216,53.4310417,-1.355187
0.4381666666666667,0.026833333333333334,0.3388333333333333,0.11183333333333334,0.038500000000000006,0.010500000000000002,0.030500000000000006,0.554325639817868,0.388130004710316,0.05724996074737,0.0002943947244465,0.0,0.0,0.192409992048041,0.0904421106510552,0.138290968585191,0.205507874267643,0.190006123922601,0.183342930525469,West Midlands,109407,52.3726682,-1.2620038
0.4381666666666667,0.026833333333333334,0.3388333333333333,0.11183333333333334,0.038500000000000006,0.010500000000000002,0.030500000000000006,0.568153754232225,0.341147181836288,0.0680143397729536,0.0226847241585341,0.0,0.0,0.190321708569884,0.0833558619446697,0.114185014969011,0.215083155607622,0.193565828602325,0.203488430306489,London,99873,51.5775626,-0.4278453
0.4381666666666667,0.026833333333333334,0.3388333333333333,0.11183333333333334,0.038500000000000006,0.010500000000000002,0.030500000000000006,0.363473298002446,0.594944965348553,0.0270485120260905,0.012291072156543,0.0,0.0022421524663677,0.182412626832018,0.0915767434369463,0.118934879476029,0.189252160841789,0.209201696462125,0.208621892951092,Wales,93135,53.3421509,-2.7334941
0.4381666666666667,0.026833333333333334,0.3388333333333333,0.11183333333333334,0.038500000000000006,0.010500000000000002,0.030500000000000006,0.619751879239748,0.253193179734767,0.0951333292591008,0.0301900629468923,0.0,0.0017315488194911,0.191910053059647,0.0964403856484492,0.116627555203709,0.212427078326595,0.199289396552536,0.183305531209063,South East,106107,51.3948374,-0.55196094647528
0.4381666666666667,0.026833333333333334,0.3388333333333333,0.11183333333333334,0.038500000000000006,0.010500000000000002,0.030500000000000006,0.533190156599553,0.391874720357942,0.048662192393736,0.0262729306487695,0.0,0.0,0.179314266332811,0.0987999162036251,0.110381772293327,0.192801492373532,0.204014245383717,0.214688307412986,East Midlands,100243,52.91250105,-1.01106222911909
0.4381666666666667,0.026833333333333334,0.3388333333333333,0.11183333333333334,0.038500000000000006,0.010500000000000002,0.030500000000000006,0.640402224359242,0.247815361458377,0.0730860893924823,0.03259188025254,0.0,0.0061044445373583,0.166970861011482,0.0873002398183323,0.102559477068698,0.17699866295974,0.220431248540928,0.245739510600819,Wales,94238,52.6720893,-0.6494345
0.4381666666666667,0.026833333333333334,0.3388333333333333,0.11183333333333334,0.038500000000000006,0.010500000000000002,0.030500000000000006,0.252402441020365,0.671584558909491,0.0263742430264911,0.049124365778952,0.0,0.000514391264701,0.173891772666213,0.169870147100284,0.232375329607456,0.186885354649331,0.13355942884625,0.103417967130467,Wales,120598,53.4877463,-2.2891921
0.4381666666666667,0.026833333333333334,0.3388333333333333,0.11183333333333334,0.038500000000000006,0.010500000000000002,0.030500000000000006,0.595945917793379,0.262348701068728,0.113122643278265,0.020291243932418,0.0,0.0082914939272098,0.171017500621548,0.0798823923641512,0.108722206007934,0.182313454616208,0.215974316567759,0.242090129822399,South West,92511,51.0690613,-1.7954134
0.4381666666666667,0.026833333333333334,0.3388333333333333,0.11183333333333334,0.038500000000000006,0.010500000000000002,0.030500000000000006,0.492611135785521,0.423264828198813,0.0273347599628537,0.0339564743408567,0.0,0.0228328017119554,0.155879568653276,0.0826267698386565,0.108762759301943,0.160448221929536,0.228082811985512,0.264199868291077,Yorkshire & the Humber,97185,54.294096,-0.4259937
0.4381666666666667,0.026833333333333334,0.3388333333333333,0.11183333333333334,0.038500000000000006,0.010500000000000002,0.030500000000000006,0.462800393890507,0.490875568312766,0.0145613777787089,0.0317626600180184,0.0,0.0,0.187321005215742,0.093959222380275,0.130621147463253,0.181460407776197,0.20176386913229,0.204874348032243,Yorkshire & the Humber,105451,53.5922488,-0.6450841
0.4381666666666667,0.026833333333333334,0.3388333333333333,0.11183333333333334,0.038500000000000006,0.010500000000000002,0.030500000000000006,0.340987136413417,0.600727637220871,0.0554637759174354,0.0028214504482765,0.0,0.0,0.155547478218727,0.0817940499399707,0.0946370154974721,0.164337089294959,0.224862042758484,0.278822324290388,North West,90788,50.84018375,0.462184008771202
0.4381666666666667,0.026833333333333334,0.3388333333333333,0.11183333333333334,0.038500000000000006,0.010500000000000002,0.030500000000000006,0.5790289542158,0.351694993448855,0.0417243351971802,0.0233995829411873,0.0,0.0041521341969772,0.181282897671514,0.0844955938184593,0.128369068506458,0.189500500589804,0.215164401621713,0.201187537792052,Wales,100881,53.785097,-1.09904072024321
0.4381666666666667,0.026833333333333334,0.3388333333333333,0.11183333333333334,0.038500000000000006,0.010500000000000002,0.030500000000000006,0.65375598613421,0.224858236319554,0.0822529905624461,0.0388723024826176,0.0,0.0002604845011721,0.199863279482875,0.0828767605279824,0.104400188996009,0.196636273159551,0.206357504046324,0.209865993787259,South East,99473,51.27452185,0.196116556219498
0.4381666666666667,0.026833333333333334,0.3388333333333333,0.11183333333333334,0.038500000000000006,0.010500000000000002,0.030500000000000006,0.219324672820612,0.68619700657974,0.0260538430020968,0.0639415776915475,0.0,0.0044828999060037,0.227983606408404,0.112519651408995,0.148587370391574,0.189098806830057,0.177376116608962,0.144434448352008,Wales,110043,53.3806626,-1.4702278
0.4381666666666667,0.026833333333333334,0.3388333333333333,0.11183333333333334,0.038500000000000006,0.010500000000000002,0.030500000000000006,0.141152667440269,0.771430271653426,0.0559671516558064,0.0240709333809396,0.0,0.0073789758695587,0.111366820092055,0.349498588041714,0.20347764214084,0.14456451648767,0.10299513041158,0.0880973028261401,Yorkshire & the Humber,89946,53.3887994,-1.46936796487376
0.4381666666666667,0.026833333333333334,0.3388333333333333,0.11183333333333334,0.038500000000000006,0.010500000000000002,0.030500000000000006,0.238807522315625,0.400658635930323,0.342282693474304,0.0168472137966894,0.0,0.0014039344830574,0.173294323914423,0.133937118824554,0.0959459604814508,0.185922189116802,0.196097623939162,0.214802783723607,Wales,92969,53.38172635,-1.46279513947516
0.4381666666666667,0.026833333333333334,0.3388333333333333,0.11183333333333334,0.038500000000000006,0.010500000000000002,0.030500000000000006,0.265622018192998,0.639935539958864,0.0503169992154534,0.0416021712855961,0.0,0.0025232713470876,0.194392134225393,0.103167318047183,0.150360073055558,0.190086398607024,0.191420703490958,0.170573372573884,Wales,105675,53.3708803,-1.46834989543711
0.4381666666666667,0.026833333333333334,0.3388333333333333,0.11183333333333334,0.038500000000000006,0.010500000000000002,0.030500000000000006,0.312691638352532,0.588050053865915,0.0341841385597082,0.0628366619706637,0.0,0.0022375072511809,0.190174676684794,0.10097234766233,0.136320836295855,0.178625646150003,0.203847114664002,0.190059378543016,Yorkshire & the Humber,104078,53.36046085,-1.42509192573562
0.4381666666666667,0.026833333333333334,0.3388333333333333,0.11183333333333334,0.038500000000000006,0.010500000000000002,0.030500000000000006,0.528387541661878,0.414971459219247,0.0230050185802398,0.0336359805386354,0.0,0.0,0.178833357618146,0.0857351012676672,0.130516295109039,0.183942882121521,0.212161833989023,0.208810529894604,Wales,102945,53.20786945,-1.08240544520148
0.4381666666666667,0.026833333333333334,0.3388333333333333,0.11183333333333334,0.038500000000000006,0.010500000000000002,0.030500000000000006,0.51347504447982,0.425807659893248,0.0412398164622155,0.0,0.0,0.0194774791647158,0.180924226560736,0.0814189813389172,0.11503561823818,0.194689084601014,0.210116811397836,0.217815277863316,Yorkshire & the Humber,97422,53.8321814,-1.7779777
0.4381666666666667,0.026833333333333334,0.3388333333333333,0.11183333333333334,0.038500000000000006,0.010500000000000002,0.030500000000000006,0.508840563034557,0.392858512637594,0.0744448279829708,0.0238560963448778,0.0,0.0,0.169258737626482,0.0908773086412354,0.125078661112942,0.177069911000569,0.210861726249338,0.226853655369432,Wales,100113,52.707755,-2.7540658
0.4381666666666667,0.026833333333333334,0.3388333333333333,0.11183333333333334,0.038500000000000006,0.010500000000000002,0.030500000000000006,0.60811994105461,0.308865301240843,0.027379706554471,0.0,0.0,0.0556350511500758,0.201293645035128,0.0970676199408922,0.136602544817456,0.19046312846196,0.194090997575522,0.180482064169041,South East,113014,51.3397366,0.7342319
0.4381666666666667,0.026833333333333334,0.3388333333333333,0.11183333333333334,0.038500000000000006,0.010500000000000002,0.030500000000000006,0.668278382700069,0.302215792278992,0.0012754130815502,0.0003045762582806,0.0,0.0279258356811086,0.155509551529064,0.0787181274083791,0.0913646798393047,0.166096171189637,0.239495367713372,0.268816102320243,Yorkshire & the Humber,97576,53.2785819,-2.9444809
0.4381666666666667,0.026833333333333334,0.3388333333333333,0.11183333333333334,0.038500000000000006,0.010500000000000002,0.030500000000000006,0.651666054265215,0.262352781914173,0.041984954263281,0.0301301514243168,0.0,0.0138660581330135,0.171973927303676,0.0858676021837959,0.115313557386918,0.178948788740581,0.215774396446142,0.232121727938887,East Midlands,96347,52.99965,-0.4095586
0.4381666666666667,0.026833333333333334,0.3388333333333333,0.11183333333333334,0.038500000000000006,0.010500000000000002,0.030500000000000006,0.316280395910553,0.629363366054336,0.024072339212252,0.0226060038287646,0.0,0.0076778949940939,0.25039624260226,0.104957031306801,0.150317721132454,0.246920940512716,0.150230475054892,0.0971775893908769,South East,137544,51.5111014,-0.5940682
0.4381666666666667,0.026833333333333334,0.3388333333333333,0.11183333333333334,0.038500000000000006,0.010500000000000002,0.030500000000000006,0.296763187628775,0.647406783791568,0.0195848195493719,0.0357578040188758,0.0,0.0004874050114097,0.229748901170634,0.114313068453806,0.13965794856173,0.209704512816049,0.172287740980896,0.134287828016885,Wales,114895,52.4968157,-1.9739174
0.4381666666666667,0.026833333333333334,0.3388333333333333,0.11183333333333334,0.038500000000000006,0.010500000000000002,0.030500000000000006,0.599695245835026,0.231023973994311,0.143904916700528,0.025375863470134,0.0,0.0,0.185455057274637,0.0885429072562309,0.116281587665923,0.192893181178407,0.205419977912994,0.211407288711808,Wales,92362,52.4130189,-1.7768935
0.4381666666666667,0.026833333333333334,0.3388333333333333,0.11183333333333334,0.038500000000000006,0.010500000000000002,0.030500000000000006,0.560843735398171,0.335202367443206,0.0157532874974968,0.0807022228155663,0.0,0.0074983868455599,0.200839706694,0.097896790980052,0.140660726957344,0.192974848222029,0.190185681621067,0.177442245525507,Eastern,101464,51.5307156,-0.480036149302633
0.4381666666666667,0.026833333333333334,0.3388333333333333,0.11183333333333334,0.038500000000000006,0.010500000000000002,0.030500000000000006,0.503839897098324,0.297242083758938,0.198747777399463,0.0,0.0,0.0001702417432754,0.17986502973921,0.0936308525240201,0.115963855421687,0.197689492145798,0.205095699252707,0.207755070916578,Eastern,104912,52.17965405,-0.0034368130503711
0.4381666666666667,0.026833333333333334,0.3388333333333333,0.11183333333333334,0.038500000000000006,0.010500000000000002,0.030500000000000006,0.621032132424537,0.182103213242454,0.173846153846154,0.0188704965920155,0.0,0.0041480038948393,0.170986374407583,0.0850753215978334,0.0977699729180771,0.182422139471903,0.224018280297901,0.239727911306703,Wales,94528,51.7489422,-0.2303579
0.4381666666666667,0.026833333333333334,0.3388333333333333,0.11183333333333334,0.038500000000000006,0.010500000000000002,0.030500000000000006,0.597652057734849,0.366187003088245,0.036160939176906,0.0,0.0,0.0,0.187385103011094,0.0877760169043845,0.131072371896461,0.192012678288431,0.209381933438986,0.192371896460644,East Midlands,94651,52.8224616,-1.502636219
0.4381666666666667,0.026833333333333334,0.3388333333333333,0.11183333333333334,0.038500000000000006,0.010500000000000002,0.030500000000000006,0.562274568279364,0.281298486710863,0.130513631692426,0.0259133133173474,0.0,0.0,0.150566208333793,0.0754429877275584,0.0878146673870615,0.151040345789549,0.234488538002668,0.30064725275937,Wales,90690,50.4155623,-3.58601027095414
0.4381666666666667,0.026833333333333334,0.3388333333333333,0.11183333333333334,0.038500000000000006,0.010500000000000002,0.030500000000000006,0.585946296685051,0.340140079009141,0.0739136243058073,0.0,0.0,0.0,0.150921740896856,0.0835711746483165,0.101884109491646,0.160702859174242,0.230206693413234,0.272713422375705,South West,98455,50.38628265,-2.21376124551175
0.4381666666666667,0.026833333333333334,0.3388333333333333,0.11183333333333334,0.038500000000000006,0.010500000000000002,0.030500000000000006,0.56851052295301,0.232260063118357,0.199229413928634,0.0,0.0,0.0,0.151734374141059,0.0767962179099554,0.0919245780880655,0.157880270463416,0.239404100929031,0.282260458468473,South West,90955,50.4165967,-4.5145378
0.4381666666666667,0.026833333333333334,0.3388333333333333,0.11183333333333334,0.038500000000000006,0.010500000000000002,0.030500000000000006,0.711822909289573,0.208049209850064,0.0289957710285101,0.0442119746666396,0.0,0.0069201351652131,0.169828554726391,0.0845991541911381,0.114640896593929,0.177966953169956,0.214091942894201,0.238872498424384,East Midlands,109481,51.5307156,-0.480036149302633
0.4381666666666667,0.026833333333333334,0.3388333333333333,0.11183333333333334,0.038500000000000006,0.010500000000000002,0.030500000000000006,0.618018967334036,0.292666744721539,0.0504819888381532,0.0388322991062717,0.0,0.0,0.182786271573804,0.0886594688312711,0.118852943494365,0.184726928836,0.215826700291591,0.209147686972969,East Midlands,101512,52.5298901,-1.45011388649844
0.4381666666666667,0.026833333333333334,0.3388333333333333,0.11183333333333334,0.038500000000000006,0.010500000000000002,0.030500000000000006,0.598333712348308,0.315478282441959,0.079096979595212,0.007091025614521,0.0,0.0,0.185655011453516,0.078964429269136,0.116879889354713,0.194158706833211,0.200414919825388,0.223927043264036,Eastern,92548,52.5169106,1.36616778144338
0.4381666666666667,0.026833333333333334,0.3388333333333333,0.11183333333333334,0.038500000000000006,0.010500000000000002,0.030500000000000006,0.635970005314019,0.280186581117518,0.0571945915093782,0.0226928300104312,0.0,0.0039559920486527,0.184445275885156,0.0860147296286085,0.111919577803159,0.196624788310819,0.218601079122524,0.202394549249734,East Midlands,101563,52.11838535,-1.08008147951706
0.4381666666666667,0.026833333333333334,0.3388333333333333,0.11183333333333334,0.038500000000000006,0.010500000000000002,0.030500000000000006,0.53370317925242,0.399259014994278,0.0392799643085756,0.0222877427113844,0.0,0.0054700987333423,0.173029816707492,0.0847516682152208,0.113797618042064,0.187969845426134,0.216044429428161,0.224406622180927,North West,94711,53.72715265,-2.7330066458997
0.4381666666666667,0.026833333333333334,0.3388333333333333,0.11183333333333334,0.038500000000000006,0.010500000000000002,0.030500000000000006,0.267338552308363,0.64000550976836,0.0182970224293487,0.0743589154939277,0.0,0.0,0.173962510701572,0.0899495336367323,0.119992790519533,0.178096697156761,0.219675122786464,0.218323345198937,North East,88773,54.9987414,-1.4321848
0.4381666666666667,0.026833333333333334,0.3388333333333333,0.11183333333333334,0.038500000000000006,0.010500000000000002,0.030500000000000006,0.630236354866239,0.261697154094468,0.105877332937553,0.0021891581017401,0.0,0.0,0.143155056558465,0.0765698396983548,0.0871021422703431,0.149032081393634,0.241779537842563,0.30236134223664,Wales,94946,52.51314745,-2.69160028051954
0.4381666666666667,0.026833333333333334,0.3388333333333333,0.11183333333333334,0.038500000000000006,0.010500000000000002,0.030500000000000006,0.62519170633577,0.287171111597984,0.060051387256757,0.0275857948094887,0.0,0.0,0.162022849098489,0.0834587687476311,0.0982186366343602,0.168985868211598,0.221571281607017,0.265742595700904,Eastern,92338,50.7230415,-1.8916432
0.4381666666666667,0.026833333333333334,0.3388333333333333,0.11183333333333334,0.038500000000000006,0.010500000000000002,0.030500000000000006,0.60922967960785,0.29938680036531,0.062885579557527,0.0274355581234972,0.0,0.0010623823458147,0.172085253812602,0.0820573101947804,0.102793330652396,0.17619946175024,0.218259246656562,0.24860539693342,South West,96980,50.3852018,-4.020183
0.4381666666666667,0.026833333333333334,0.3388333333333333,0.11183333333333334,0.038500000000000006,0.010500000000000002,0.030500000000000006,0.554457802642543,0.305995318017696,0.120104749434591,0.01944212990517,0.0,0.0,0.199040985261458,0.0910660205935796,0.10908540278619,0.213446396123561,0.204583080961034,0.182778114274177,Eastern,99058,51.76164775,-0.248358374493659
0.4381666666666667,0.026833333333333334,0.3388333333333333,0.11183333333333334,0.038500000000000006,0.010500000000000002,0.030500000000000006,0.626969764746548,0.279071186027124,0.0451597161505459,0.0487993330757813,0.0,0.0,0.171878319652342,0.0845388701110574,0.12020280057943,0.170487687107677,0.211173346209561,0.241718976339932,Eastern,103552,52.4235557,0.708694
0.4381666666666667,0.026833333333333334,0.3388333333333333,0.11183333333333334,0.038500000000000006,0.010500000000000002,0.030500000000000006,0.612019104814494,0.267809999798472,0.109772072308095,0.0,0.0,0.0103988230789383,0.174783622352662,0.0892538452809556,0.119871669228468,0.184367166303888,0.210796703013297,0.220926993820729,South West,96937,51.2598871,-2.1848747
0.4381666666666667,0.026833333333333334,0.3388333333333333,0.11183333333333334,0.038500000000000006,0.010500000000000002,0.030500000000000006,0.472730036041513,0.472056971644448,0.0308524034912501,0.0243605888227886,0.0,0.0,0.18246411048519,0.140214428493549,0.169135017263311,0.195457023441759,0.167017990187171,0.14571143012902,Wales,110063,50.90472085,-1.35879980823962
0.4381666666666667,0.026833333333333334,0.3388333333333333,0.11183333333333334,0.038500000000000006,0.010500000000000002,0.030500000000000006,0.341257488859988,0.586508325693452,0.0403385710935334,0.0,0.0,0.0318956143530264,0.183539608439185,0.158641841276734,0.166549053667716,0.208699743060833,0.153937321318713,0.128632432236818,Wales,110532,50.92394315,-1.42759975192888
0.4381666666666667,0.026833333333333334,0.3388333333333333,0.11183333333333334,0.038500000000000006,0.010500000000000002,0.030500000000000006,0.503772890402135,0.370341400570535,0.0272844391276341,0.0384650777583509,0.0,0.0601361921413453,0.19035259150686,0.0988355522983591,0.135356866577094,0.19495338137698,0.196663409470298,0.183838198770408,Wales,98244,51.5388241,0.7128137
0.4381666666666667,0.026833333333333334,0.3388333333333333,0.11183333333333334,0.038500000000000006,0.010500000000000002,0.030500000000000006,0.555477541786125,0.348994597546467,0.0437462212080432,0.0361593821309461,0.0,0.0156222573284184,0.188859607324497,0.0852839069170402,0.121050635496387,0.206538757013799,0.197845049740842,0.200422043507434,Wales,102832,51.547977,0.647921167542796
0.4381666666666667,0.026833333333333334,0.3388333333333333,0.11183333333333334,0.038500000000000006,0.010500000000000002,0.030500000000000006,0.311163815009317,0.59825512451296,0.0828392342876503,0.0037269185160088,0.0,0.004014907674064,0.181144529547294,0.101306121178156,0.160385142287814,0.23738246466156,0.184016750731677,0.135764991593499,Wales,128472,51.6281547,-0.123596
0.4381666666666667,0.026833333333333334,0.3388333333333333,0.11183333333333334,0.038500000000000006,0.010500000000000002,0.030500000000000006,0.413527464733233,0.338856489873118,0.222614075183229,0.0238592481677043,0.0,0.0011427220427141,0.157158555246321,0.0831544678709703,0.109075411048237,0.17116654514085,0.226767173651834,0.252677847041788,North West,97373,53.6475988,-3.0041751
0.4381666666666667,0.026833333333333334,0.3388333333333333,0.11183333333333334,0.038500000000000006,0.010500000000000002,0.030500000000000006,0.585431544582738,0.311507855539686,0.0562130177514792,0.0468475821260967,0.0,0.0,0.190316157544558,0.0865815161963964,0.130688164732165,0.213267932591909,0.198562478752853,0.180583750182118,South East,102956,51.4250347,-0.459286076091549
0.4381666666666667,0.026833333333333334,0.3388333333333333,0.11183333333333334,0.038500000000000006,0.010500000000000002,0.030500000000000006,0.405434996824841,0.555258720739265,0.0229487376004554,0.0,0.0,0.0163575448354391,0.192637598284489,0.0900748433755203,0.12211453559265,0.188664171887483,0.204074338813438,0.20243451204642,Wales,95132,53.70522395,-1.69882757047425
0.4381666666666667,0.026833333333333334,0.3388333333333333,0.11183333333333334,0.038500000000000006,0.010500000000000002,0.030500000000000006,0.437438478539457,0.233883698902364,0.328677822558178,0.0,0.0,0.0,0.211191607801368,0.0844042965806211,0.12382311270988,0.227479627415319,0.191165683624562,0.161935671868249,Eastern,99523,51.753051,-0.3379675
0.4381666666666667,0.026833333333333334,0.3388333333333333,0.11183333333333334,0.038500000000000006,0.010500000000000002,0.030500000000000006,0.495729218516675,0.28959681433549,0.214673967147835,0.0,0.0,0.0,0.170714837054041,0.0866204877853183,0.116843930751727,0.180779293683651,0.214090239281454,0.230951211443808,South West,99756,50.3378673,-4.79176791622137
0.4381666666666667,0.026833333333333334,0.3388333333333333,0.11183333333333334,0.038500000000000006,0.010500000000000002,0.030500000000000006,0.277662136239337,0.653279457981307,0.0262642341128933,0.0427941716664625,0.0,0.0,0.180844373009614,0.0878814802982958,0.129581008096317,0.185746089109405,0.207549241781389,0.208397807704979,North West,100169,54.3233651,-1.48706648577979
0.4381666666666667,0.026833333333333334,0.3388333333333333,0.11183333333333334,0.038500000000000006,0.010500000000000002,0.030500000000000006,0.224139793075145,0.697129403633065,0.0408017798129468,0.0379290234788431,0.0,0.0,0.177261368788419,0.0949674725599148,0.131670233965606,0.186560948093164,0.211560157312611,0.197979819280284,North West,94843,51.1267494,-2.7397217
0.4381666666666667,0.026833333333333334,0.3388333333333333,0.11183333333333334,0.038500000000000006,0.010500000000000002,0.030500000000000006,0.433426742909077,0.151777937668043,0.41479531942288,0.0,0.0,0.0,0.154116437504943,0.0777643456745489,0.0940900001129803,0.162352701924055,0.23089785450396,0.280778660279513,South West,88509,50.2149064,-5.4795083
0.4381666666666667,0.026833333333333334,0.3388333333333333,0.11183333333333334,0.038500000000000006,0.010500000000000002,0.030500000000000006,0.543491426624778,0.292876338998448,0.148624096294334,0.0150081380824406,0.0,0.0,0.20289868783289,0.0866389790261392,0.1241781217184,0.223276538981864,0.188679602281865,0.174328070158841,Wales,105702,51.1267494,-2.7397217
0.4381666666666667,0.026833333333333334,0.3388333333333333,0.11183333333333334,0.038500000000000006,0.010500000000000002,0.030500000000000006,0.582359577725844,0.375956966717705,0.0342896284954468,0.0073938270610041,0.0,0.0,0.170128826179849,0.0836206714192033,0.127006959575233,0.184111437818628,0.214562223679479,0.220569881327608,West Midlands,94546,52.8063157,-2.1163818
0.4381666666666667,0.026833333333333334,0.3388333333333333,0.11183333333333334,0.038500000000000006,0.010500000000000002,0.030500000000000006,0.595894882885824,0.335101607769526,0.0354198971680404,0.0038766016485758,0.0,0.0297070105280339,0.156487967428162,0.0829197320098091,0.100320321025027,0.16702453447851,0.23149940746477,0.26174803759372,West Midlands,85227,53.07155675,-1.97420071184559
0.4381666666666667,0.026833333333333334,0.3388333333333333,0.11183333333333334,0.038500000000000006,0.010500000000000002,0.030500000000000006,0.390512709207543,0.585467612019486,0.0240196787729706,0.0,0.0,0.0,0.199135132914253,0.0910267471958585,0.135266444800526,0.197080816796088,0.201055918484736,0.176434939808538,North West,97355,53.4840214,-2.0562536
0.4381666666666667,0.026833333333333334,0.3388333333333333,0.11183333333333334,0.038500000000000006,0.010500000000000002,0.030500000000000006,0.514012105132244,0.443868667606334,0.0421192272614211,0.0,0.0,0.0,0.200472146365373,0.0932889195650651,0.146535425982054,0.201132351028819,0.197741299802939,0.160829857255749,Eastern,99971,51.9016663,-0.2027155
0.4381666666666667,0.026833333333333334,0.3388333333333333,0.11183333333333334,0.038500000000000006,0.010500000000000002,0.030500000000000006,0.286952111247305,0.642208039223974,0.0375755526438141,0.0317849444186144,0.0,0.0014793524662918,0.19879058410591,0.09070619205677,0.156613635496547,0.21383197894014,0.189386135591927,0.150671473808706,North West,104843,53.407901,-2.160243
0.4381666666666667,0.026833333333333334,0.3388333333333333,0.11183333333333334,0.038500000000000006,0.010500000000000002,0.030500000000000006,0.379293757516125,0.564228708866295,0.0155242155898108,0.0409533180277686,0.0,0.0,0.199025453224781,0.0940245957043269,0.140007869011228,0.185587603280772,0.202637127609132,0.178717351169759,North East,99124,54.5658658,-1.312888
0.4381666666666667,0.026833333333333334,0.3388333333333333,0.11183333333333334,0.038500000000000006,0.010500000000000002,0.030500000000000006,0.459757513220689,0.497205382862548,0.0178640526247904,0.025173051291973,0.0,0.0,0.18804055089663,0.0842000394123185,0.107442359484137,0.191872304087933,0.217818747126185,0.210625998992796,Wales,91340,54.54583725,-1.33274058959327
0.4381666666666667,0.026833333333333334,0.3388333333333333,0.11183333333333334,0.038500000000000006,0.010500000000000002,0.030500000000000006,0.428075272966654,0.512178512246612,0.020611536104238,0.0346173926860826,0.0,0.0045172859964134,0.198524854344862,0.131620889337513,0.150879243478723,0.190679842037224,0.178407621881032,0.149887548920647,West Midlands,112941,53.03285865,-2.19944008999086
0.4381666666666667,0.026833333333333334,0.3388333333333333,0.11183333333333334,0.038500000000000006,0.010500000000000002,0.030500000000000006,0.463886695853968,0.509533720902414,0.0227517404722601,0.001961769420321,0.0,0.0018660733510371,0.199268319427415,0.0988765613006768,0.133825772301803,0.18403660396543,0.193656110130885,0.19033663287379,West Midlands,100318,52.98606945,-2.17512279001374
0.4381666666666667,0.026833333333333334,0.3388333333333333,0.11183333333333334,0.038500000000000006,0.010500000000000002,0.030500000000000006,0.544269240849131,0.418930724207216,0.0278457237704201,0.0089543111732331,0.0,0.0,0.190133988104058,0.0881717926465296,0.116112439938192,0.18073577037868,0.203437546303156,0.221408462629384,West Midlands,94489,53.0028962,-2.184813
0.4381666666666667,0.026833333333333334,0.3388333333333333,0.11183333333333334,0.038500000000000006,0.010500000000000002,0.030500000000000006,0.651932803835138,0.308862662251925,0.0323996018606918,0.0068049320522456,0.0,0.0,0.158309725648179,0.0889192886456908,0.114189385697513,0.177203054816506,0.222928358305417,0.238450186886694,Wales,92837,52.9033037,-2.1477653
0.4381666666666667,0.026833333333333334,0.3388333333333333,0.11183333333333334,0.038500000000000006,0.010500000000000002,0.030500000000000006,0.55685150051742,0.380756295274232,0.0211926526388409,0.0411995515695067,0.0,0.0,0.181379726121781,0.0965248471277237,0.126302644044441,0.185029282576867,0.202232796486091,0.208530703643097,West Midlands,92889,52.4577615,-2.1474345
0.4381666666666667,0.026833333333333334,0.3388333333333333,0.11183333333333334,0.038500000000000006,0.010500000000000002,0.030500000000000006,0.157706496310959,0.758030412092856,0.0403770019794853,0.0174554615799892,0.0,0.0264306280367104,0.182734995889285,0.132709548604314,0.262584661159613,0.232384606350076,0.12377559409623,0.0658105939004815,Wales,127715,52.1927803,-1.70634
0.4381666666666667,0.026833333333333334,0.3388333333333333,0.11183333333333334,0.038500000000000006,0.010500000000000002,0.030500000000000006,0.638007151561158,0.228550310633452,0.124193451726962,0.0,0.0,0.0092490860784274,0.160102226475816,0.0762596889033791,0.0989030636391363,0.174615861931155,0.226412713103289,0.263706445947225,West Midlands,95083,52.1927803,-1.70634
0.4381666666666667,0.026833333333333334,0.3388333333333333,0.11183333333333334,0.038500000000000006,0.010500000000000002,0.030500000000000006,0.212167076167076,0.727823095823096,0.0493955773955773,0.0093169533169533,0.0,0.0012972972972972,0.181332118942805,0.0974295400495876,0.193062794110206,0.238922903068023,0.176820320801498,0.11243232302788,Wales,118578,51.429769,-0.1311105
0.4381666666666667,0.026833333333333334,0.3388333333333333,0.11183333333333334,0.038500000000000006,0.010500000000000002,0.030500000000000006,0.278789101917255,0.676468213925328,0.0202018163471241,0.0220787083753784,0.0,0.0024621594349142,0.201355998820871,0.0991844354917952,0.132376928367888,0.209973469588287,0.195470177852019,0.161638989879139,North West,101770,53.4480136,-2.34841222424097
0.4381666666666667,0.026833333333333334,0.3388333333333333,0.11183333333333334,0.038500000000000006,0.010500000000000002,0.030500000000000006,0.479807188893502,0.461482912386489,0.0417035258435485,0.0168980520301131,0.0,0.0001083208463468,0.169407329493975,0.0831363319204773,0.104120887703987,0.181612738614707,0.229351301250742,0.232371411016111,South West,96021,51.745424,-2.2198605
0.4381666666666667,0.026833333333333334,0.3388333333333333,0.11183333333333334,0.038500000000000006,0.010500000000000002,0.030500000000000006,0.599116521056248,0.314557769706489,0.0719348188868165,0.0,0.0,0.0143908903504466,0.147574564837357,0.0785813107967525,0.0950762003839512,0.154063126736092,0.226423998026619,0.298280799219227,Eastern,93241,52.15030275,1.39985666680792
0.4381666666666667,0.026833333333333334,0.3388333333333333,0.11183333333333334,0.038500000000000006,0.010500000000000002,0.030500000000000006,0.33912083952619,0.564248074584516,0.0400171148043057,0.0497455298833491,0.0,0.0068684412016394,0.166950666201318,0.107782955921904,0.133229998562894,0.180408138126424,0.212127122297727,0.199501118889733,North East,97414,54.90598015,-1.39485326231837
0.4381666666666667,0.026833333333333334,0.3388333333333333,0.11183333333333334,0.038500000000000006,0.010500000000000002,0.030500000000000006,0.659250800383368,0.220966985460552,0.117906156324558,0.0016109627031546,0.0,0.0002650951283672,0.182423136891235,0.0981463176023397,0.116764666918036,0.20069500351578,0.207695992010517,0.194274883062092,South East,98129,51.33588905,-0.691653419464288
0.4381666666666667,0.026833333333333334,0.3388333333333333,0.11183333333333334,0.038500000000000006,0.010500000000000002,0.030500000000000006,0.63324231803733,0.232904067161138,0.102514467356753,0.0313391474447795,0.0,0.0,0.169869043688786,0.0814570265214042,0.100880378562782,0.16674369979091,0.225409926268295,0.255639925167822,Wales,90870,51.0160096,-0.454637005673217
0.4381666666666667,0.026833333333333334,0.3388333333333333,0.11183333333333334,0.038500000000000006,0.010500000000000002,0.030500000000000006,0.519916759919116,0.208669532952471,0.271413707128413,0.0,0.0,0.0,0.205409796893668,0.0844062126642771,0.131326164874552,0.237352449223417,0.181228195937873,0.160277180406213,London,104625,51.363362,-0.1971463
0.4381666666666667,0.026833333333333334,0.3388333333333333,0.11183333333333334,0.038500000000000006,0.010500000000000002,0.030500000000000006,0.620970073034899,0.325381072591679,0.0443605110515869,0.0,0.0,0.0092883433218353,0.183534157314992,0.0835289858819879,0.102839116719243,0.192056678905725,0.208326007136577,0.229715054041475,West Midlands,96685,52.5623089,-1.8239794
0.4381666666666667,0.026833333333333334,0.3388333333333333,0.11183333333333334,0.038500000000000006,0.010500000000000002,0.030500000000000006,0.291844759787998,0.621473756197641,0.0267994528979312,0.0138057787656009,0.0447512395281244,0.0013250128227047,0.166317521355258,0.171339474464564,0.134090930830966,0.174314383830268,0.177700615069686,0.176237074449259,Wales,104543,51.6785,-3.99494210632912
0.4381666666666667,0.026833333333333334,0.3388333333333333,0.11183333333333334,0.038500000000000006,0.010500000000000002,0.030500000000000006,0.544504162714722,0.390283486141848,0.0362946569712298,0.0289176941721993,0.0,0.0,0.208451604413783,0.0916217079910521,0.132930428407617,0.217784837490836,0.191147997067504,0.158063424629208,Wales,106394,51.56823085,-1.78694496076881
0.4381666666666667,0.026833333333333334,0.3388333333333333,0.11183333333333334,0.038500000000000006,0.010500000000000002,0.030500000000000006,0.497992837183675,0.435514975008855,0.040517139596206,0.0259750482112637,0.0,0.0,0.192318241742685,0.0944337777935074,0.153024659134143,0.21478309340742,0.19721998566638,0.148220242255864,Wales,113019,51.5649667,-1.7779576
0.4381666666666667,0.026833333333333334,0.3388333333333333,0.11183333333333334,0.038500000000000006,0.010500000000000002,0.030500000000000006,0.611587317979965,0.346504182588041,0.0419084994319942,0.0,0.0,0.0,0.182114355740204,0.0977373942672684,0.129041256936765,0.185770790367736,0.202976955495113,0.202359247192914,West Midlands,100372,52.6345819,-1.6948438
0.4381666666666667,0.026833333333333334,0.3388333333333333,0.11183333333333334,0.038500000000000006,0.010500000000000002,0.030500000000000006,0.576253528063496,0.318255005588074,0.0865109583072872,0.0,0.0,0.0189805080411433,0.179529361276017,0.0758171804591946,0.0947101678808995,0.195990476871673,0.217366425863672,0.236586387648543,North West,97868,53.9742358,-2.0351478
0.4381666666666667,0.026833333333333334,0.3388333333333333,0.11183333333333334,0.038500000000000006,0.010500000000000002,0.030500000000000006,0.538486932599725,0.156515359926639,0.281834021091242,0.0231636863823933,0.0,0.0,0.178593935349941,0.0884675266903914,0.124953662514828,0.182050711743772,0.200455960854092,0.225478202846975,Wales,107904,50.9842844,-3.20757049300792
0.4381666666666667,0.026833333333333334,0.3388333333333333,0.11183333333333334,0.038500000000000006,0.010500000000000002,0.030500000000000006,0.499368980405181,0.477427211336212,0.021963910107384,0.0010184877670762,0.0,0.000221410384147,0.211921414463326,0.0985754224592807,0.145034016201826,0.196835968436018,0.188973598084024,0.158659580355524,West Midlands,104804,52.6780419,-2.4514273
0.4381666666666667,0.026833333333333334,0.3388333333333333,0.11183333333333334,0.038500000000000006,0.010500000000000002,0.030500000000000006,0.599963509568602,0.224882419721051,0.155124878365229,0.0198061952643529,0.0,0.0002229970807654,0.180890374802041,0.0836757719100309,0.120296860605935,0.187773648963369,0.205256130254319,0.222107213464305,South West,96611,51.9925394,-2.15601695929084
0.4381666666666667,0.026833333333333334,0.3388333333333333,0.11183333333333334,0.038500000000000006,0.010500000000000002,0.030500000000000006,0.568763984260474,0.363127845073682,0.029955250366484,0.03103541393411,0.0,0.0071175063652495,0.174013771205996,0.114101641099481,0.11965811965812,0.183696073544886,0.207020361448007,0.20151003304351,West Midlands,108342,52.6693074,-2.5514357
0.4381666666666667,0.026833333333333334,0.3388333333333333,0.11183333333333334,0.038500000000000006,0.010500000000000002,0.030500000000000006,0.618361853489713,0.26266102672563,0.069159776965968,0.0243606998654104,0.0,0.0254566429532782,0.15179567715006,0.0789870645121296,0.101799809893788,0.156744637765012,0.233892631317932,0.276780179361078,Yorkshire & the Humber,96789,54.2327725,-1.3423775
0.4381666666666667,0.026833333333333334,0.3388333333333333,0.11183333333333334,0.038500000000000006,0.010500000000000002,0.030500000000000006,0.556189966963928,0.144098382569175,0.299711650466897,0.0,0.0,0.0,0.175699354128889,0.0877630855117051,0.117061592062101,0.178898147959495,0.214675740103095,0.225902080234714,South West,98163,50.8532148,-4.2731341
0.4381666666666667,0.026833333333333334,0.3388333333333333,0.11183333333333334,0.038500000000000006,0.010500000000000002,0.030500000000000006,0.395040643375994,0.388187478381183,0.0158465928744379,0.200925285368385,0.0,0.0,0.236234355340706,0.100150652274684,0.155080789351698,0.228461691278723,0.169276869081518,0.110795642672671,Eastern,120808,51.5080169,0.396281739543767
0.4381666666666667,0.026833333333333334,0.3388333333333333,0.11183333333333334,0.038500000000000006,0.010500000000000002,0.030500000000000006,0.391342861931097,0.549546314252197,0.0115157173980703,0.0453446335799277,0.0,0.0022504728387081,0.22164130005702,0.107136277906926,0.137620071055748,0.197184087021361,0.186201149173209,0.150217114785736,Wales,113995,52.5290396,-2.0693747
0.4381666666666667,0.026833333333333334,0.3388333333333333,0.11183333333333334,0.038500000000000006,0.010500000000000002,0.030500000000000006,0.592956839166846,0.265041872450075,0.124779901223964,0.0172213871591153,0.0,0.0,0.156388341003726,0.0796515450361604,0.0918584264738111,0.157111549419242,0.22743808897655,0.287552049090511,Wales,91260,50.9025623,-3.4875797
0.4381666666666667,0.026833333333333334,0.3388333333333333,0.11183333333333334,0.038500000000000006,0.010500000000000002,0.030500000000000006,0.659198137292947,0.237393027103205,0.068197136496395,0.035007454913094,0.0,0.0002042441943587,0.192141130483979,0.0879082446124569,0.102134444273003,0.192058838656586,0.210399629686777,0.215357712287198,Wales,97215,51.1889529,0.2735876
0.4381666666666667,0.026833333333333334,0.3388333333333333,0.11183333333333334,0.038500000000000006,0.010500000000000002,0.030500000000000006,0.335554547674702,0.605205316959146,0.053326588284548,0.0059135470816034,0.0,0.0,0.163673138404467,0.105958783449999,0.266742475789238,0.222422101466161,0.145618760893678,0.0955847399964581,London,107287,51.4278214,-0.1679667
0.4381666666666667,0.026833333333333334,0.3388333333333333,0.11183333333333334,0.038500000000000006,0.010500000000000002,0.030500000000000006,0.537577210108922,0.185771906237213,0.252625630833382,0.0240252528204828,0.0,0.0,0.160346363470914,0.0837172769854117,0.109943581835075,0.168124215749193,0.220327780917442,0.257540781041964,South West,104400,50.446247,-3.53949981419378
0.4381666666666667,0.026833333333333334,0.3388333333333333,0.11183333333333334,0.038500000000000006,0.010500000000000002,0.030500000000000006,0.338687293823228,0.550494824252076,0.024684336252986,0.0358548515527243,0.0502786941189853,0.0,0.185992327532023,0.0919070634387394,0.131288064327359,0.176358395283816,0.20685320444743,0.207600944970632,Wales,92276,51.70148,-3.05205033541131
0.4381666666666667,0.026833333333333334,0.3388333333333333,0.11183333333333334,0.038500000000000006,0.010500000000000002,0.030500000000000006,0.580868014931194,0.223596486340929,0.181718572993853,7.42845469571192e-05,0.0,0.013742641187067,0.152061855670103,0.0769005112731539,0.0935902271393848,0.152355209119102,0.237888693319923,0.287203503478334,Wales,95449,50.86260145,-4.26120556324792
0.4381666666666667,0.026833333333333334,0.3388333333333333,0.11183333333333334,0.038500000000000006,0.010500000000000002,0.030500000000000006,0.120582552510751,0.828018199572019,0.0418631707975817,0.0079155672823219,0.0,0.0016205098373257,0.196966472698988,0.118633371735509,0.205001577669012,0.231653176985111,0.160217791703662,0.0875276092077166,London,136277,51.5976955,-0.0672892
0.4381666666666667,0.026833333333333334,0.3388333333333333,0.11183333333333334,0.038500000000000006,0.010500000000000002,0.030500000000000006,0.452265203821054,0.382540433178852,0.150023645133831,0.0151707178662631,0.0,0.0,0.153033049489925,0.132113649776579,0.113323075626001,0.169220554759295,0.1956095607453,0.2367001096029,South West,94888,50.2633173,-5.0518107
0.4381666666666667,0.026833333333333334,0.3388333333333333,0.11183333333333334,0.038500000000000006,0.010500000000000002,0.030500000000000006,0.58474833232262,0.27272210430564,0.101481958762887,0.0277440873256519,0.0,0.0133035172832019,0.197657102205359,0.0831965852501778,0.115010671093194,0.208745553711169,0.205122124733223,0.190267963006877,South East,105426,51.1371483,0.2673446
0.4381666666666667,0.026833333333333334,0.3388333333333333,0.11183333333333334,0.038500000000000006,0.010500000000000002,0.030500000000000006,0.380253248365472,0.0922287511379624,0.527518000496565,0.0,0.0,0.0,0.199904971305061,0.0890661101587538,0.110792278452709,0.237758068122531,0.203454572557203,0.159023999403742,London,107335,51.4467444,-0.3281887
0.4381666666666667,0.026833333333333334,0.3388333333333333,0.11183333333333334,0.038500000000000006,0.010500000000000002,0.030500000000000006,0.362153781367839,0.581589878069789,0.0305495473077732,0.0236586719751928,0.0,0.0020481212794058,0.175355898038886,0.0809641792298324,0.107073867215387,0.198284550455633,0.214546676185277,0.223774828874984,North East,95252,55.0177847,-1.4256042
0.4381666666666667,0.026833333333333334,0.3388333333333333,0.11183333333333334,0.038500000000000006,0.010500000000000002,0.030500000000000006,0.528862682390566,0.393224065560664,0.0454327403557865,0.0324805116929842,0.0,0.0,0.201188182402055,0.129500050704797,0.14725518034006,0.220895446709259,0.169075144508671,0.132085995335159,London,118333,51.5449509,-0.4816672
0.4381666666666667,0.026833333333333334,0.3388333333333333,0.11183333333333334,0.038500000000000006,0.010500000000000002,0.030500000000000006,0.478471046566178,0.437371244416342,0.019132314846921,0.0162767454667836,0.0430579068676443,0.0056907418361311,0.186553802798996,0.0910362216736765,0.120784820586708,0.182623343327224,0.208176627008931,0.210825184604464,Wales,94390,51.4470646,-3.39888314748466
0.4381666666666667,0.026833333333333334,0.3388333333333333,0.11183333333333334,0.038500000000000006,0.010500000000000002,0.030500000000000006,0.174612686997825,0.614440449238691,0.198472943578817,0.0016424734762729,0.0,0.0108314467083943,0.142069099003194,0.139678699312881,0.250266137617342,0.208690602922675,0.16987322171683,0.0894222394270782,Wales,103329,51.4874834,-0.1229297
0.4381666666666667,0.026833333333333334,0.3388333333333333,0.11183333333333334,0.038500000000000006,0.010500000000000002,0.030500000000000006,0.491205211726384,0.462234144472121,0.0275531711055757,0.0,0.0,0.0190074726959187,0.189872582029445,0.0922672099142687,0.142338416848221,0.202840732252497,0.198077884352394,0.174603174603175,Wales,106029,53.7285927,-1.49541069754893
0.4381666666666667,0.026833333333333334,0.3388333333333333,0.11183333333333334,0.038500000000000006,0.010500000000000002,0.030500000000000006,0.253539546255757,0.70732169594966,0.0171528212126381,0.0219859365819449,0.0,0.0,0.184231538995987,0.08848630655481,0.124697976833656,0.178839194051829,0.215838976284052,0.207906007279666,North West,96433,53.4241208,-3.0394101
0.4381666666666667,0.026833333333333334,0.3388333333333333,0.11183333333333334,0.038500000000000006,0.010500000000000002,0.030500000000000006,0.43150919929665,0.504031393403954,0.014302869151263,0.0501565381481322,0.0,0.0,0.237026492550036,0.118057212997375,0.141711275529339,0.195190766817825,0.167658290429268,0.140355961676157,Wales,117315,52.597305,-2.0009559
0.4381666666666667,0.026833333333333334,0.3388333333333333,0.11183333333333334,0.038500000000000006,0.010500000000000002,0.030500000000000006,0.144314527293251,0.826209187911316,0.0294762847954337,0.0,0.0,0.0,0.208622985369679,0.0972332274112255,0.196124721239697,0.265706560363348,0.152405303185015,0.0799072024310349,Wales,122415,51.5844701,-0.0188186
0.4381666666666667,0.026833333333333334,0.3388333333333333,0.11183333333333334,0.038500000000000006,0.010500000000000002,0.030500000000000006,0.371085649651243,0.571144299449111,0.0251984667267128,0.0325715841729331,0.0,0.0,0.17825029748047,0.0926380050701019,0.12851156293652,0.193222618862848,0.215655233069481,0.191722282580578,North West,96644,53.4298941,-2.59644523900819
0.4381666666666667,0.026833333333333334,0.3388333333333333,0.11183333333333334,0.038500000000000006,0.010500000000000002,0.030500000000000006,0.442504297475798,0.484067673934678,0.0537772550438794,9.04731747037004e-05,0.0,0.01956030037094,0.182102529802888,0.0904906165165047,0.129145847267577,0.205187472951174,0.207921863319825,0.185151670142031,North West,101668,53.3833092,-2.6025997
0.4381666666666667,0.026833333333333334,0.3388333333333333,0.11183333333333334,0.038500000000000006,0.010500000000000002,0.030500000000000006,0.464649904459201,0.464158011237868,0.0558866375314527,0.0153054467714777,0.0,0.0,0.174230069028294,0.123909580520367,0.153540544640825,0.203879996965789,0.176714329060153,0.167725479784571,West Midlands,105463,52.2818956,-1.5263935624537
0.4381666666666667,0.026833333333333334,0.3388333333333333,0.11183333333333334,0.038500000000000006,0.010500000000000002,0.030500000000000006,0.290333340745847,0.604772176388178,0.0388489848562342,0.0651559963530432,0.0,0.0008895016566968,0.182807410854025,0.0922126813586565,0.119739012732118,0.185546296687957,0.208768664608096,0.210925933759147,Wales,94561,54.93375995,-1.49616490607933
0.4381666666666667,0.026833333333333334,0.3388333333333333,0.11183333333333334,0.038500000000000006,0.010500000000000002,0.030500000000000006,0.474069615809008,0.415447888454208,0.0892767579496438,0.0212057377871401,0.0,0.0,0.207961832545736,0.0948290718451533,0.160016689191028,0.23927220614779,0.170810242083972,0.12710995818632,Eastern,110251,51.6553875,-0.3957425
0.4381666666666667,0.026833333333333334,0.3388333333333333,0.11183333333333334,0.038500000000000006,0.010500000000000002,0.030500000000000006,0.602218906118212,0.318929907653712,0.0644477605484547,0.0098185514392612,0.0,0.0045848742403598,0.147630764346377,0.0764686539748052,0.0902339187917408,0.160182780946334,0.233215788101096,0.292268093839647,Wales,88193,52.4247806,1.2237297
0.4381666666666667,0.026833333333333334,0.3388333333333333,0.11183333333333334,0.038500000000000006,0.010500000000000002,0.030500000000000006,0.594484023418213,0.268745150596036,0.099762526157391,0.0353859537748936,0.0,0.0016223460534668,0.17521731169013,0.0835640194314889,0.0938398733290966,0.168097459041997,0.227102833938323,0.252178502568963,Wales,92839,51.1834284,0.282926878859297
0.4381666666666667,0.026833333333333334,0.3388333333333333,0.11183333333333334,0.038500000000000006,0.010500000000000002,0.030500000000000006,0.578437930356089,0.354259295691521,0.0334841628959276,0.0338186110564627,0.0,0.0,0.194904855059577,0.0953583496354259,0.133069535834964,0.201129290414369,0.195438378089988,0.180099590965677,Wales,112460,52.30189,-0.6937309
0.4381666666666667,0.026833333333333334,0.3388333333333333,0.11183333333333334,0.038500000000000006,0.010500000000000002,0.030500000000000006,0.517445091702517,0.18025565550318,0.283814660052284,0.0079660772730079,0.0,0.0105185154690105,0.161097003555104,0.083719880367925,0.0933807347215168,0.163218779978557,0.231849218441397,0.2667343829355,Wales,88605,51.28232,-2.68003863636364
0.4381666666666667,0.026833333333333334,0.3388333333333333,0.11183333333333334,0.038500000000000006,0.010500000000000002,0.030500000000000006,0.518830848227511,0.373871827787104,0.0754616372074652,0.0283400809716599,0.0,0.0034956058062604,0.187718681318681,0.146901098901099,0.136043956043956,0.199657142857143,0.17767032967033,0.152008791208791,Eastern,113750,51.77310555,-0.209517052973229
0.4381666666666667,0.026833333333333334,0.3388333333333333,0.11183333333333334,0.038500000000000006,0.010500000000000002,0.030500000000000006,0.410714285714286,0.546301344965467,0.0151081424936386,0.0220374409305707,0.0,0.0058387858960378,0.211645985138157,0.10911911117524,0.138040184690859,0.205901450111824,0.18131808671813,0.153975182165789,Wales,110888,52.5186579,-1.9923114
0.4381666666666667,0.026833333333333334,0.3388333333333333,0.11183333333333334,0.038500000000000006,0.010500000000000002,0.030500000000000006,0.571409943557551,0.18836503176052,0.240225024681929,0.0,0.0,0.0,0.145214027739192,0.077329942512769,0.08256576838416,0.143750133566986,0.230547304083944,0.320592823712948,South West,93589,50.79511975,-2.59936646463172
0.4381666666666667,0.026833333333333334,0.3388333333333333,0.11183333333333334,0.038500000000000006,0.010500000000000002,0.030500000000000006,0.155047034491961,0.795716859029955,0.0255965485800698,0.0172126225898992,0.0,0.0064269353081148,0.201345216320403,0.126942948545111,0.220962347059981,0.235245250570223,0.146232155479607,0.0692720820246744,Wales,137226,50.9095379,-1.40686556127035
0.4381666666666667,0.026833333333333334,0.3388333333333333,0.11183333333333334,0.038500000000000006,0.010500000000000002,0.030500000000000006,0.378726098046882,0.596361876035674,0.0199035543391237,0.0,0.0,0.0050084715783202,0.16453263769963,0.142518618821936,0.106396112947549,0.166693217571389,0.208779720418973,0.211079692540523,North West,100436,53.6109397,-2.85657133250708
0.4381666666666667,0.026833333333333334,0.3388333333333333,0.11183333333333334,0.038500000000000006,0.010500000000000002,0.030500000000000006,0.622881100924793,0.287548396156392,0.0440731007643082,0.0451764328271379,0.0,0.0003209693273686,0.183947252598436,0.100094796357111,0.148449402444392,0.18916951620002,0.187442868266919,0.190896164133121,Eastern,118148,52.25813755,0.617482577783891
0.4381666666666667,0.026833333333333334,0.3388333333333333,0.11183333333333334,0.038500000000000006,0.010500000000000002,0.030500000000000006,0.632504647687092,0.243775744541246,0.0967265701891882,0.0269930375824736,0.0,0.0,0.15421502748931,0.0819894115251476,0.0896456933414783,0.156363266137243,0.23366931378538,0.284117287721442,West Midlands,98221,52.2294183,-2.15530542680796
0.4381666666666667,0.026833333333333334,0.3388333333333333,0.11183333333333334,0.038500000000000006,0.010500000000000002,0.030500000000000006,0.487027469055496,0.136453183659815,0.363491060476527,0.0062818273055049,0.0,0.0067464595026576,0.137599947208077,0.0792098808882241,0.0981819781573419,0.165260715110588,0.240269238806463,0.279478239829306,North West,90922,54.20338915,-2.61424233573436
0.4381666666666667,0.026833333333333334,0.3388333333333333,0.11183333333333334,0.038500000000000006,0.010500000000000002,0.030500000000000006,0.539969611277593,0.332060102139872,0.0931920820495505,0.0347782045329844,0.0,0.0,0.176952524429127,0.0907927728994046,0.127041779740592,0.187756028602974,0.201242351387327,0.216214542940575,Wales,96914,51.3471927,-2.9778916
0.4381666666666667,0.026833333333333334,0.3388333333333333,0.11183333333333334,0.038500000000000006,0.010500000000000002,0.030500000000000006,0.578162780009192,0.338528865175949,0.055851967308115,0.0133884859021241,0.0,0.01406790160462,0.17071465250691,0.0766549761272629,0.0909239896424006,0.176614550897549,0.22998677985731,0.255105050968567,Wales,91528,53.9259798,-1.37763421146956
0.4381666666666667,0.026833333333333334,0.3388333333333333,0.11183333333333334,0.038500000000000006,0.010500000000000002,0.030500000000000006,0.464700240746903,0.472529408310661,0.0307490556066626,0.0296725450666457,0.0,0.0023487502691276,0.170622124768907,0.0864504062943376,0.119362397351563,0.171234790833656,0.228352465712197,0.22397781503934,Wales,93036,54.5474199,-3.5885335
0.4381666666666667,0.026833333333333334,0.3388333333333333,0.11183333333333334,0.038500000000000006,0.010500000000000002,0.030500000000000006,0.208338648637156,0.740421822511375,0.0231747246672619,0.0237487774801207,0.0,0.0043160267040864,0.187251039140977,0.0953303602355386,0.126753550398337,0.187337634222376,0.216357810876342,0.186969605126429,Wales,92384,53.3646888,-2.7283328
0.4381666666666667,0.026833333333333334,0.3388333333333333,0.11183333333333334,0.038500000000000006,0.010500000000000002,0.030500000000000006,0.28955523734211,0.632093013315095,0.0195772510632841,0.0587744982795101,0.0,0.0,0.184046447774854,0.0942588567288258,0.135320138809442,0.189480608626015,0.20705106204477,0.189842886016093,North West,104890,53.5457188,-2.6264624
0.4381666666666667,0.026833333333333334,0.3388333333333333,0.11183333333333334,0.038500000000000006,0.010500000000000002,0.030500000000000006,0.460351900811378,0.327413620202388,0.200528762877199,0.0109763880025526,0.0,0.0007293281064819,0.193716992925276,0.0792079207920792,0.160354370295218,0.248738597556004,0.172420352739757,0.145561765691665,London,110395,51.4214787,-0.2064027
0.4381666666666667,0.026833333333333334,0.3388333333333333,0.11183333333333334,0.038500000000000006,0.010500000000000002,0.030500000000000006,0.56023414226233,0.12464939635198,0.297451263915263,0.0156094841553283,0.0,0.002055713315099,0.176102249840115,0.131153174307723,0.0977921594456057,0.183490354419022,0.199087464085603,0.212374597901931,South East,104765,51.0612766,-1.3131692
0.4381666666666667,0.026833333333333334,0.3388333333333333,0.11183333333333334,0.038500000000000006,0.010500000000000002,0.030500000000000006,0.62063414155296,0.280141356631,0.090900166879356,0.0075586531854324,0.0,0.0007656817512515,0.192694146297466,0.131956345269234,0.109966627581853,0.207071344818256,0.195562370343646,0.162749165689546,South East,110871,51.4837886,-0.604041866503269
0.4381666666666667,0.026833333333333334,0.3388333333333333,0.11183333333333334,0.038500000000000006,0.010500000000000002,0.030500000000000006,0.415175167907061,0.557378834634235,0.0274459974587039,0.0,0.0,0.0,0.163324988620847,0.0771506599908966,0.0894629039599453,0.167137005006827,0.22212107419208,0.280803368229404,North West,87880,53.29043325,-3.04149328259076
0.4381666666666667,0.026833333333333334,0.3388333333333333,0.11183333333333334,0.038500000000000006,0.010500000000000002,0.030500000000000006,0.665601555987774,0.275255031159449,0.0561068550787917,0.0030365577739848,0.0,0.0,0.18182972447674,0.0855382030921894,0.120757518044283,0.187299168839794,0.204654887827556,0.219920497719437,Eastern,102387,51.8019608,0.6383746
0.4381666666666667,0.026833333333333334,0.3388333333333333,0.11183333333333334,0.038500000000000006,0.010500000000000002,0.030500000000000006,0.561177959462446,0.223940860971053,0.197605512143187,0.0172756674233141,0.0,0.0,0.18610939749126,0.0873432037836726,0.129570224141476,0.193810405099733,0.206549455068887,0.19661731441497,South East,97260,51.7838848,-1.4852861
0.4381666666666667,0.026833333333333334,0.3388333333333333,0.11183333333333334,0.038500000000000006,0.010500000000000002,0.030500000000000006,0.552193225985564,0.2433568652336,0.179324978186722,0.021436503529785,0.0,0.0036884270643293,0.20165666127915,0.0864888786269529,0.132003771261448,0.228103594243054,0.18615793119372,0.165589163395675,South East,103943,51.3201891,-0.5564726
0.4381666666666667,0.026833333333333334,0.3388333333333333,0.11183333333333334,0.038500000000000006,0.010500000000000002,0.030500000000000006,0.596565199506376,0.254566022213081,0.135623200329083,0.0084738790621143,0.0,0.0047716988893459,0.2062793964938,0.0818520554639301,0.106550200557897,0.221143078207399,0.199254779793537,0.184920489483436,South East,98225,51.4570846,-0.886537030321237
0.4381666666666667,0.026833333333333334,0.3388333333333333,0.11183333333333334,0.038500000000000006,0.010500000000000002,0.030500000000000006,0.428157933798427,0.510711988521102,0.0157092672307159,0.045420810449755,0.0,0.0,0.213244298178478,0.103407699372417,0.13704461962345,0.188255778356038,0.188571483238941,0.169476121230675,West Midlands,104528,52.5847651,-2.127567
0.4381666666666667,0.026833333333333334,0.3388333333333333,0.11183333333333334,0.038500000000000006,0.010500000000000002,0.030500000000000006,0.378157665505226,0.561759581881533,0.0131315331010452,0.0469512195121951,0.0,0.0,0.232542214353715,0.105665324937785,0.143796034940624,0.20267900389157,0.172473402034306,0.142844019841999,West Midlands,119746,52.5847651,-2.127567
0.4381666666666667,0.026833333333333334,0.3388333333333333,0.11183333333333334,0.038500000000000006,0.010500000000000002,0.030500000000000006,0.435495506034197,0.511746700200815,0.0179173734183385,0.0278606383186134,0.0,0.0069797820280361,0.192719429058372,0.105791080812385,0.130237182218435,0.203264806135492,0.189222056526062,0.178765445249254,Wales,112655,52.58454555,-2.03883458939562
0.4381666666666667,0.026833333333333334,0.3388333333333333,0.11183333333333334,0.038500000000000006,0.010500000000000002,0.030500000000000006,0.492531665737274,0.442583446188162,0.0349916354656257,0.0269656655779494,0.0,0.0029275870309886,0.175841420209489,0.12093730745533,0.140316928527418,0.192939386937769,0.193873228589033,0.176091728280961,West Midlands,103872,52.1911849,-2.2206585
0.4381666666666667,0.026833333333333334,0.3388333333333333,0.11183333333333334,0.038500000000000006,0.010500000000000002,0.030500000000000006,0.360227141036041,0.596986904623943,0.0244292502028044,0.0183567041372117,0.0,0.0,0.19289130638657,0.0921504267091812,0.15133639688643,0.199324767888962,0.19418550126606,0.170111600862797,Wales,106630,53.4830267,-2.3452464
0.4381666666666667,0.026833333333333334,0.3388333333333333,0.11183333333333334,0.038500000000000006,0.010500000000000002,0.030500000000000006,0.580394340238447,0.32937201221034,0.0595734060322153,0.030660241518997,0.0,0.0,0.157715832748421,0.0789331194224405,0.112794545272235,0.179183796249875,0.205294294595408,0.266078411711621,South East,99730,50.818373,-0.3933519
0.4381666666666667,0.026833333333333334,0.3388333333333333,0.11183333333333334,0.038500000000000006,0.010500000000000002,0.030500000000000006,0.423266427042526,0.494144016800614,0.0231412301603327,0.0062194580186583,0.0532288679778684,0.0,0.181753953915562,0.0933901230331351,0.124748937716368,0.192230442374267,0.205310913513459,0.202565629447209,Wales,99079,53.0465084,-2.9937869
0.4381666666666667,0.026833333333333334,0.3388333333333333,0.11183333333333334,0.038500000000000006,0.010500000000000002,0.030500000000000006,0.512071498024288,0.385336284833564,0.0794215611229492,0.0231085917620042,0.0,6.20642571942818e-05,0.208941743188318,0.104489688393798,0.145011666415776,0.220532891765768,0.178609062170706,0.142414948065633,South East,106288,51.66356185,-0.818083680966309
0.4381666666666667,0.026833333333333334,0.3388333333333333,0.11183333333333334,0.038500000000000006,0.010500000000000002,0.030500000000000006,0.595940443876736,0.329813986907233,0.0387793389749321,0.0354662302410985,0.0,0.0,0.167744348322458,0.0845512612320017,0.111301386715482,0.171238202092376,0.212564094993455,0.252600706644227,West Midlands,101607,52.38505915,-2.23479661415052
0.4381666666666667,0.026833333333333334,0.3388333333333333,0.11183333333333334,0.038500000000000006,0.010500000000000002,0.030500000000000006,0.3,0.630108239452176,0.0332228849127457,0.0325822840733377,0.0,0.0040865915617406,0.224267572436167,0.0911535117986037,0.144872334895726,0.214687088303564,0.178175495828143,0.146843996737796,North West,111581,53.3892271,-2.27304464369023
0.4381666666666667,0.026833333333333334,0.3388333333333333,0.11183333333333334,0.038500000000000006,0.010500000000000002,0.030500000000000006,0.554784711243374,0.127183111689761,0.302297033386032,0.0,0.0,0.0157351436808332,0.171394517282479,0.0867794994040524,0.120781883194279,0.173463647199046,0.20476758045292,0.242812872467223,South West,104875,50.9420451,-2.6318629
0.4381666666666667,0.026833333333333334,0.3388333333333333,0.11183333333333334,0.038500000000000006,0.010500000000000002,0.030500000000000006,0.277892257874595,0.418631412743865,0.0128187973345465,0.0166992265903069,0.273958305456686,0.0,0.170315630535149,0.0837858242109236,0.101701559278725,0.159194517843143,0.220694561398415,0.264307906733645,Wales,68878,53.27822575,-4.33134400586235
0.4381666666666667,0.026833333333333334,0.3388333333333333,0.11183333333333334,0.038500000000000006,0.010500000000000002,0.030500000000000006,0.314964157706093,0.634910394265233,0.0501254480286738,0.0,0.0,0.0,0.139718129404228,0.232305298801135,0.153857417406424,0.1750343186602,0.160812665873524,0.138272169854489,Yorkshire & the Humber,109271,53.9568097,-1.0818986
0.4381666666666667,0.026833333333333334,0.3388333333333333,0.11183333333333334,0.038500000000000006,0.010500000000000002,0.030500000000000006,0.518463948673953,0.377335969264053,0.104200082061994,0.0,0.0,0.0,0.165375036076579,0.0885826982073949,0.0965569582366837,0.184177614349392,0.212782332631399,0.252525360498551,Yorkshire & the Humber,93550,53.9443862,-1.0466265
0.4381666666666667,0.026833333333333334,0.3388333333333333,0.11183333333333334,0.038500000000000006,0.010500000000000002,0.030500000000000006,0.295632133450395,0.233318700614574,0.0711369622475856,0.0,0.391110623353819,0.0088015803336259,0.169381991962637,0.0927012056044314,0.169345787625357,0.207269830925744,0.184424894102313,0.176876289779515,Scotland,110000,57.1665496,-2.11159819751901
0.4381666666666667,0.026833333333333334,0.3388333333333333,0.11183333333333334,0.038500000000000006,0.010500000000000002,0.030500000000000006,0.389643987952738,0.221001621746853,0.0564136226735655,0.0,0.330623986408217,0.0023167812186269,0.146614676859405,0.123809279496519,0.189018863407042,0.213474595112274,0.17488413455783,0.152198450566928,Scotland,117000,57.134873,-2.06055451985946
0.4381666666666667,0.026833333333333334,0.3388333333333333,0.11183333333333334,0.038500000000000006,0.010500000000000002,0.030500000000000006,0.478586723768737,0.0985010706638115,0.0315176659528907,0.0,0.390256959314775,0.0011375802997858,0.171507707628788,0.0904686819228614,0.11412062490923,0.18122782630345,0.220014938069254,0.222660221166414,Scotland,96400,57.166667,-2.666667
0.4381666666666667,0.026833333333333334,0.3388333333333333,0.11183333333333334,0.038500000000000006,0.010500000000000002,0.030500000000000006,0.229549065135036,0.371477453256752,0.0211658316021019,0.0010020774776976,0.376805572528413,0.0,0.183129831815147,0.104119559833753,0.126353984968882,0.195684475741326,0.216669896849495,0.174042250791394,Scotland,92900,55.8657845,-3.9795866
0.4381666666666667,0.026833333333333334,0.3388333333333333,0.11183333333333334,0.038500000000000006,0.010500000000000002,0.030500000000000006,0.348323882769558,0.250363901018923,0.0290686306458971,0.0041930087553498,0.368050576810272,0.0,0.174166534160173,0.0947368421052631,0.116711718874224,0.191742195367573,0.225441246621084,0.19720146287168,Scotland,94300,56.1156137,-3.7922423
0.4381666666666667,0.026833333333333334,0.3388333333333333,0.11183333333333334,0.038500000000000006,0.010500000000000002,0.030500000000000006,0.4259766615931,0.132338914256722,0.0393505834601725,0.0,0.401907661085743,0.0004261796042617,0.151152945863837,0.0872852233676975,0.103979281836744,0.170865082922456,0.233139100552816,0.253578365456447,Scotland,100000,56.666667,-2.916667
0.4381666666666667,0.026833333333333334,0.3388333333333333,0.11183333333333334,0.038500000000000006,0.010500000000000002,0.030500000000000006,0.329146664459526,0.219727694090382,0.0360246647905975,0.0,0.415100976659493,0.0,0.17066006051289,0.0885661969900222,0.120849530486551,0.178748029414356,0.211589491515466,0.229586691080713,Scotland,102000,56.5586729,-2.5815669
0.4381666666666667,0.026833333333333334,0.3388333333333333,0.11183333333333334,0.038500000000000006,0.010500000000000002,0.030500000000000006,0.326974734301398,0.125491493751703,0.183672674893915,0.0,0.362732121306497,0.0011289757464865,0.144355703897961,0.0942684684489428,0.0958831370084201,0.161022551176323,0.24126832757182,0.263201811896531,Scotland,92300,56.4603494,-5.8618419478791
0.4381666666666667,0.026833333333333334,0.3388333333333333,0.11183333333333334,0.038500000000000006,0.010500000000000002,0.030500000000000006,0.401324044827139,0.238501146640128,0.0188654753147851,0.0,0.341309333217948,0.0,0.157895888492593,0.0953370823395549,0.107524999452966,0.161473490733244,0.230388831754228,0.247379707227412,Scotland,91400,55.4628044,-4.6302502
0.4381666666666667,0.026833333333333334,0.3388333333333333,0.11183333333333334,0.038500000000000006,0.010500000000000002,0.030500000000000006,0.286249473520871,0.312917026889229,0.0337833344417104,0.0,0.36705016514819,0.0,0.191018884270671,0.0911828711104693,0.122195979744015,0.207056590930187,0.209923782217225,0.178621891727431,Scotland,97000,55.9009224,-3.6414828
0.4381666666666667,0.026833333333333334,0.3388333333333333,0.11183333333333334,0.038500000000000006,0.010500000000000002,0.030500000000000006,0.538755323008765,0.0862948039796054,0.0473962610040674,0.0,0.327553612007562,0.0,0.158552845699167,0.0867830633392476,0.0942687062331363,0.161177545171077,0.239666558179088,0.259551281378282,Scotland,95200,55.75,-2.5
0.4381666666666667,0.026833333333333334,0.3388333333333333,0.11183333333333334,0.038500000000000006,0.010500000000000002,0.030500000000000006,0.23697721259034,0.124718613008965,0.296828719244895,0.0,0.334840646104024,0.0066348090517752,0.159306593734255,0.0885882026342035,0.0990036911751097,0.166113161763949,0.236512816294635,0.250475534397844,Scotland,97300,58.404267,-3.43402698869502
0.4381666666666667,0.026833333333333334,0.3388333333333333,0.11183333333333334,0.038500000000000006,0.010500000000000002,0.030500000000000006,0.343868520859671,0.260873422494289,0.023288309268747,0.0,0.371969747377293,0.0,0.163812326153421,0.0899979310820441,0.108917036389968,0.167823728190156,0.229914254844716,0.239534723339693,Scotland,87000,55.6345158,-4.67451219481095
0.4381666666666667,0.026833333333333334,0.3388333333333333,0.11183333333333334,0.038500000000000006,0.010500000000000002,0.030500000000000006,0.167638678657288,0.420131778114148,0.0206348499688362,0.0014468880776422,0.390147805182085,0.0,0.178351770824733,0.106197886568149,0.127796582184429,0.195946503756294,0.219000247667794,0.172707008998596,Scotland,96900,55.8390659,-4.019673
0.4381666666666667,0.026833333333333334,0.3388333333333333,0.11183333333333334,0.038500000000000006,0.010500000000000002,0.030500000000000006,0.233930785706234,0.363814677037538,0.0291060759779055,0.0098072370645924,0.36334122421373,0.0,0.173135933693967,0.0876382693788027,0.120443305600371,0.185979564075796,0.215979669524321,0.21682325772674,Scotland,94800,56.1110634,-3.3438843
0.4381666666666667,0.026833333333333334,0.3388333333333333,0.11183333333333334,0.038500000000000006,0.010500000000000002,0.030500000000000006,0.180288672457664,0.350179871896113,0.0271562691936474,0.0120865139949109,0.430222865666403,6.58067912608581e-05,0.182894510040506,0.104541928811514,0.120615358097043,0.19014479014048,0.214330345600275,0.187473067310178,Scotland,92800,55.9477764,-3.9882568
0.4381666666666667,0.026833333333333334,0.3388333333333333,0.11183333333333334,0.038500000000000006,0.010500000000000002,0.030500000000000006,0.43510874891628,0.207339138301481,0.0245768781333634,0.0,0.322910776885672,0.0100644577632025,0.155206707671593,0.086610157389557,0.105347980864367,0.156644940175647,0.233095667962095,0.263094545936738,Scotland,98000,55.083333,-3.833333
0.4381666666666667,0.026833333333333334,0.3388333333333333,0.11183333333333334,0.038500000000000006,0.010500000000000002,0.030500000000000006,0.484773909563825,0.173369347739096,0.0389155662264905,0.0005402160864345,0.30234093637455,6.00240096038415e-05,0.156815575889745,0.0875244497403269,0.0906607612581218,0.162627307268598,0.246813102812563,0.255558803030643,Scotland,89000,55.166667,-3.5
0.4381666666666667,0.026833333333333334,0.3388333333333333,0.11183333333333334,0.038500000000000006,0.010500000000000002,0.030500000000000006,0.185167577846446,0.315837240962033,0.0321758108779739,0.0,0.458586338786006,0.0082330315275406,0.151276558791177,0.151971284663926,0.185395318319535,0.167158764159864,0.178515602385225,0.165682471680271,Scotland,104000,56.4618109,-2.98082807886673
0.4381666666666667,0.026833333333333334,0.3388333333333333,0.11183333333333334,0.038500000000000006,0.010500000000000002,0.030500000000000006,0.253602305475504,0.33316255737005,0.0580851745116874,0.0,0.355149962642758,0.0,0.180544926563859,0.0900523121114593,0.12465797943159,0.200977051861325,0.213032949291847,0.190734780739917,Scotland,95400,56.0713724,-3.4616183
0.4381666666666667,0.026833333333333334,0.3388333333333333,0.11183333333333334,0.038500000000000006,0.010500000000000002,0.030500000000000006,0.253784433800198,0.317144647224075,0.0293457830594797,0.0116008811819155,0.388124254734332,0.0,0.173436116464399,0.0967654565341945,0.119172873587166,0.182947028491067,0.233147559768737,0.194530965154435,Scotland,96000,50.90894935,-1.40282796619078
0.4381666666666667,0.026833333333333334,0.3388333333333333,0.11183333333333334,0.038500000000000006,0.010500000000000002,0.030500000000000006,0.400014887044549,0.266961926383565,0.0206929919237783,0.0,0.312330194648107,0.0,0.203986332574031,0.100248498653965,0.0951128598053427,0.185379995858355,0.209784634499896,0.205487678608407,Scotland,96600,55.7494793,-4.36065924945091
0.4381666666666667,0.026833333333333334,0.3388333333333333,0.11183333333333334,0.038500000000000006,0.010500000000000002,0.030500000000000006,0.200742873836651,0.348524685947999,0.040920662743625,0.0,0.408935353282417,0.0008764241893076,0.130464306934895,0.160682454800101,0.21114506408624,0.200067905950258,0.160308972073677,0.137331296154825,Scotland,118000,55.9533456,-3.1883749
0.4381666666666667,0.026833333333333334,0.3388333333333333,0.11183333333333334,0.038500000000000006,0.010500000000000002,0.030500000000000006,0.276347913599344,0.309428406358909,0.0675401159215013,0.0,0.346515832044281,0.0001677320759639,0.13618440204303,0.0843941037923095,0.250324185566464,0.246054639602685,0.161166538756715,0.121876130238794,Scotland,113000,55.9533456,-3.1883749
0.4381666666666667,0.026833333333333334,0.3388333333333333,0.11183333333333334,0.038500000000000006,0.010500000000000002,0.030500000000000006,0.196574698385386,0.540425361637422,0.0295912446729757,0.0,0.233408695304216,0.0,0.159467588803404,0.134289572761499,0.167355541005074,0.185146914388606,0.176542805696513,0.1771975773449,Scotland,97700,57.4585939,-4.1980468
0.4381666666666667,0.026833333333333334,0.3388333333333333,0.11183333333333334,0.038500000000000006,0.010500000000000002,0.030500000000000006,0.333630289532294,0.267523790240939,0.04300465681312,0.0,0.355841263413646,0.0,0.151674096556957,0.123987479844446,0.202712700369913,0.204448449208005,0.163274210376553,0.153903063644124,Scotland,105000,55.92887105,-3.2088774382512
0.4381666666666667,0.026833333333333334,0.3388333333333333,0.11183333333333334,0.038500000000000006,0.010500000000000002,0.030500000000000006,0.224526483561288,0.164757774565403,0.316208903221024,0.0,0.292245820823603,0.0022610178286815,0.174131344023018,0.0707977248692371,0.149322129171787,0.210211411857737,0.201293813892779,0.19424357618544,Scotland,105000,55.92953085,-3.29944001159299
0.4381666666666667,0.026833333333333334,0.3388333333333333,0.11183333333333334,0.038500000000000006,0.010500000000000002,0.030500000000000006,0.270465472263545,0.304443438328698,0.0233921911044994,0.0111678847853739,0.390531013517884,0.0,0.169558599695586,0.0976458650431253,0.124586504312531,0.197209538305428,0.218325722983257,0.192673769660071,Scotland,98600,55.9991959,-3.784376
0.4381666666666667,0.026833333333333334,0.3388333333333333,0.11183333333333334,0.038500000000000006,0.010500000000000002,0.030500000000000006,0.167787703625854,0.384629532317394,0.0218076720966894,0.0077246452968996,0.413373620599054,0.0046768260641093,0.161996324049201,0.12009048494274,0.21213063763608,0.1972854517178,0.175757575757575,0.132739525896602,Scotland,106000,55.8584969,-4.20214627894951
0.4381666666666667,0.026833333333333334,0.3388333333333333,0.11183333333333334,0.038500000000000006,0.010500000000000002,0.030500000000000006,0.151553403060436,0.391107218300788,0.0326137358957184,0.0,0.424725642743057,0.0,0.127686532144533,0.194199906147348,0.224045049272641,0.185509150633505,0.153261379633974,0.115297982167996,Scotland,107000,55.89082485,-4.18398405529407
0.4381666666666667,0.026833333333333334,0.3388333333333333,0.11183333333333334,0.038500000000000006,0.010500000000000002,0.030500000000000006,0.150962562870097,0.411907534501127,0.0188548351131042,0.0050296077896979,0.410197963380491,0.003047496345482,0.169855898425523,0.11721103035331,0.202634948689739,0.19562825761538,0.18212887983119,0.132540985084855,Scotland,111000,54.5178282,-2.1252562
0.4381666666666667,0.026833333333333334,0.3388333333333333,0.11183333333333334,0.038500000000000006,0.010500000000000002,0.030500000000000006,0.186998541210795,0.366976659372721,0.0322073304157549,0.0,0.413817469000729,0.0,0.155058006679557,0.0773971699771488,0.207307962735102,0.219227895939532,0.186104763578836,0.154904201089822,Scotland,91000,55.8533377,-4.26243972232977
0.4381666666666667,0.026833333333333334,0.3388333333333333,0.11183333333333334,0.038500000000000006,0.010500000000000002,0.030500000000000006,0.156206737425012,0.398374609034507,0.0214838742757524,0.0102548325898579,0.41367994667487,0.0,0.176103854314358,0.0971472241495469,0.193811779138636,0.202570213279435,0.192755940350136,0.137610988767886,Scotland,99400,55.7831978,-4.1654855
0.4381666666666667,0.026833333333333334,0.3388333333333333,0.11183333333333334,0.038500000000000006,0.010500000000000002,0.030500000000000006,0.177228738349017,0.363109307407573,0.0361236230656022,0.0,0.423538331177809,0.0,0.148323075724524,0.110071283889062,0.215156590838267,0.205320972265503,0.181569414147709,0.139558663134933,Scotland,103000,55.8831076,-4.28583249726944
0.4381666666666667,0.026833333333333334,0.3388333333333333,0.11183333333333334,0.038500000000000006,0.010500000000000002,0.030500000000000006,0.202854159415245,0.351572108133194,0.0287040259890938,0.0024132730015082,0.414456433460958,0.0,0.184875291412512,0.0926026463981945,0.121610832561555,0.174613312894537,0.220291891546641,0.206006025186557,Scotland,93900,56.1961905,-3.1716324
0.4381666666666667,0.026833333333333334,0.3388333333333333,0.11183333333333334,0.038500000000000006,0.010500000000000002,0.030500000000000006,0.420997024451248,0.113609901246281,0.100586484971323,0.0,0.364806589331148,0.0,0.188462947400176,0.0849117590018747,0.103281832482168,0.204290301032171,0.219632814015127,0.199420346068481,Scotland,92800,55.6801057,-2.563132
0.4381666666666667,0.026833333333333334,0.3388333333333333,0.11183333333333334,0.038500000000000006,0.010500000000000002,0.030500000000000006,0.277437452302869,0.334962770455624,0.0299073902192521,0.0104572736835591,0.345131283130169,0.0021038302085267,0.171993502260758,0.0957899202268,0.119121770530476,0.192749019648418,0.219898809092696,0.20044697824085,Scotland,96600,55.7759095,-4.033442
0.4381666666666667,0.026833333333333334,0.3388333333333333,0.11183333333333334,0.038500000000000006,0.010500000000000002,0.030500000000000006,0.224878850628696,0.365775035757744,0.0261084900625493,0.0,0.383237623551011,0.0,0.167822798487304,0.093290113452188,0.115861696380334,0.179135602377093,0.234186925985953,0.209702863317125,Scotland,92600,55.9,-4.75
0.4381666666666667,0.026833333333333334,0.3388333333333333,0.11183333333333334,0.038500000000000006,0.010500000000000002,0.030500000000000006,0.286750052195039,0.148936170212766,0.150929071687513,0.0,0.399851955890447,0.013532750014235,0.165426412099981,0.0921239802978546,0.118658009076921,0.195037691481434,0.219181528754874,0.209572378288932,Scotland,103000,57.4790124,-4.225739
0.4381666666666667,0.026833333333333334,0.3388333333333333,0.11183333333333334,0.038500000000000006,0.010500000000000002,0.030500000000000006,0.266701068610376,0.288567804080931,0.0213722075297254,0.0,0.423358919778968,0.0,0.170328539982307,0.0943240963607562,0.122672756073978,0.181519883149211,0.224444032998004,0.206710691435742,Scotland,97200,55.6100589,-4.4964652
0.4381666666666667,0.026833333333333334,0.3388333333333333,0.11183333333333334,0.038500000000000006,0.010500000000000002,0.030500000000000006,0.243760122928693,0.326799285684621,0.0287802649611694,0.0,0.400660326425516,0.0,0.18504771495708,0.105644271807413,0.12682108089963,0.199290269985134,0.215144103965856,0.168052558384884,Scotland,104000,55.8831932,-3.5149461
0.4381666666666667,0.026833333333333334,0.3388333333333333,0.11183333333333334,0.038500000000000006,0.010500000000000002,0.030500000000000006,0.296006486924792,0.360754105007095,0.0310966957226839,0.0,0.30557470099331,0.0065680113521183,0.185903001736541,0.0869821384271892,0.108430496981724,0.186512858678574,0.223238650458943,0.208932853717026,Scotland,96700,55.915797,-2.7511952
0.4381666666666667,0.026833333333333334,0.3388333333333333,0.11183333333333334,0.038500000000000006,0.010500000000000002,0.030500000000000006,0.148806446437167,0.16019824220491,0.376945429911041,0.0010518246483518,0.312998056798531,0.0,0.174331816122699,0.0913669995901374,0.0976982979916733,0.170599909398796,0.22532735077766,0.240675626119032,Scotland,92700,51.4100839,-0.935151847925782
0.4381666666666667,0.026833333333333334,0.3388333333333333,0.11183333333333334,0.038500000000000006,0.010500000000000002,0.030500000000000006,0.254478386676385,0.363527930554635,0.0380138272259404,0.0,0.343979855543039,0.0,0.193081960287283,0.0917722855935783,0.127112378538234,0.194550063371356,0.204773975496408,0.188709336713139,Scotland,94700,55.833333,-3.083333
0.4381666666666667,0.026833333333333334,0.3388333333333333,0.11183333333333334,0.038500000000000006,0.010500000000000002,0.030500000000000006,0.423842225743969,0.125354620336131,0.0530022891354111,0.0,0.391305198489562,0.0064956662949267,0.16131556826636,0.0945419762509782,0.114329607049343,0.181257789930337,0.224118107421327,0.224436951081652,Scotland,103000,57.416667,-3.25
0.4381666666666667,0.026833333333333334,0.3388333333333333,0.11183333333333334,0.038500000000000006,0.010500000000000002,0.030500000000000006,0.23243375749337,0.362690259175896,0.0224633966973458,0.012256813674147,0.37015577295924,0.0,0.179021741366188,0.100746652405537,0.123557603307485,0.198603369191846,0.214338605837464,0.183732027891478,Scotland,97200,55.7902072,-3.9920191
0.4381666666666667,0.026833333333333334,0.3388333333333333,0.11183333333333334,0.038500000000000006,0.010500000000000002,0.030500000000000006,0.164732082602241,0.337832366041301,0.0168713726548792,0.0,0.405790255095154,0.0747739236064246,0.152402402402402,0.0783408408408408,0.093506006006006,0.171433933933933,0.238851351351351,0.265465465465465,Scotland,26600,57.666667,-7.166667
0.4381666666666667,0.026833333333333334,0.3388333333333333,0.11183333333333334,0.038500000000000006,0.010500000000000002,0.030500000000000006,0.312398541100078,0.274914089347079,0.023696582548015,0.0,0.388990787004828,0.0,0.157777109210469,0.097058065070701,0.105696909786392,0.161032793226458,0.234710104439764,0.243725018266213,Scotland,93100,52.9442507,1.2119139
0.4381666666666667,0.026833333333333334,0.3388333333333333,0.11183333333333334,0.038500000000000006,0.010500000000000002,0.030500000000000006,0.236116430486404,0.123898889314439,0.295650878760798,0.0,0.33956764117622,0.0047661602621388,0.140973695375477,0.14470725498515,0.108283835383962,0.155006364022061,0.21491302503182,0.236115825201527,Scotland,94300,54.8546687,-1.578869
0.4381666666666667,0.026833333333333334,0.3388333333333333,0.11183333333333334,0.038500000000000006,0.010500000000000002,0.030500000000000006,0.0869527860119431,0.114447738110581,0.485973278343429,0.0121579241311165,0.28994286205267,0.0105254113502599,0.168359718557607,0.0856860158311345,0.113214599824098,0.178166226912928,0.224494283201407,0.230079155672823,Scotland,45500,58.8520573,-3.28693984225352
0.4381666666666667,0.026833333333333334,0.3388333333333333,0.11183333333333334,0.038500000000000006,0.010500000000000002,0.030500000000000006,0.253348318816147,0.3323264962068,0.0298538915425681,0.0018731853516905,0.381169804252131,0.001428303830664,0.16650753824633,0.0972200635033417,0.142049870106801,0.189699580345049,0.21171481226547,0.192808135533006,Scotland,90100,55.833721,-4.4413845
0.4381666666666667,0.026833333333333334,0.3388333333333333,0.11183333333333334,0.038500000000000006,0.010500000000000002,0.030500000000000006,0.204000548020277,0.342626843859889,0.0317851760515139,0.0,0.403000411015208,0.0185870210531122,0.160004947099762,0.101595439673491,0.134628573998493,0.179107498229163,0.231333130951979,0.193330410047109,Scotland,88900,55.8455828,-4.4239646
0.4381666666666667,0.026833333333333334,0.3388333333333333,0.11183333333333334,0.038500000000000006,0.010500000000000002,0.030500000000000006,0.419694145395062,0.141077338608438,0.0432533191311294,0.0,0.395975196865371,0.0,0.16425557861196,0.0927391992761818,0.113755495018833,0.181623280194329,0.218502601221443,0.229123845677251,Scotland,102000,56.26832945,-3.46343877620397
0.4381666666666667,0.026833333333333334,0.3388333333333333,0.11183333333333334,0.038500000000000006,0.010500000000000002,0.030500000000000006,0.214860496572595,0.366675072789381,0.0395469864050069,0.0093995735803205,0.363373759141658,0.0061441115110387,0.177858740670195,0.0912825851033199,0.121137959292153,0.200150605745166,0.214436003632256,0.195134105556909,Scotland,90300,55.8283888,-4.2116533
0.4381666666666667,0.026833333333333334,0.3388333333333333,0.11183333333333334,0.038500000000000006,0.010500000000000002,0.030500000000000006,0.374636373678978,0.219004308281474,0.0339139080163493,0.0,0.366240748241706,0.0062046617814928,0.160006584234631,0.119000358259825,0.12508109259564,0.174559679309042,0.216834338720141,0.204517946880718,Scotland,103000,56.26065595,-3.77930275
0.4381666666666667,0.026833333333333334,0.3388333333333333,0.11183333333333334,0.038500000000000006,0.010500000000000002,0.030500000000000006,0.47852784503632,0.11052784503632,0.086411622276029,0.0,0.324532687651332,0.0,0.188757771596858,0.0853239528795811,0.0955804155759162,0.206090477748691,0.223372054973821,0.20087532722513,Scotland,97800,50.9095379,-1.40686556127035
0.4381666666666667,0.026833333333333334,0.3388333333333333,0.11183333333333334,0.038500000000000006,0.010500000000000002,0.030500000000000006,0.172268815556091,0.376004554711279,0.0233209976569514,0.0,0.428405632075678,0.0,0.173598256240621,0.0965749148383846,0.127517881200915,0.177968607949877,0.22827694228726,0.19606339748294,Scotland,91300,55.966667,-4.533333
