con,lab,lib,nat,ref,oth
0.170923473940622,0.497720859561537,0.170127583628777,0.0763572341605769,0.0181366519547548,0.0667341967537322
0.476021460998762,0.119459347915807,0.338423442014032,0.0,0.044758563763929,0.02133718530747
0.571018847309478,0.229536556496403,0.175657834835655,0.0,0.0117909496494582,0.0119958117090048
0.489462069524022,0.224181564189257,0.254712206183062,0.0,0.0316441601036584,0.0
0.327208049598536,0.398129891249111,0.177843276755768,0.0408781380221567,0.0238438865738388,0.0320967578005894
0.38613516689151,0.374472344314374,0.14439270638409,0.0,0.0197136515949345,0.075286130815092
0.571193512369983,0.0911833264774441,0.277898572016219,0.0,0.0596854126265891,3.91765097647451e-05
0.224105978447388,0.339556592765461,0.32372388862196,0.0,0.0215297320795295,0.0910838080856613
0.541154230585372,0.157620268567207,0.247381687019252,0.0,0.0463908565468688,0.0074529572813002
0.247792819305474,0.49102413184226,0.156538159701785,0.0,0.046767706494016,0.0578771826564645
0.510222412318221,0.0961719418306244,0.217194183062446,0.0,0.0929640718562874,0.0834473909324208
0.553982259461231,0.181899033398086,0.206543871556627,0.0,0.0475577503686193,0.0100170852154375
0.317976009098517,0.259651080448917,0.175618548958177,0.220317160575953,0.0225317053282118,0.0039054955902233
0.179286630990144,0.546988885391191,0.0825967987989442,0.0,0.0288640821367169,0.162263602683004
0.170770024385669,0.472097167510786,0.174920277621459,0.0,0.0462858750703432,0.135926655411743
0.16827650413127,0.47922727801699,0.175747701617596,0.0,0.053857791225416,0.122890725008728
0.368216423075357,0.484407442087693,0.1016366079062,0.0,0.0197451451369946,0.0259943817937548
0.518709033294266,0.238290576029865,0.154968094804011,0.0,0.0402830229630594,0.0477492729087988
0.511158907960305,0.198304868180076,0.244260828825759,0.0,0.0417820179735082,0.0044933770603518
0.338943568865291,0.504648380936392,0.112337621456003,0.0,0.035864934628864,0.0082054941134498
0.328649822106977,0.0897505477497035,0.552915636495206,0.0,0.020523025588454,0.0081609680596594
0.479001341549376,0.355078560221924,0.148775551967985,0.0,0.0104595375065372,0.0066850087541781
0.619740248805439,0.118614098974888,0.198581261708801,0.0,0.05020312796009,0.0128612625507819
0.459418007811701,0.25275556737081,0.239177112942476,0.0,0.0299789370360524,0.0186703748389603
0.395089736966239,0.358992789595454,0.200610975089288,0.0,0.0256519688223005,0.0196545295267189
0.173377331072899,0.301071688060063,0.488253814482926,0.0,0.0,0.0372971663841123
0.156160558464223,0.433205351948807,0.194671320535195,0.0,0.001326352530541,0.214636416521233
0.477289159188534,0.213732828647982,0.229957895632203,0.0,0.0351295028282226,0.0438906137030578
0.509399149083963,0.134518537813667,0.272358253017279,0.0,0.0016714422158548,0.0820526178692367
0.48113053802994,0.294391544246036,0.127464903499174,0.0,0.0349917351523758,0.0620212790724745
0.535515028557567,0.156945332657067,0.257084261362383,0.0,0.0412375680860916,0.009217809336891
0.228610666056306,0.583543144884413,0.181734950789654,0.0,0.0061112382696269,0.0
0.36226148409894,0.422025912838634,0.164098939929329,0.0,0.0183510011778563,0.0332626619552414
0.309089171365765,0.431042721972666,0.170290547644079,0.0,0.0261158367580999,0.0634617222593902
0.157331735912028,0.331115485002781,0.2500748791237,0.0,0.0199820290103119,0.241495870951179
0.231135377292454,0.412338419898269,0.268887955574222,0.0,0.0210695786084278,0.0665686686266274
0.126984126984127,0.529020118685772,0.275558450330487,0.0,0.0226998600858783,0.0457374439137357
0.340576790919216,0.406834285172634,0.1581080120382,0.0,0.0325126187824356,0.0619682930875139
0.199354164688005,0.51310665780226,0.228986608414854,0.0,0.0377053851267926,0.0208471839680881
0.31308525003874,0.390321652314436,0.225798596506763,0.0,0.024616474442698,0.0461780266973634
0.180505876341339,0.351456310679612,0.377721001532959,0.0,0.0272611139499233,0.0630556974961676
0.245599981151191,0.39867587116839,0.230473811936008,0.0,0.0276135051716419,0.0976368305727681
0.262456987084953,0.477052330517943,0.152232202708138,0.0,0.0207802654511328,0.0874782142378334
0.199233716475096,0.504202199975281,0.181003584229391,0.0,0.0248733160301569,0.0906871832900754
0.424975042319545,0.341073831329485,0.163744086114849,0.0,0.0379790789530795,0.0322279612830418
0.374956734195256,0.39765855644915,0.141178865926906,0.0,0.0391122874885472,0.0470935559401404
0.0817275299824821,0.50343619458294,0.136774019673898,0.0563490994025962,0.0180568656515294,0.203656290706553
0.179126191861766,0.460897981109271,0.272080218452034,0.0,0.0139218407269797,0.0739737678499485
0.173538957502886,0.457622688361759,0.276351042279292,0.0,0.0326297675836981,0.0598575442723648
0.516092003811834,0.137659187386295,0.242159750498137,0.0,0.0642164082127696,0.0398726500909642
0.2462243185632,0.499410404099959,0.1554492267223,0.0,0.0392081273527144,0.0597079232618259
0.354944732875565,0.461271143862,0.13289231284542,0.0,0.0417643610785463,0.0091274493384692
0.282576113459947,0.4636154173098,0.162584166610742,0.0,0.0431067266179003,0.0481175760016106
0.373007367716008,0.400334896182183,0.172404554588078,0.0,0.0403661531591873,0.0138870283545434
0.0891053128861109,0.664437822516171,0.151294909998304,0.0,0.060905589068973,0.0342563655304406
0.494659474328942,0.203821108508306,0.15342459865466,0.0,0.0906707356386065,0.0574240828694848
0.484281301108486,0.132564055969471,0.308740686898056,0.0,0.0687579502089769,0.0056560058150099
0.45242082097407,0.14730647784901,0.317409817242369,0.0,0.0712132810257391,0.0116496029088125
0.539134991157784,0.165120188633932,0.226557212409667,0.0,0.0438399231491387,0.0253476846494771
0.268434637380434,0.328053039121413,0.337086897110178,0.0,0.0,0.0664254263879751
0.290547135884922,0.410711533521706,0.18656563061906,0.0,0.0343950680708964,0.0777806319034163
0.318851549096781,0.46424967201534,0.119386416389141,0.0,0.0204864264809768,0.0770259360177616
0.536106557377049,0.194856557377049,0.196618852459016,0.0,0.0509016393442623,0.0215163934426229
0.313563218390805,0.188425787106447,0.392743628185907,0.0656671664167916,0.0226486756621689,0.016951524237881
0.168904277369512,0.415017900885623,0.394808743169399,0.0,0.0019785189372526,0.0192905596382136
0.290659008464329,0.467330281568492,0.211025220245293,0.0,0.0063266539989635,0.0246588357229227
0.371737378329786,0.320176073074459,0.265845543408626,0.0,0.0164500196325611,0.0257909855545681
0.575793420076585,0.0998215681950319,0.237394494677119,0.0,0.040718538864051,0.046271978187213
0.266558586499377,0.407697187566082,0.206997016047555,0.0685134277860012,0.0212870938182843,0.0289466882827001
0.452355107166422,0.148692080114084,0.328161249813762,0.0,0.0440159206521507,0.026775642253581
0.481275147013309,0.206923995224831,0.216584869788212,0.0,0.0415395498960958,0.0536764380775522
0.415239966320516,0.326948264571054,0.178828702404341,0.0,0.0635232481990831,0.0154598185050051
0.400859437947115,0.369533901408795,0.190638962814659,0.0,0.0341577752276778,0.004809922601753
0.344854180353623,0.421006027021623,0.201119712074038,0.0,0.0266217258419263,0.0063983547087891
0.190946594448966,0.285914741952684,0.499340498975669,0.0,0.0122919765386018,0.0115061880840793
0.253785935722729,0.350447175323951,0.326136895867252,0.0,0.0269643374891272,0.04266565559694
0.358205363783524,0.341339633372708,0.228485803036269,0.0,0.0317189482434265,0.0402502515640722
0.364687216681777,0.264444078134015,0.335799060413748,0.0,0.0224594082255007,0.01261023654496
0.2350605280258,0.394406873480783,0.29402421121032,0.0,0.0267863589323963,0.0497220283507015
0.46873580308099,0.140337835047289,0.328294717713625,0.0,0.0458637921777557,0.0167678519803411
0.566986310146723,0.149520534779916,0.22087435661961,0.0,0.0325053926489118,0.0301134058048395
0.436916521402285,0.217896571760604,0.196087546000387,0.0,0.0571373232616695,0.0919620375750532
0.583249496981891,0.172451374916164,0.145665660630449,0.0,0.0404091213950368,0.0582243460764587
0.370498145415387,0.379511825469629,0.192178837793642,0.0,0.0223547242053204,0.0354564671160212
0.445312686122692,0.178010720667064,0.0977010125074449,0.0,0.0998451459201905,0.179130434782609
0.198067830607692,0.312790388275989,0.334609165523876,0.0,0.0237018236895429,0.1308307919029
0.445336491178773,0.318808582381631,0.158380667563174,0.0,0.0291230957589868,0.0483511631174357
0.395335416210623,0.357963025611431,0.171518974746771,0.0,0.0277407414777815,0.0474418419533939
0.325195249812774,0.420584144645341,0.180293142184658,0.0,0.0217181983524125,0.0522092650048143
0.49726420829752,0.171652585899667,0.272510010272321,0.0,0.05435944739104,0.004213748139452
0.287876918013904,0.28592290921058,0.121066271751203,0.270167427701674,0.0319017647784771,0.0030647085441605
0.164984089920564,0.457592198338026,0.138474921594213,0.159718883776297,0.0241970560629993,0.0550328503079
0.400565408395705,0.274263748779694,0.256020175724048,0.0,0.0230231044581841,0.046127562642369
0.386022386022386,0.157976157976158,0.383588133588134,0.0,0.0500273000273,0.0223860223860223
0.276942764076315,0.262796649604467,0.42354583527222,0.0,0.0257794322940902,0.0109353187529083
0.401040409139797,0.330911565223117,0.169713997234355,0.0,0.0346803046598915,0.0636537237428389
0.458691588785047,0.165167674546454,0.332886201209456,0.0,0.039670148433205,0.0035843870258383
0.242596865685992,0.327636765695606,0.353042976636862,0.0375204307278146,0.0230987405057206,0.016104220748005
0.370928447128672,0.37432695260518,0.188780837342614,0.0348858634455932,0.0242194697512539,0.0068584297266864
0.285474149316812,0.367744879091324,0.258266695483034,0.0419998559181615,0.0256945945296928,0.0208198256609754
0.291366080044112,0.419220695676148,0.187772825437669,0.0716812939392547,0.0281440977806368,0.0018150071221798
0.430506430868167,0.32011655948553,0.187560289389067,0.0,0.0243770096463022,0.0374397106109324
0.371551705278817,0.0880532038240248,0.486731858852355,0.0,0.0295333727111636,0.0241298593336396
0.439869209809264,0.149798365122616,0.0947138964577656,0.0,0.0010899182561307,0.314528610354223
0.524907856450048,0.0703200775945683,0.350436469447139,0.0,0.0543355965082444,0.0
0.519048625792812,0.166701902748414,0.259133192389006,0.0,0.0463002114164904,0.0088160676532769
0.18991400968157,0.11769031230213,0.424763577687453,0.242366061398313,0.0252660389305337,0.0
0.470196148839715,0.321603303559406,0.138157008842408,0.0,0.0265047802863683,0.0435387584721037
0.408382845825716,0.0936928702010968,0.470692413162706,0.0,0.0272318708104814,0.0
0.465796334487723,0.110490680571228,0.371376318144675,0.0,0.0282112144441417,0.0241254523522316
0.570877823742176,0.233783110610556,0.164930367546728,0.0,0.0122154599207294,0.0181932381798098
0.411850501367366,0.0511901144535602,0.505054188190013,0.0,0.0225665957662311,0.0093386002228299
0.603434543582571,0.0709637313751772,0.28173747498883,0.0,0.0421547487227305,0.0017095013306913
0.396705903823341,0.375467652158044,0.183502144356237,0.0,0.0287434984943881,0.0155808011679897
0.472470066108825,0.274860154408025,0.208381489528917,0.0,0.035481484905922,0.0088068050483102
0.15946417913747,0.395477353610822,0.383341806848073,0.0,0.03165410376003,0.0300625566436039
0.547911839838413,0.109586328442147,0.268421156854591,0.0,0.0677241133487791,0.0063565615160696
0.524434613635424,0.248397899698185,0.1640343986439,0.0,0.0254475544714102,0.0376855335510811
0.466226228698444,0.0688029966246809,0.415246562937351,0.0,0.0369226969622128,0.0128015147773112
0.49095017708537,0.274927753514547,0.197444755882928,0.0,0.028203289659518,0.0084740238576363
0.38016598030813,0.432259548048582,0.139766289692079,0.0,0.0405961912327278,0.0072119907184815
0.563581306147169,0.0974058746340971,0.254466538810942,0.0,0.084485717169678,6.05632381144645e-05
0.507986249152265,0.26437641776385,0.197563200112252,0.0,0.0165571431912256,0.0135169897804073
0.142921127842,0.440152710830525,0.357782706991426,0.0,0.0200273002602056,0.0391161540758435
0.532349504479162,0.249621326870645,0.139524819318821,0.0,0.0041113082615657,0.0743930410698056
0.200422484414447,0.465866350662064,0.318048328095213,0.0,0.0,0.0156628368282755
0.353745238240746,0.390067021124896,0.148587259874921,0.067122980708509,0.0178655095846319,0.0226119904662959
0.38603359766694,0.32844615784112,0.139983620637996,0.109502027445419,0.0188762159678804,0.0171583804406447
0.335053875978212,0.125663043219714,0.485288171071097,0.0,0.0298993839347303,0.0240955257962465
0.375546435899723,0.268043536443929,0.286666964046748,0.0,0.0213667588544919,0.0483763047551075
0.458023621688175,0.172374481280496,0.318527976651922,0.0,0.0422727894568835,0.0088011309225226
0.421975141798227,0.387042611135,0.14443966664619,0.0,0.0,0.0465425804205827
0.241247537442738,0.481332035793121,0.168996700766656,0.0,0.0313071135268567,0.0771166124706273
0.296289863882074,0.432798558495973,0.181143216898595,0.0,0.0281136704079195,0.0616546903154375
0.317974727069543,0.436280409180779,0.179811742456804,0.0,0.0373506404194962,0.0285824808733774
0.201995297125768,0.464899664406548,0.241558797342648,0.0,0.0334908567906307,0.0580553843344063
0.453332196307509,0.32695177589221,0.145908838954505,0.0,0.0294631816825139,0.0443440071632626
0.459039807390178,0.338903511456612,0.15059884515721,0.0,0.0278100834506539,0.0236477525453469
0.412068533982571,0.325286127101868,0.143552754328881,0.0,0.0228674145031741,0.0962251700835058
0.510344976375914,0.213069836680978,0.225798796142478,0.0,0.0435589307674052,0.0072274600332247
0.314384610264261,0.475581885553263,0.156271494819055,0.0,0.0226097761210588,0.0311522332423617
0.338033528055686,0.410147944224356,0.088251751382081,0.0,0.0357886255287719,0.127778150809105
0.31051528191548,0.39682224428997,0.232351318547942,0.0,0.0283129206664459,0.031998234580161
0.487788957165687,0.275553154613186,0.146982690706102,0.0,0.0367794359286019,0.0528957615864226
0.569296289600032,0.164848630948794,0.196488479077523,0.0,0.0449988951164145,0.0243677052572369
0.316836734693878,0.330434782608696,0.280346051464064,0.0,0.0183895297249334,0.0539929015084294
0.284767407982908,0.433402932893076,0.204671263474798,0.0,0.0442119063804991,0.032946489268719
0.520945891460366,0.210809612128054,0.220204015805177,0.0,0.0369123457785662,0.0111281348278364
0.349677687668954,0.363880224578914,0.167747972551466,0.0,0.0,0.118694115200665
0.531124207717113,0.141043033470477,0.283709551873679,0.0,0.0434782608695652,0.0006449460691649
0.251431831146606,0.395573302909298,0.207644038790645,0.0,0.0347746719908727,0.110576155162578
0.333557498318763,0.371217215870881,0.162911903160726,0.0,0.042703429724277,0.089609952925353
0.211574085508929,0.470990688369106,0.1507644429076,0.0,0.0430261565440758,0.123644626670289
0.577933556842426,0.0771715940262115,0.284933455247384,0.0,0.0550441938433404,0.004917200040638
0.440458630794344,0.335221350325486,0.157964088343462,0.0,0.0348496469801561,0.031506283556552
0.551670584284755,0.151234049697784,0.236526192075218,0.0,0.0605691739422431,0.0
0.379053355903885,0.378020093653132,0.113131224305846,0.0,0.0842438498911777,0.0455514762459603
0.220346369996559,0.488611079252208,0.275192109186833,0.0,0.0138777382727377,0.0019727032916618
0.527557402510179,0.196322881249213,0.200289636065987,0.0,0.0421231582924064,0.0337069218822146
0.208670827247377,0.20152259549418,0.130128800956048,0.402978798742973,0.0265347674058336,0.0301642101535873
0.383700942321632,0.326726726726727,0.263125194159677,0.0,0.0157605881743812,0.0106865486175831
0.312086396068203,0.509279817205923,0.133193938479446,0.0,0.0145071242266818,0.0309327240197452
0.312149416213072,0.499542942618523,0.165704076120829,0.0,0.0020359828811235,0.0205675821664519
0.493612839829676,0.179932307020417,0.271164974342177,0.0,0.0274047385085708,0.0278851402991592
0.149680582380033,0.570618531174169,0.166963799336404,0.0,0.0452136879116525,0.0675233991977417
0.521505953019414,0.0768422181701169,0.347999570953556,0.0,0.0436983803496728,0.0099538775072401
0.153550863723608,0.712476007677543,0.11746641074856,0.0,0.0,0.0165067178502879
0.567008957832641,0.0753768844221105,0.309220013109023,0.0,0.0291238802709198,0.0192702643653047
0.565121648779236,0.0929790054303673,0.259674177962116,0.0,0.0661051011245563,0.0161200667037242
0.488322142052801,0.296137965550319,0.158693748175335,0.0,0.0568461442215456,0.0
0.53047363717605,0.129915102770331,0.281456657730116,0.0,0.0421134941912421,0.0160411081322609
0.496245055107783,0.171077404751327,0.261323009879207,0.0,0.0631253834274713,0.0082291468342112
0.407173039266206,0.0479027105019066,0.473070184479027,0.0,0.0250231887045243,0.0468308770483355
0.424160809301714,0.0831855306663163,0.4528016816659,0.0,0.0313560620990168,0.008495916267052
0.357941785195297,0.483156457792065,0.11598925536131,0.0,0.0219516491258972,0.0209608525254304
0.364675107251229,0.433001988071571,0.155885738202365,0.0,0.0349482055038191,0.011488960971016
0.420944901624963,0.355048247629391,0.15182338443544,0.0,0.026651071473328,0.045532394836877
0.490688881250379,0.0949511697029743,0.35034474391896,0.0,0.0404391693794609,0.0235760357482257
0.413657817696612,0.407185390237588,0.121243502678589,0.0,0.0216876107780853,0.0362256786091251
0.547588459444747,0.144605334784976,0.218116494284159,0.0,0.0403266194882961,0.0493630919978225
0.564612067363099,0.113033941782222,0.27110673259229,0.0,0.0470091824974906,0.0042380757648983
0.399189097393224,0.346098327248026,0.177103676657893,0.0,0.0181497834762673,0.0594591152245903
0.321123016861866,0.450556524628291,0.129620400365479,0.0,0.0238184234570977,0.0748816346872663
0.587916761758543,0.10850847527957,0.24662337392892,0.0,0.0345857797879624,0.022365609245005
0.335923398635263,0.385362095531587,0.206515518379925,0.0,0.0378604446401056,0.034338542813119
0.470370927210636,0.146545243669323,0.302218690263966,0.0,0.0761399514594385,0.0047251873966365
0.561594272259127,0.107854585829967,0.279667668510826,0.0,0.036008959166874,0.0148745142332063
0.584771790685017,0.0669271440789985,0.305302853588368,0.0,0.027155742166239,0.0158424694813778
0.566627438555198,0.17571176390712,0.196781786086091,0.0,0.0389716199701262,0.0219073914814647
0.34404984986341,0.441085498837288,0.139119048156594,0.0,0.0206578917661933,0.0550877113765154
0.409532055412371,0.276155766752577,0.248187822164948,0.0,0.0316929768041237,0.0344313788659793
0.467318081053742,0.341820373200181,0.17321309429008,0.0,0.0176269289542216,2.15225017756064e-05
0.500553097345133,0.109633512889573,0.306488072335514,0.0,0.0467487495190457,0.0365765679107349
0.477696488294314,0.246425585284281,0.223160535117057,0.0,0.0527173913043478,0.0
0.433793131676968,0.153759567762269,0.376407023863125,0.0,0.0329294748475297,0.0031108018501084
0.529322484084489,0.20249588937139,0.22252202875332,0.0,0.0456595977908006,0.0
0.492720370447624,0.156355596345584,0.278315464519628,0.0,0.0419256601727086,0.0306829085144549
0.153399416909621,0.53203498542274,0.238413994169096,0.0,0.0205481049562682,0.055603498542274
0.373893848528061,0.40995487488035,0.152292395147584,0.0,0.0302787599382703,0.0335801215057334
0.465733362050398,0.278785268145595,0.182726685332759,0.0,0.0326297652379926,0.0401249192332543
0.430886675375572,0.0521309601567602,0.475791966035271,0.0,0.0325359242325277,0.0086544741998693
0.403318979098834,0.355151769772083,0.194349333053251,0.0,0.035962608969646,0.0112173091061863
0.574036140913055,0.0670290222483623,0.317865617457967,0.0,0.0333015596162816,0.0077676597643336
0.485415051893302,0.220485093672609,0.220371665689926,0.0,0.0206627975121462,0.0530653912320169
0.160908891435258,0.498305580612917,0.297827729965624,0.0,0.0215520393982982,0.0214057585879025
0.524090928697753,0.171332441875512,0.213238148643402,0.0,0.0322650217832032,0.0590734590001294
0.29425637897733,0.377350818338924,0.223726745959134,0.0604655891023686,0.0167530751245298,0.0274473924977127
0.506270528515975,0.177110438083863,0.211704986563153,0.0,0.0319071791153009,0.0730068677217079
0.492322209831003,0.29261388007206,0.134961825512567,0.0,0.0485759629407223,0.0315261216436475
0.346207801611005,0.326545388722961,0.209385464747941,0.0,0.065164268259571,0.0526970766585211
0.435519804882625,0.335240730752093,0.145118547876457,0.0,0.0484510213175113,0.0356698951713139
0.251886846805324,0.504868352825949,0.186812237137754,0.0,0.0,0.056432563230973
0.543290503333011,0.0546613853733938,0.373123369722732,0.0,0.0248864843976427,0.0040382571732199
0.150971871666103,0.576305586635789,0.248002914313965,0.0,0.0017954255679009,0.022924201816242
0.141304347826087,0.57740203972088,0.233709071390231,0.0,0.0143048845947396,0.0332796564680622
0.417543403905269,0.351798934926614,0.153353249339741,0.0,0.0582759665757457,0.0190284452526302
0.342287656719053,0.369901112484549,0.193868091117782,0.0,0.015318735652481,0.0786244040261345
0.48628652858844,0.117203818298944,0.347180197942491,0.0,0.0383196361293848,0.0110098190407402
0.371810800017749,0.413830589696943,0.18531747792519,0.0,0.013133957492124,0.0159071748679948
0.291216582558285,0.360303624306627,0.329628393877466,0.0,0.0075071943946281,0.0113442048629937
0.489573924995091,0.127115648929904,0.310956214411938,0.0,0.0266836834871392,0.0456705281759277
0.456270363508593,0.320918247833216,0.145701569454205,0.0,0.0365851061564343,0.0405247130475521
0.545030705087391,0.13417815112243,0.270862001684159,0.0,0.0282815420320811,0.0216476000739386
0.458071176734129,0.0659173695385394,0.435124763815572,0.0,0.0200635019576523,0.0208231879541071
0.438069049801405,0.39232101028618,0.148670944087993,0.0,0.0175985334555453,0.0033404623688766
0.3810093881923,0.436141389956524,0.162077583853149,0.0,0.0207716379980257,0.0
0.281313738821191,0.42537001202866,0.170833115422833,0.0,0.0701323152554782,0.0523508184718372
0.466904851447913,0.197066566378338,0.259725878567548,0.0,0.0507500731269065,0.0255526304792946
0.412666583114008,0.366629067970088,0.159167815515729,0.0,0.0275514893261478,0.0339850440740276
0.510967359861513,0.17714051431565,0.233993121199007,0.0,0.0594720178575495,0.0184269867662802
0.296838421338882,0.552791506065407,0.0881080186336872,0.0,0.0,0.0622620539620232
0.32640553667841,0.163348689833441,0.458777177878301,0.0,0.0475704071209689,0.0038981884888786
0.504041835076461,0.198654110587941,0.233863910996291,0.0,0.0253552231342972,0.0380849202050085
0.428196593863123,0.425888583853648,0.125045552829134,0.0,0.0208692694540948,0.0
0.575853719629289,0.111797612089839,0.258015362778659,0.0,0.034795858729231,0.0195374467729815
0.462608913683947,0.0724628596502225,0.41064376606281,0.0,0.033953906266324,0.0203305543366973
0.515984257405234,0.225666873806071,0.196045938916891,0.0,0.0620957904669842,0.0002071394048194
0.538322387824924,0.137598804514531,0.259546187423807,0.0,0.0309882417712061,0.0335443784655314
0.568518397347816,0.189447970511898,0.173635193788305,0.0,0.0369255599904032,0.0314728783615782
0.40298948945988,0.212517994123563,0.306777622212143,0.0,0.0042397113052394,0.0734751828991737
0.261665555661365,0.396986001333206,0.239953337777354,0.0,0.0282115988953433,0.0731835063327302
0.41661438834362,0.321967014064555,0.222462814934736,0.0,0.0342001416573914,0.0047556409996964
0.427251270152418,0.167320078409409,0.324618954274513,0.0,0.020302436292355,0.0605072608713045
0.551218801390537,0.145111263764858,0.255230125523012,0.0,0.0369699619059514,0.0114698474156414
0.209601689394109,0.47372677644733,0.286972345157594,0.0,0.011030485476153,0.0186687035248129
0.504970004816745,0.0960064807111266,0.332070762359329,0.0,0.0669527521127994,0.0
0.519783530904333,0.210006739880268,0.140506680410736,0.0,0.0538793957895571,0.0758236530151052
0.232586268231946,0.355982449899205,0.394379224475276,0.0,0.0068065931459741,0.0102454642475987
0.535458606131065,0.0764241571314936,0.322686573252565,0.0,0.0516836974035774,0.0137469660812988
0.214731556223015,0.505725549089544,0.142599023840811,0.0,0.0276422001126337,0.109301670733997
0.387166409176525,0.347632854331125,0.237878563416647,0.0,0.0255232693487968,0.0017989037269052
0.306915290356953,0.376707511987214,0.263654768247203,0.0,0.0043260522109749,0.0483963771976558
0.497314900683676,0.126900597407639,0.273168417193262,0.0,0.0665990898699506,0.0360169948454719
0.342130825179464,0.415337961098344,0.11923997251771,0.0,0.0350873036556184,0.0882039375488639
0.42517168401503,0.380101930635339,0.137930289811255,0.0,0.0195654990713946,0.0372305964669805
0.287650097269739,0.496835938373471,0.165023143489636,0.0,0.0240379240177992,0.0264528968493548
0.397933544166703,0.352900402893905,0.185331196118356,0.0,0.0295672139669886,0.0342676428540484
0.473252226555678,0.117818266488154,0.321409860876652,0.0,0.0351009954013621,0.0524186506781535
0.473234200743494,0.117815270231627,0.321389762653703,0.0,0.0351158135544752,0.0524449528167
0.146715733925844,0.561866407443411,0.274846086191733,0.0,0.0165717724390131,0.0
0.19341832842977,0.439446442192438,0.338759943336602,0.0,0.016301623624278,0.0120736624169118
0.196414286386523,0.540515740435744,0.190202813985224,0.0,0.0051997553056326,0.0676674038868759
0.419420447873857,0.357774888870251,0.148012245240292,0.0,0.0308227795018032,0.0439696385137968
0.534411697698983,0.157923078516248,0.274030196963735,0.0,0.0251641364455398,0.0084708903754944
0.495099161819264,0.288645628177529,0.188842577749279,0.0,0.0191682315760545,0.0082444006778729
0.488383408344484,0.302619308275554,0.15784778818473,0.0,0.0,0.0511494951952317
0.381094206472664,0.0903934438669044,0.496243882080662,0.0,0.0243388853056114,0.0079295822741586
0.161540490635716,0.468820891585334,0.247296227908204,0.0,0.0752571880770245,0.0470852017937219
0.223488041619499,0.34837062549676,0.33890507960211,0.0,0.0341289530094655,0.0551073002721645
0.29645088849834,0.342877367701621,0.250268502245655,0.0,0.0371021284905291,0.0733011130638547
0.492874935481699,0.25228338681807,0.163124705459931,0.0,0.065236417495119,0.0264805547451807
0.0928996598639455,0.702141794217687,0.136798469387755,0.0,0.0256696428571428,0.0424904336734693
0.422748277966693,0.332439619844799,0.194502572151016,0.0,0.0337649315546255,0.0165445984828668
0.238993552286923,0.331352004835785,0.364774330042313,0.0,0.0139784404593995,0.0509016723755792
0.280912337809123,0.46383199963832,0.172046656720467,0.0,0.0072109950721099,0.0759980107599801
0.331166508888188,0.426780267171558,0.195855685284527,0.0,0.0177132639108025,0.0284842747449247
0.330411006466733,0.286120394080118,0.335597413306714,0.0,0.0197691072436092,0.0281020789028253
0.206777660433621,0.494098279182456,0.203205566254582,0.0,0.0001242467540535,0.0957942473752873
0.320687288476558,0.391214824982841,0.186708636073178,0.0,0.030743379168343,0.0706458712990793
0.306339794754846,0.391790193842645,0.228369441277081,0.0,0.0275028506271379,0.0459977194982896
0.248019855400885,0.546001942376174,0.144232221862523,0.0,0.015323189813316,0.0464227905471026
0.217830540037244,0.465153631284916,0.270577281191806,0.0,0.0155260707635009,0.0309124767225325
0.270041018888945,0.398642831822555,0.235124322681926,0.0,0.0240542867270977,0.0721375398794753
0.238792375705336,0.46543297640734,0.180299462389479,0.0,0.0355667125783089,0.0799084729195361
0.386574255870572,0.0553286735254849,0.505458258069583,0.0,0.0325924762428335,0.0200463362915259
0.235590926813605,0.444599894497833,0.283686153987294,0.0,0.0182335267539735,0.0178894979472947
0.158764249132661,0.554766231620684,0.255878627677735,0.0,0.0028085246984966,0.0277823668704223
0.219865355845266,0.480123958110707,0.272120111134858,0.0,0.0162427869202821,0.0116477879888865
0.249254005417068,0.429761740807051,0.268030115227471,0.0,0.0267869439471147,0.0261671946012945
0.54359719100006,0.198957566594386,0.200847474486243,0.0,0.0565778741520281,1.98937672827103e-05
0.375385490256119,0.35224513899521,0.202445265851578,0.0,0.0219592747315238,0.0479648301655694
0.149424706031104,0.587558477683652,0.221519787583765,0.0,0.0342647616639271,0.0072322670375521
0.0981016042780748,0.647593582887701,0.206149732620321,0.0,0.0205614973262032,0.0275935828877005
0.100919305413687,0.664708886618999,0.142364657814096,0.0,0.0291624106230847,0.0628447395301328
0.0877380697624652,0.563262358228119,0.311898138240959,0.0,0.0219880162636422,0.0151134175048148
0.0890836653386454,0.639362549800797,0.164462151394422,0.0,0.0283134130146082,0.0787782204515272
0.154751776311251,0.402676538894893,0.106532686426453,0.307296097863828,0.0287429005035756,0.0
0.415832649712879,0.344975389663659,0.183100902378999,0.0,0.0174938474159146,0.0385972108285479
0.49631114509496,0.173138523218087,0.222943230899585,0.0,0.0433776271466655,0.0642294736407034
0.411643640662974,0.396251614739562,0.136294966391522,0.0,0.0537078799290609,0.0021018982768813
0.320155902004454,0.490579064587973,0.118619153674833,0.0,0.0360579064587973,0.034587973273942
0.313880607525998,0.33998450667856,0.226437240310805,0.0,0.0247188901147914,0.0949787553698443
0.477518844348727,0.206505617749243,0.23454357057234,0.0,0.0288100123935878,0.0526219549361019
0.603221577818384,0.0771629458965599,0.273178676412171,0.0,0.0252840231985381,0.0211527766743465
0.507097591888466,0.126214617659485,0.313371356147021,0.0,0.034431770173215,0.0188846641318124
0.188255345522157,0.473172783213068,0.162402054097127,0.0,0.0010624640311656,0.175107353136482
0.591317749807347,0.125866940662728,0.202770258254461,0.0,0.0498330336501412,0.0302120176253235
0.16308233225901,0.526311163199531,0.21901552886024,0.0,0.0244652798124816,0.0671256958687371
0.116922574322117,0.527605357726233,0.303952956550147,0.0,0.0077425677883044,0.0437765436131983
0.113157495831438,0.415390834217574,0.450558334596534,0.0,0.0152341973624374,0.0056591379920165
0.263276542246499,0.387501625699051,0.154333029869511,0.0,0.0616681839857805,0.133220618199159
0.476726777055261,0.0819423029652968,0.385287479609394,0.0,0.0391723089986815,0.016871131371366
0.497613439773225,0.17966942493278,0.235946390979011,0.0,0.0389144798549304,0.0478562644600537
0.495424753149472,0.17364657814096,0.251617296561117,0.0,0.0253234593122233,0.0539879128362274
0.0855493228812167,0.472434107071608,0.240406505973197,0.112305489708264,0.0297368976928673,0.0595676766728471
0.420147892058004,0.318428886968213,0.134101603764525,0.0978584461730529,0.0253529242293287,0.004110246806876
0.532411527140804,0.149793506286079,0.252447121637347,0.0,0.0522052615967326,0.0131425833390375
0.51893315018315,0.0602564102564102,0.167010073260073,0.0,0.106845238095238,0.146955128205128
0.462293528296778,0.261011824171857,0.226329091073202,0.0,0.0329903420886361,0.0173752143695279
0.485406973231011,0.242491993473926,0.206215884142043,0.0,0.0270106955103027,0.0388744536427175
0.450735562076836,0.0645606766787502,0.437616280184897,0.0,0.0465504344323609,0.0005370466271553
0.486461323609279,0.193789277678641,0.230409651640934,0.0,0.0322561874466599,0.057083559624486
0.508642149264948,0.179723826969142,0.22859424169837,0.0,0.0569959137663801,0.0260438683011601
0.525627135594633,0.0706100508375698,0.359717476456371,0.0,0.0317526460538378,0.0122926910575881
0.232793029595015,0.441783489096573,0.18840050623053,0.0,0.0355578271028037,0.101465147975078
0.349437201762597,0.395146007899724,0.160437452909884,0.0,0.0405488709787894,0.0544304664490056
0.43122259178442,0.299938563226913,0.201152469122725,0.0,0.0357180687668156,0.031968307099125
0.436855807034321,0.283179258314738,0.214722133673361,0.0,0.0342684093082562,0.0309743916693231
0.277528628939738,0.536951669760748,0.132412757347573,0.0,0.0197117290002294,0.0333952149517114
0.450154398264063,0.278355032548823,0.215385578367551,0.0267067267568018,0.0237648138874979,0.0056334501752628
0.376604341625733,0.174457296783394,0.31017271430835,0.0841586119473934,0.0301259705276501,0.024481064807479
0.405667246470612,0.312871647587072,0.244326685813681,0.0,0.0359815541442498,0.0011528659843857
0.152650115969418,0.477665149042178,0.163430976720213,0.138561979211408,0.0218838587750193,0.0458079202817627
0.539520933648902,0.100281563698686,0.308822329225496,0.0,0.0513751734269158,0.0
0.601552254208501,0.1003160406768,0.23829897018038,0.0,0.0598327349343194,0.0
0.529312090994079,0.235431598628856,0.196498130258648,0.0,0.0380180741664069,0.0007401059520099
0.568997580435522,0.0431122397968365,0.358175528404887,0.0,0.025375432422164,0.0043392189405906
0.190347003154574,0.445615141955836,0.281556256572029,0.0,0.0244374342797055,0.0580441640378548
0.171868515889483,0.478955989953041,0.290946816643005,0.0,0.0121655564049361,0.0460631211095336
0.180227330366818,0.449703732736956,0.300371198671985,0.0,0.0215802457750213,0.0481174924492195
0.35200052790181,0.37102698898005,0.197545256582276,0.0,0.0794272265358643,0.0
0.269091785112021,0.389084776943124,0.259805961323668,0.0240467795273866,0.0234773658045158,0.034493331289284
0.226379566247978,0.457566292284176,0.133271305465098,0.0832724131056024,0.0279568463259564,0.071553576571188
0.436605187805289,0.0711849418898433,0.425614788613778,0.0,0.0648896749199932,0.0017054067710965
0.227254154181422,0.435621538182148,0.229660401343866,0.0,0.032007627349496,0.0754562789430672
0.243433247434332,0.46995795469958,0.134590171345902,0.0,0.0,0.152018626520186
0.553638490096354,0.164638726152922,0.217987510461598,0.0,0.041417197793944,0.0223180754951823
0.41600209969514,0.0436696210454059,0.477700833821243,0.0,0.0484545032403949,0.0141729421978155
0.496719454595969,0.17037464469663,0.288452907610438,0.0,0.0382979632835374,0.0061550298134256
0.365123261694058,0.0527615360303413,0.480108249051833,0.0,0.0734829329962073,0.02852402022756
0.514973945531413,0.0545865696588339,0.374319142660505,0.0,0.0521482646740733,0.0039720774751745
0.209638662444699,0.498686249410496,0.213456399200521,0.0,0.0324732196995216,0.0457454692447618
0.515972631292764,0.178123159182564,0.200462186777833,0.0,0.0574335040101499,0.0480085187366894
0.329418785566615,0.381892197190903,0.232571026662972,0.0,0.0559901106161682,0.000127879963341
0.598759609015916,0.105252594183409,0.253918872809746,0.0,0.0417277161150472,0.0003412078758806
0.544803229061554,0.167325933400605,0.23816347124117,0.0,0.0418768920282542,0.0078304742684157
0.413437373327929,0.336299148763681,0.201499797324686,0.0,0.0335832995541143,0.0151803810295905
0.533940539611617,0.0732514177693761,0.321683278913903,0.0,0.0582789139027324,0.0128458498023715
0.326078234704112,0.0600601805416248,0.557331995987964,0.0,0.0544032096288866,0.0021263791374122
0.33017709977205,0.197176924425741,0.406233561283535,0.0,0.0310582149745747,0.0353541995440995
0.522762246729931,0.184213901000256,0.212768231170385,0.0,0.0476190476190476,0.0326365734803795
0.49273335475214,0.111277001870996,0.35703891293255,0.0,0.0389507304443142,0.0
0.401840685496668,0.40069819105046,0.115963186290067,0.0,0.0282450015867978,0.0532529355760076
0.503848965724853,0.170859674020556,0.218509439642197,0.0,0.0826344987743517,0.0241474218380424
0.562247729566095,0.0985956945845946,0.278044063235789,0.0,0.041540531449714,0.0195719811638076
0.578604447278234,0.13445445126325,0.236351319040408,0.0,0.0502311309476368,0.000358651470471
0.445562430266761,0.300963586570646,0.166284613043919,0.0,0.0218277715792676,0.0653615985394056
0.548098525387035,0.137433111392508,0.235284506351865,0.0,0.0402148605040643,0.0389689963645275
0.362806802747116,0.28571155280929,0.259502993897423,0.0,0.0358885084077822,0.0560901421383888
0.469813069324834,0.224791483013494,0.205940191225334,0.0,0.0450487104721864,0.0544065459641509
0.41918763126145,0.312458108047723,0.199293980964297,0.0,0.0452209660842754,0.0238393136422539
0.272167609969219,0.335070995928905,0.344553668950452,0.0,0.0284728428160063,0.0197348823354185
0.255859690716095,0.455062233956571,0.248100651974783,0.0,0.0338380300662751,0.0071393932862762
0.287154950312845,0.454888970678444,0.175855723224144,0.0,0.034228928965771,0.0478714268187952
0.321203750431618,0.395282743233552,0.224361868841138,0.0,0.0263752025286196,0.0327764349650721
0.415177171527124,0.368834834027684,0.153339604891816,0.0,0.0,0.0626483895533754
0.54200477326969,0.201829753381066,0.152326968973747,0.0,0.0341885441527446,0.0696499602227525
0.264442946990117,0.318643306379155,0.316329739442947,0.0,0.0386343216531895,0.0619496855345911
0.236564903285947,0.454509438359357,0.190934514099278,0.0,0.0323234677231414,0.0856676765322768
0.593642474193807,0.103204769144595,0.243898535648556,0.0,0.0289469472673441,0.0303072737456989
0.342383034226226,0.386512403082051,0.162773846042366,0.0,2.41540059418855e-05,0.108306562643414
0.192948959882779,0.435184157360744,0.344293230912683,0.0,0.023843882512266,0.0037297693315276
0.411143683776896,0.143262248280355,0.415339809545707,0.0,0.0276484451342185,0.002605813262823
0.142145377178099,0.547305485982063,0.282459400500929,0.0,0.0,0.0280897363389081
0.419782408826234,0.285090407600368,0.20282332209623,0.0,0.042024210848912,0.0502796506282562
0.312064665921403,0.37761200447158,0.21068019606157,0.0,0.041620087711755,0.0580230458336916
0.424123657741607,0.319942410366134,0.19404507188706,0.0,0.0247155512007838,0.0371733088044152
0.408373385572083,0.298899797271133,0.198537618733058,0.0,0.0677205530625726,0.0264686453611535
0.337266720760403,0.372829488814188,0.174382751825664,0.0,0.0769908427031413,0.0385301958966036
0.350090292351994,0.323368636829518,0.251891258724193,0.0,0.0663770803845966,0.0082727317096978
0.24469001875602,0.482131089369899,0.164039134181579,0.0,0.0,0.109139757692503
0.14463588639117,0.448849104859335,0.243123794140082,0.113182572800287,0.032238524700498,0.0179701171086283
0.474868586819584,0.12745992441027,0.316043268604197,0.0,0.0529562535296928,0.028671966636257
0.27348643006263,0.403862212943633,0.112630480167015,0.0,0.0122129436325678,0.197807933194154
0.447419657786838,0.280459032915684,0.203266371944934,0.0,0.0415053714181001,0.0273495659344435
0.3383890697445,0.13909440662918,0.466632139686298,0.0,0.0216040248594258,0.0342803590805958
0.291121703806326,0.416629487871886,0.237889496794797,0.0,0.0454833634677248,0.0088759480592669
0.523344508696533,0.285286771820084,0.169633013072925,0.0,0.0107778502801341,0.0109578561303242
0.330389657683904,0.407706664238893,0.239689548434086,0.0,0.0067370721048798,0.0154770575382374
0.215783262610792,0.46463454440455,0.164511512290657,0.0,0.0690235267532076,0.0860471539407939
0.578080726018983,0.144748053183268,0.151286979610438,0.0,0.0422256127766659,0.0836586284106445
0.43549336022861,0.274625987560935,0.257017986216171,0.0,0.0251092620608505,0.0077534039334341
0.47843888423321,0.223656171435412,0.246402490123309,0.0,0.0305997845085598,0.0209026696995091
0.151752623353427,0.331569546773833,0.433221701272606,0.0,0.0444295601696807,0.0390265684304532
0.445272181555138,0.296322687914318,0.181058495821727,0.0,0.0358230226080196,0.0415236121007967
0.548354177088544,0.11647823911956,0.267913956978489,0.0,0.0433016508254127,0.0239519759879939
0.0939518885189513,0.529799572244394,0.14140189182634,0.151522501267832,0.0164046479835953,0.0669194981588869
0.509310182275299,0.218573224387178,0.208595223130107,0.0,0.0605554682589566,0.00296590194846
0.64570943075616,0.156939633575148,0.196828094024356,0.0,0.0003267760277106,0.0001960656166263
0.501929713882807,0.0507477641295877,0.432237354807585,0.0,0.0113927338850335,0.0036924332949864
0.180909024868635,0.363755236457854,0.344407584086011,0.0,0.0435382715451485,0.0673898830423517
0.499700405052369,0.289001270282578,0.165112767538288,0.0,0.0,0.0461855571267646
0.564744589484479,0.197385006516119,0.121370735146452,0.0,0.0446728053496271,0.0718268635033221
0.507417880384258,0.0714866749302758,0.391830647660366,0.0,0.0292647970251007,0.0
0.414452243670093,0.32585443302415,0.180600818918693,0.0,0.0340101947020974,0.0450823096849669
0.283055510600421,0.409821284072781,0.173352137423994,0.0,0.0559036367419601,0.0778674311608443
0.175207526286663,0.451355838406198,0.160774764803542,0.0,0.0616270060874377,0.151034864416159
0.446187162290015,0.31408868237916,0.201963711288186,0.0,0.0088934676113785,0.0288669764312595
0.564990243595392,0.213969492876775,0.171083275634166,0.0,0.0270032101718386,0.022953777721827
0.329131086320497,0.439808758117076,0.170524012273733,0.0,0.0272828905116433,0.0332532527770509
0.571521357899067,0.130139210634567,0.224966983480915,0.0,0.0596895364697222,0.0136829115157288
0.523894284719266,0.212223813024804,0.222342607282436,0.0,0.0415392949734937,0.0
0.50799931188715,0.15723378634096,0.243936005504903,0.0,0.0398030276965422,0.0510278685704455
0.202014860255427,0.417885189983871,0.248763848859039,0.0,0.0260979930722652,0.105238107829398
0.499456398640997,0.0810645526613816,0.365481313703284,0.0,0.031845979614949,0.0221517553793884
0.43478619098624,0.26732306171212,0.228495509598748,0.0,0.0305676855895196,0.0388275521133723
0.350001134893433,0.388088158521915,0.178359852009896,0.0,0.0449644778355312,0.0385863767392241
0.341571434220412,0.3809166040571,0.23405433192297,0.0,0.0434576297995175,0.0
0.47787505211125,0.278204593730768,0.17406150120104,0.0,0.0308697119488614,0.0389891410080797
0.5630208018078,0.141718620745314,0.209410245546073,0.0,0.0360954744466638,0.0497548574541492
0.114732791355539,0.548943652998292,0.201508703076021,0.0,0.0408012436606437,0.0940136089095033
0.10536335587212,0.429429527998424,0.425293770104379,0.0,0.0163132672487362,0.0236000787763408
0.235799309836765,0.172308169516498,0.539800705672521,0.0,0.0236516614322825,0.0284401535419332
0.165120036934441,0.433564173591874,0.316343490304709,0.0,0.0343490304709141,0.0506232686980609
0.174261151094875,0.482335440684269,0.238794216087327,0.0,0.0449325137269485,0.0596766784065801
0.40179381443299,0.377525773195876,0.152041237113402,0.0,0.0309278350515463,0.0377113402061855
0.500563086548488,0.29318039624609,0.206256517205422,0.0,0.0,0.0
0.444233338900952,0.207992316686153,0.292863704693503,0.0,0.0309837982294972,0.0239268414898947
0.500514012425692,0.245586197648952,0.163500648102624,0.0,0.0537254726679479,0.0366736691547847
0.505636284409753,0.101794138264214,0.323115397002823,0.0,0.0348028721368622,0.0346513081863478
0.516037318619295,0.16883937409178,0.181665016953436,0.0,0.0363287913569066,0.0971294989785818
0.346640427326399,0.463663199325274,0.147104301377565,0.0,0.0321197638459375,0.0104723081248242
0.268412513425196,0.50844359132561,0.154064121021,0.0,0.0678457987705948,0.0012339754575992
0.439692396265987,0.105892996668997,0.392914422009294,0.0,0.0224739893901385,0.0390261956655837
0.432623784210404,0.314515193017479,0.131316882936001,0.0,0.0602613802548805,0.0612827595812344
0.46893503460929,0.10958218663998,0.359519639729797,0.0,0.0328788257860061,0.0290843132349261
0.531992070521743,0.0911046438061495,0.329242059977224,0.0,0.0412923362436205,0.0063688894512632
0.454911035226456,0.31351096333573,0.158900970524802,0.0,0.0239036664270309,0.0487733644859813
0.474537808127915,0.0780521319120586,0.359239673550966,0.0,0.061958694203864,0.0262116922051965
0.457664637520753,0.290136060912543,0.207068297616549,0.0,0.0407610251321489,0.0043699788180066
0.458908057808704,0.0718697245439947,0.392905669699839,0.0,0.0631819491909251,0.0131345987565364
0.599203461103024,0.142002264273007,0.156861555879023,0.0,0.0656234837457544,0.0363092349991913
0.494290375203915,0.20186607249433,0.218756216925954,0.0,0.0355906577010305,0.0494966776747702
0.503844135696849,0.142677891086624,0.286724613875391,0.0,0.045650537266443,0.0211028220746925
0.555942212380048,0.178656543287989,0.20906886006538,0.0,0.0405989665717599,0.0157334176948223
0.455917589956788,0.339142722562412,0.146798009379672,0.0,0.0395871305986196,0.0185545475025087
0.215012502166217,0.521996385512341,0.146188696061199,0.0,0.0,0.116802416260243
0.525026483050847,0.0799031476997578,0.327481840193705,0.0,0.0429214588377723,0.0246670702179176
0.477481692432872,0.143307567127746,0.308482506102522,0.0,0.0707282343368592,0.0
0.559214009766046,0.120271409801345,0.257309826838978,0.0,0.0621261741807699,0.0010785794128605
0.491100020794344,0.158723227282179,0.292264504054897,0.0,0.0253275109170305,0.0325847369515491
0.492335516883919,0.188182359557996,0.219921039281854,0.0,0.0630582941838152,0.0365027900924149
0.510570639063117,0.111868941620247,0.314246238870126,0.0,0.0535549804816,0.0097591999649107
0.368255272528074,0.372637633525062,0.211266319729754,0.0,0.0440062083447457,0.0038345658723637
0.336858633907542,0.392578395603381,0.227797533829031,0.0,0.0398559091119013,0.0029095275481457
0.481683696019551,0.203676260302108,0.195278579413982,0.0,0.0579517978316823,0.0614096664326755
0.468376646719249,0.142627561269586,0.289082489268571,0.0,0.0416146835550104,0.0582986191875832
0.363680852265241,0.354458017278699,0.25714769711457,0.0,0.0080182198046264,0.0166952135368631
0.37660026161731,0.141788004203032,0.429073831835824,0.0,0.0486779748246949,0.0038599275191388
0.470594452900389,0.164658379841028,0.258794182310164,0.0,0.0847497040419414,0.0212032809064772
0.341373596022832,0.404897808874977,0.166152642238998,0.0,0.0,0.0875759528631927
0.413489853562772,0.178348925258919,0.369218133376069,0.0,0.0389430878022396,0.0
0.399917768793257,0.0716782018776125,0.427236803033418,0.0,0.0373009890586811,0.0638662372370314
0.223090043989586,0.517124517461173,0.201813448244905,0.0,0.0471316994344196,0.0108402908699165
0.178142340168878,0.528733413751508,0.22226779252111,0.0,0.0265862484921592,0.0442702050663449
0.40062152294854,0.0865568497913769,0.437934631432545,0.0,0.0571974965229485,0.0176894993045897
0.488082643599477,0.102018379073579,0.331611591677557,0.0,0.0447860269255502,0.0335013587238367
0.461324764175391,0.301482326111745,0.181258422307453,0.0,0.0395148750907017,0.0164196123147092
0.459734943246428,0.286972522587715,0.17545020365125,0.0,0.077842330514607,0.0
0.334452736318408,0.40271144278607,0.173258706467662,0.0,0.0333830845771144,0.0561940298507462
0.414122863989608,0.333990280172896,0.166446440169313,0.0,0.0448814136301538,0.0405590020380282
0.255315818893236,0.455002794857462,0.233583007266629,0.0,0.0312800447177194,0.0248183342649524
0.273803107351253,0.423405900686617,0.159515384435123,0.0,0.038267757129801,0.105007850397207
0.367532644797306,0.391965057554939,0.156899767960326,0.0,0.0304381455025251,0.0531643841849037
0.228774128161423,0.391716957663427,0.201133274980421,0.0,0.0423826415442023,0.135992997650527
0.247349132665526,0.434131443928659,0.178279990227217,0.0,0.0620083068653799,0.0782311263132176
0.356041713897075,0.33094536386307,0.180253910677851,0.0,0.0401722965313987,0.0925867150306053
0.501740294511379,0.2421171866955,0.180619915559675,0.0,0.0485222943054268,0.0270003089280197
0.430489138592842,0.323011601226599,0.162631612806382,0.0,0.0560547251946046,0.0278129221795724
0.157800224466891,0.54983164983165,0.144809203142536,0.0,0.010746352413019,0.136812570145903
0.520904463026189,0.0961503076891623,0.29403226136201,0.0,0.0369022550242266,0.0520107128984114
0.21362811947563,0.497463094336157,0.263884105884244,0.0,0.0079895309594324,0.017035149344537
0.292903577760604,0.495999454471064,0.172773560030913,0.0,0.0342774014638359,0.0040460062735827
0.427634987049213,0.377405857740586,0.168180912532377,0.0,0.0243474795776051,0.0024307631002191
0.473617187339536,0.163821964795531,0.303900425164828,0.0,0.0586604227001047,0.0
0.300732402326731,0.459105574264654,0.169347431881874,0.0,0.0257636059628382,0.0450509855639026
0.570859573758185,0.100512991616966,0.267047587271135,0.0,0.0612253409517454,0.0003545064019685
0.569589969651995,0.101765500742086,0.262920054050462,0.0,0.0517245198591143,0.0139999556963427
0.425762331372508,0.0699453324741732,0.459082500155896,0.0,0.0196844665239352,0.0255253694734872
0.545470891437248,0.205737803172574,0.182143285251928,0.0,0.0317057577815958,0.0349422623566548
0.182479271442164,0.427733224593358,0.267183181550451,0.0529427755878754,0.0228807031851751,0.0467808436409768
0.449906217118807,0.308156823276454,0.174024429296857,0.0,0.0369641795141589,0.0309483507937234
0.426845953225875,0.342083885587242,0.178011030826457,0.0,0.042755141305742,0.0103039890546838
0.460560810385688,0.322476458127975,0.163251609655838,0.0,0.0488244793523625,0.0048866424781359
0.521530516813727,0.194038954173952,0.231488634977433,0.0,0.0038832188020981,0.0490586752327898
0.421983600156189,0.0510152284263959,0.490648184303007,0.0,0.0363529871144084,0.0
0.36648674020183,0.383172964092936,0.155503402957052,0.0,0.0583431119455526,0.0364937808026284
0.467648147744844,0.125835747108914,0.360040943441427,0.0,0.0399634122438312,0.0065117494609839
0.480923674261776,0.263717175845509,0.177786860120568,0.0,0.0448554204557065,0.0327168693164401
0.548141288530229,0.139066014023019,0.226987696785289,0.0,0.0547691493583807,0.0310358513030824
0.374390678872904,0.0847501287995878,0.499603693575873,0.0,0.0351523798200768,0.0061031189315578
0.368149871782695,0.366155380378004,0.106942729603951,0.0,0.0739861335359483,0.0847658846994016
0.291293091048569,0.456753128446085,0.126648127726902,0.0,0.0425996068466222,0.0827060459318214
0.478381362233287,0.114751143455828,0.343645089336007,0.0,0.0524299844535069,0.0107924205213707
0.581359649122807,0.136228070175439,0.223070175438596,0.0,0.0376315789473684,0.0217105263157894
0.389921272429365,0.440354873516365,0.150041961395516,0.0,0.0124685289533629,0.007213363705391
0.392042815308492,0.0664243158638796,0.472745632636575,0.0,0.0540442290215086,0.0147430071695445
0.237867282931661,0.429443946611328,0.171838890723011,0.0506767910201386,0.0233221713908409,0.0868509173230203
0.465658387678646,0.0538563697992031,0.410691985966025,0.0,0.0557196376538682,0.0140736189022577
0.152716667085711,0.601161592034797,0.19442838106253,0.0,0.0096296482538405,0.0420637115631207
0.422695160331888,0.0998085260910711,0.414662059554988,0.0,0.0402095208750577,0.0226247331469947
0.572845403392301,0.110270007691374,0.257580051005951,0.0,0.0415738979071367,0.0177306400032384
0.344532817958819,0.0776035085111127,0.550137515795733,0.0,0.0146993235709507,0.0130268341633836
0.336256100587311,0.461101000909918,0.155906195715113,0.0,0.0180122425345355,0.0287244602531226
0.503102644979075,0.230296658214278,0.196445873791411,0.0,0.0276042633022038,0.0425505597130311
0.421941594317285,0.332596685082873,0.153546059307701,0.0553162701544706,0.0317059420453264,0.0048934490923441
0.20024763619991,0.500056280954525,0.27707113912652,0.0,0.0,0.0226249437190454
0.374325672292002,0.380188506402296,0.166133990187896,0.0,0.0163670785579056,0.0629847525599006
0.32477226994396,0.502737088084471,0.13979704437761,0.0,0.0283229114827877,0.0043706861111712
0.348246536509533,0.383635864843857,0.137785195007087,0.0,0.0667322024598783,0.0636002011796442
0.142541079374549,0.528301886792453,0.292688989981853,0.0,0.0204588957665249,0.0160091480846197
0.302273861934371,0.455430490627695,0.208006172559343,0.0,0.0,0.0342894748785912
0.360581776230403,0.332584825199316,0.27702354710451,0.0,0.0297274469005582,8.24045652129128e-05
0.438843725498287,0.345665002269632,0.191660132876656,0.0,0.0195394709693393,0.004291668386085
0.205413633985062,0.51900480471909,0.198063840920984,0.0,0.0264021692593121,0.0511155511155511
0.370875117853776,0.265492414502443,0.317540927402074,0.0,0.0231421959372589,0.0229493443044484
0.493728990379042,0.177419728758549,0.27033731308682,0.0,0.0480816042656775,0.0104323635099107
0.527356079963926,0.139961921939977,0.282228568565559,0.0,0.0402324765769828,0.0102209529535547
0.48240830505736,0.265511391177896,0.170928259815802,0.0,0.0297705606721602,0.0513814832767813
0.441192218454399,0.0915580938782795,0.416428698911298,0.0,0.0321702659289666,0.0186507228270569
0.579023048389113,0.217355061893052,0.166256824907265,0.0,0.0340932772058517,0.003271787604718
0.308183440889743,0.446862556638748,0.131287473110898,0.0,0.035676690008696,0.0779898393519154
0.481765176631988,0.0677756183072291,0.411569681033497,0.0,0.0388514157234861,3.81083037993979e-05
0.150158861721232,0.65821246028457,0.11675645807432,0.0,0.0116314408067412,0.0632407791131371
0.365508043677586,0.456009835792281,0.136971742935734,0.0,0.0369884137701091,0.0045219638242894
0.504042328042328,0.147809523809524,0.238666666666667,0.0,0.0642116402116402,0.0452698412698412
0.509110978073786,0.0684913567312729,0.382754620968345,0.0,0.0396430442265958,0.0
0.404866843461697,0.0492100250252119,0.521234079109551,0.0,0.0186381802562282,0.0060508721473125
0.443073708544501,0.10949586556415,0.392015648617409,0.0,0.026651551524851,0.0287632257490886
0.465237195867126,0.26414842795245,0.199466725919342,0.0,0.0344628374625041,0.0366848127985779
0.361967886858593,0.461349396619457,0.114108427181337,0.0,0.0230473235691117,0.039526965771501
0.192831005514611,0.583286089779931,0.161083337628202,0.0,0.0311807452455805,0.0316188218316755
0.247326687811509,0.484911644766652,0.153987313094699,0.0,0.0570004531037607,0.0567739012233801
0.475194437897714,0.203158142823474,0.295506324141724,0.0,0.0205632806976196,0.0055778144394689
0.502071543167434,0.0565222757003578,0.408014668288641,0.0,0.0222492551259674,0.0111422577176001
0.582654680063458,0.140687466948704,0.218191433104178,0.0,0.0382020095187731,0.0202644103648863
0.41578671610511,0.376370304691278,0.167580203127519,0.0,0.0255320006448492,0.0147307754312429
0.537995560442296,0.191523349169139,0.202622243428832,0.0,0.0659917432524946,0.0018671037072381
0.592817256104237,0.136669221504434,0.223562903755611,0.0,0.0376875068433154,0.0092631117924011
0.50301094519266,0.0804410627822761,0.374048907515156,0.0,0.0378199129267201,0.0046791715831875
0.545869212113121,0.110028258015709,0.27185546136217,0.0,0.0321963375831608,0.0400507309258394
0.342792630984759,0.404115564222302,0.134192025452866,0.0,0.0360753322727972,0.0828244470672756
0.312591374269006,0.43859649122807,0.146815606725146,0.0,0.0749725877192982,0.0270239400584795
0.389776616643376,0.399943293436215,0.156975919962736,0.0,0.0402616602871782,0.0130425096704943
0.401293559153382,0.339476357304256,0.197454341922511,0.0,0.0281929559070461,0.0335827857128049
0.284789156626506,0.430145582329317,0.187474899598394,0.0,0.0422439759036144,0.0553463855421686
0.53445244474213,0.116146182183523,0.283761721366376,0.0,0.0602185197588747,0.0054211319490957
0.267860997194043,0.373127563134038,0.233110295704727,0.0687891215195337,0.0235052881502266,0.0336067342974314
0.486728845937746,0.172558714462299,0.287875042139566,0.0,0.0442746375997303,0.0085627598606585
0.369221399241635,0.143381991787658,0.118666378514313,0.0,0.0294308336116623,0.339299396844732
0.255502932443376,0.441387941400211,0.223479178425069,0.0,0.0344776815292876,0.0451522662020563
0.32918146087683,0.0523097955076233,0.55699014563199,0.0,0.0412212580933032,0.0202973398902538
0.224828707467193,0.333584949483219,0.0752525839043084,0.262135640459877,0.0348681918476367,0.0693299268377656
0.281188744862472,0.398124143745389,0.267636210348825,0.0,0.0242807461270945,0.0287701549162187
0.428154113374388,0.173515711353229,0.35960445286594,0.0,0.0206655613453339,0.0180601610611084
0.147219290958486,0.364646714115719,0.246570421428411,0.22086261478704,0.0,0.0207009587103437
0.194382470119522,0.38191235059761,0.269163346613546,0.137470119521912,0.0,0.0170717131474103
0.295811711467991,0.147782887779445,0.121566119869162,0.408548732200388,0.006714050318487,0.0195764983645262
0.0878844458274985,0.583968673823972,0.0822052798091385,0.2311602095327,0.0,0.0147813910066905
0.162755470625248,0.42555521894153,0.113397497145254,0.28300435785696,0.0152874554310083,0.0
0.292719232013806,0.194347966778125,0.114507604357674,0.384748139359292,0.008542767770467,0.0051342897206342
0.203090117371411,0.285802701089719,0.107269954245043,0.387347759775425,0.0121571141221458,0.0043323533962556
0.237131692892597,0.226549794064843,0.335177949097053,0.190410814235928,0.0011828070545992,0.0095469426549794
0.255398426775325,0.471357287603774,0.0929117730372823,0.180332512583618,0.0,0.0
0.118319872321903,0.496953136335058,0.126420660637423,0.25475165642985,0.0008705324756976,0.0026841418000677
0.337760639817195,0.102072877137144,0.453543885420492,0.091749296119476,0.0121393887460725,0.0027339127596197
0.128582242889586,0.213972099059154,0.456645398507624,0.178912079593382,0.0070509354385206,0.0148372445117335
0.203643402026642,0.477057952863486,0.119230331321872,0.19045884094273,0.0,0.0096094728452692
0.082519601712444,0.658978305834817,0.0860551253066525,0.170546923853961,0.0,0.0019000432921256
0.089070027627463,0.620658949243099,0.126880836586981,0.139986757083819,0.0159371646459803,0.0074662648126584
0.0822325276372493,0.584106239460371,0.0936387483605021,0.229623383923552,4.68427955780401e-05,0.0103522578227468
0.318422282456304,0.453855500514067,0.0918029722403963,0.122590896345453,0.0133283484437797,0.0
0.372593871385412,0.303754855416487,0.19492878722486,0.11404833836858,0.0139835994820889,0.0006905481225722
0.105700631893643,0.454714288949788,0.112585781260617,0.30804248861912,0.0021969062124883,0.0167599030643444
0.0729103995365109,0.459500412237895,0.341711790003788,0.112930900015598,0.012946498206208,0.0
0.132526163681744,0.525244121381968,0.101239217060034,0.234860095459123,8.75771773875728e-05,0.0060428252397425
0.304155839080909,0.507747015494031,0.0922217229049842,0.0886071002911236,0.0072683222289521,0.0
0.126732815991159,0.457175119525262,0.200369987747159,0.207937918939048,0.0015376114167647,0.0062465463806068
0.158589726660504,0.375588714292002,0.346934284079405,0.101038778115234,0.0,0.0178484968528544
0.215855292541313,0.358798570790531,0.341223760607414,0.0838320678874497,0.0,0.0002903081732916
0.247275173805786,0.436712267324512,0.18376317559991,0.124018838304553,0.0,0.0082305449652388
0.224935515243773,0.286566028161867,0.358048966129646,0.128779229565732,0.0,0.0016702608989809
0.113392028608288,0.463798293461286,0.107009483285427,0.294683475544893,0.0211167191001063,0.0
0.0578509880339798,0.580702128307402,0.0995950430837621,0.219163900983467,0.0070334622293943,0.0356544773619949
0.0693214094884558,0.518996597204646,0.242892094828313,0.138614696701257,0.0016873365392727,0.028487865238055
0.0510507236501403,0.654855678813813,0.070320804600834,0.180053967129112,0.0025348197007277,0.0411840061053721
0.114108478640498,0.530221283915865,0.124508040764198,0.204498657700628,0.0005734094404045,0.0260901295384054
0.070789283128168,0.603446777697321,0.104735698769008,0.169384503982621,0.0012454742939898,0.0503982621288921
0.0964866799990124,0.536602226995531,0.192306742710417,0.15023578500358,0.0,0.0243685652914598
0.0764412481150678,0.6279317944554,0.0801299153230483,0.201948729845726,0.0117387774040134,0.0018095348567451
0.212759331129318,0.19174931723444,0.316731349719707,0.261942408126108,0.0,0.0168175937904269
0.132705977021771,0.53368501050561,0.113639411685815,0.198444275559927,0.0121820376413786,0.0093432875854977
0.124232341052726,0.556510864467719,0.128877375555506,0.177806561111235,0.0096697112485763,0.0029031465642377
0.132143858816422,0.201678496688313,0.454984789972169,0.178421177536623,0.0146706651420681,0.0181010118444046
0.141602044980989,0.525422636564776,0.0734431722982407,0.259532146155994,0.0,0.0
0.107669549385526,0.484592626308603,0.110969503868912,0.25933090578061,0.009239872553482,0.0281975421028675
0.200028143249138,0.453833345059687,0.171603461619644,0.16320739229344,0.0113276577780904,0.0
0.14937376147142,0.359274294399446,0.364295746195433,0.115685784096812,0.0104854070069453,0.000885006829944
0.120604445364453,0.477372111677491,0.173648666131912,0.209589360105571,0.0094185835899293,0.009366833130644
0.222149425027675,0.187447755461672,0.227865259923638,0.33334839482186,0.0221403881345593,0.0070487766305944
0.107712574850299,0.583161676646707,0.101820359281437,0.18874251497006,0.0033053892215568,0.0152574850299401
0.0439627641503023,0.328735475980159,0.0745396480260922,0.456818645104301,0.0,0.0959434667391452
0.156388238355451,0.474022031399081,0.100398993841617,0.259454419290485,0.0,0.0097363171133662
0.200853000972333,0.223282948819942,0.401330327941306,0.150534782993017,0.0239989392734022,0.0
0.105034632482167,0.106533650367001,0.619714669699163,0.105551535201075,0.0631655122505944,0.0
0.131943921952198,0.555563915431495,0.102475359265668,0.186316555062323,0.0,0.0237002482883154
0.10471279186363,0.589815212720241,0.0964045265721243,0.181826863391109,0.0,0.0272406054528959
0.267923216877568,0.248073266962406,0.120305824151113,0.351595559825827,0.0052742400392501,0.0068278921438354
0.104903786468032,0.591235257603973,0.118833022967101,0.168615766604593,0.014177529484792,0.0022346368715083
0.240850408622527,0.420644320739074,0.144557621698448,0.184906628765447,0.0090410201745035,0.0
0.302644097798429,0.13627613674079,0.384157539550835,0.156787255227348,0.0087841575395508,0.0113508131430467
0.077518315018315,0.611034798534799,0.0838598901098901,0.199587912087912,0.0156364468864468,0.0123626373626373
0.164187767539723,0.488766354688142,0.0416213209509298,0.108829717768265,0.15913323175893,0.0374616072940095
0.539296542073908,0.186041088048848,0.0933915661373417,0.0,0.180804375940806,0.0004664277990968
0.505112976690185,0.263530409931231,0.0319505224613735,0.0,0.195007591319103,0.0043984995981066
0.551592697902501,0.277764041702724,0.0872584167799892,0.0,0.0833848436147855,0.0
0.328295566900058,0.410581327306846,0.0419499989911015,0.0415666175669404,0.177606489235053,0.0
0.450504145193816,0.356285010082904,0.0304727761595339,0.0,0.162738068563746,0.0
0.64083556552254,0.122303203970182,0.080566456944704,0.0,0.155796424344359,0.0004983492182146
0.227484616818945,0.410078314376282,0.142690658213686,0.0,0.216343464478836,0.0034029461122506
0.539581496376266,0.184606120561733,0.06881868427278,0.0,0.205509795909589,0.0014839028796318
0.234526379197831,0.520807188394157,0.0253501330254505,0.0,0.217709954319562,0.0016063450629988
0.577435632035192,0.12153361797559,0.0852417302798982,0.0,0.21578901970932,0.0
0.57298826389863,0.214031888530416,0.0641511198391546,0.0,0.134754757563006,0.0140739701687941
0.351178284211207,0.289062331558181,0.0408356870270153,0.201785213772881,0.110907483667881,0.0062309997628339
0.166554560976872,0.589098152843173,0.0133233300563977,0.0,0.226703575309153,0.0043203808144047
0.15199151316424,0.565869418458868,0.0240862185360208,0.0,0.225889671135114,0.0321631787057575
0.147555040556199,0.555110081112399,0.0292699884125144,0.0,0.236917728852839,0.0311471610660486
0.41023903792001,0.434164002456014,0.0285194046283161,0.0,0.12432512544727,0.0027524295483898
0.51789239363266,0.238208240581293,0.037212818682011,0.0,0.204880507371162,0.0018060397328741
0.494437526791729,0.26712119047133,0.0755679846496152,0.0,0.156035028271653,0.0068382698156729
0.313200310291329,0.496358386485089,0.0275599034649198,0.0,0.162881399758662,0.0
0.437174688254446,0.158718908502957,0.316751201577001,0.0,0.0749075284059447,0.0124476732596513
0.541658332777741,0.380803164655421,0.0454030268684578,0.0,0.0321354756983798,0.0
0.660132954278263,0.11925272000513,0.0771006562212769,0.0,0.14351366949533,0.0
0.466463039645771,0.3388134967816,0.0767496207617563,0.0,0.11272600549383,0.0052478373170431
0.44223680661692,0.410725523689652,0.0440978153375887,0.0,0.100107884563517,0.0028319697923222
0.122742709287909,0.451134709719153,0.35407794728047,0.0,0.0657107433561533,0.006333890356315
0.179716665071312,0.667512204460611,0.0492007274815736,0.0,0.0667177180051689,0.0368526849813343
0.498551360842845,0.258669885864794,0.0570017559262511,0.0,0.172848990342406,0.012928007023705
0.570132069082289,0.161982165029913,0.0772321932498024,0.0,0.190653572637995,0.0
0.453791718242754,0.302753579185837,0.0295443398650068,0.0,0.209356096877408,0.0045542658289931
0.562538672323875,0.188411561919915,0.119110757535579,0.0,0.116304251745779,0.0136347564748519
0.196954578977051,0.665827946726823,0.0369832111405145,0.0,0.100234263155611,0.0
0.377716930383581,0.485134120041678,0.0303617727592139,0.0,0.100438585863481,0.0063485909520463
0.302713724700433,0.487841103614943,0.0318447286275299,0.0,0.17103010774343,0.0065703353136642
0.188528389339513,0.6162224797219,0.124194669756663,0.0,0.0545538818076477,0.0165005793742757
0.239215400674872,0.528172262277571,0.089893914014517,0.0,0.138542956327531,0.0041754667055082
0.137417713943746,0.731523040095751,0.0552563335328146,0.0,0.0690454817474566,0.0067574306802313
0.367972985827071,0.428921335489394,0.0325787120707695,0.0,0.170384286121944,0.0001426804908208
0.208200716132882,0.620797692460712,0.0485130296399443,0.0,0.114531529739407,0.0079570320270539
0.304355017840686,0.503249131595737,0.0592169002103074,0.0,0.132942649873579,0.0002363004796899
0.138883116883117,0.463090909090909,0.23225974025974,0.0,0.156883116883117,0.0088831168831168
0.31176994528566,0.446367222292913,0.0590660389362514,0.0,0.182796793485176,0.0
0.274195038573474,0.561394188571165,0.0216658197440753,0.0,0.142721855222433,2.30978888529588e-05
0.166101795695089,0.59466048281603,0.0296111309311452,0.0,0.207545486978238,0.0020811035794981
0.459369590962922,0.370114785460508,0.0324769973581124,0.0,0.13605721053111,0.0019814156873462
0.37875541270479,0.410874514530601,0.0238382215079683,0.0,0.169858488460337,0.0166733627963037
0.116117368933389,0.571061048532888,0.0240810272099383,0.0983868724794882,0.186413572521207,0.003940110323089
0.210672178120156,0.49896660247076,0.111372070083142,0.0,0.178989149325943,0.0
0.225927581582476,0.50493965131873,0.0634778721502011,0.0,0.205654894948592,0.0
0.536949228360546,0.147260120778349,0.0938268843659136,0.0,0.221963766495191,0.0
0.245318097311023,0.511880469777355,0.0333061261506371,0.0,0.209495306760985,0.0
0.324351575740673,0.448565850728338,0.029154956771716,0.0,0.197927616759273,0.0
0.243402545210985,0.498325519089082,0.0270596115204286,0.0,0.2249386023666,0.0062737218129046
0.383962407154767,0.40462114814093,0.0385889690118885,0.0,0.163169406007059,0.0096580696853548
0.0833657877253671,0.770177086435591,0.0224049849946163,0.0,0.112597649538384,0.0114544913060411
0.452397058502629,0.169267025989046,0.0255526218168328,0.0,0.334933554454797,0.0178497392366945
0.530747762486767,0.179193532864979,0.0902704263304783,0.0,0.178062746607641,0.0217255317101337
0.52144585757685,0.188738993872612,0.0864013181607538,0.0,0.19932032336131,0.0040935070284743
0.587785755186539,0.173126899528697,0.0791305113861604,0.0,0.159163987138264,0.00079284676034
0.115494380603612,0.476449046596793,0.301654249273898,0.0,0.101224902134108,0.0051774213915898
0.267778612034753,0.449801566019522,0.0369248096106403,0.0,0.245387750724016,0.0001072616110693
0.157122815967351,0.509552353016197,0.0299196531054712,0.0,0.0800918250223185,0.223313352888662
0.559381745611534,0.185700321752943,0.0552274671119618,0.0,0.190180426017187,0.0095100395063739
0.364598759255553,0.21921152691615,0.234440664398639,0.0771062637582549,0.104642785671403,0.0
0.258584294962004,0.612979641617412,0.0789942771366919,0.0,0.0394267754948869,0.0100150107890045
0.326309570697125,0.571966215920529,0.0565839569384272,0.0,0.0400638921710209,0.0050763642728983
0.433391866544279,0.425350201540488,0.0783413816498383,0.0,0.0625773237019595,0.0003392265634353
0.604657626714844,0.128551291468959,0.0906311421707796,0.0,0.17274514086045,0.0034147987849669
0.28647828117702,0.418776272769734,0.0396777206912657,0.0797290985520784,0.153783278841663,0.0215553479682391
0.482410409182511,0.154670113029002,0.18605975641812,0.0,0.175720669412074,0.0011390519582931
0.520666882187226,0.219761695838914,0.060915346603242,0.0,0.183992980187503,0.0146630951831155
0.469039655996178,0.305088389870998,0.0300525561395126,0.0,0.189823220258003,0.0059961777353081
0.436970848284434,0.421726588334623,0.0325992635849808,0.0,0.105302657191773,0.0034006426041886
0.391400255754476,0.46863810741688,0.0479219948849104,0.0,0.0856457800511509,0.0063938618925831
0.207531567062116,0.487325466747241,0.257561782386056,0.0,0.0412836741833911,0.0062975096211952
0.292514413684662,0.444846809929957,0.120288750178682,0.0,0.136560728069757,0.0057892981369419
0.42971472247825,0.35770968684666,0.0556392329654025,0.0,0.151990648112762,0.0049457095969246
0.442918691767303,0.375787932168856,0.0829424623808816,0.0,0.094806545408239,0.0035443682747203
0.275170325510976,0.433636134241736,0.09815796114055,0.0,0.18632349230381,0.006712086802927
0.527345974562865,0.196114825673367,0.101854000126553,0.0,0.174685199637215,0.0
0.574485202983322,0.211028724260149,0.0693861575594163,0.0,0.145099915197112,0.0
0.556912661335023,0.229709399002296,0.0517855728877979,0.0,0.161592366774883,0.0
0.577016016936467,0.188952804567714,0.0373158266150589,0.0,0.19671535188076,0.0
0.433386321105902,0.386643056924965,0.0551944785399521,0.0,0.123307241885828,0.0014689015433527
0.598530631591421,0.187984358336296,0.0229174072757435,0.0,0.186894181775092,0.003673421021448
0.18925371826605,0.380435020699625,0.261494315817142,0.0,0.168816945217182,0.0
0.514155061317813,0.280274371232592,0.0256079817085844,0.0,0.17996258574101,0.0
0.422738923471256,0.426136132470808,0.0227633345538874,0.0,0.127995443264575,0.0003661662394727
0.337528528062751,0.482484323414061,0.035696084731116,0.0,0.140945248277237,0.0033458155148345
0.578560971408887,0.191418360316914,0.0643300034447123,0.0,0.165690664829487,0.0
0.295272817665824,0.264759497866346,0.0243609396362431,0.299602270373286,0.1160044744583,0.0
0.166858587911219,0.462801147011673,0.0244530244530244,0.141908826119352,0.198311093047935,0.0056673214567951
0.453914128706294,0.367881801163469,0.051812637130377,0.0,0.11564242436442,0.0107490086354395
0.432614525387292,0.253850756853793,0.137253163715343,0.0,0.153365395270495,0.0229161587730768
0.170295999819099,0.391199149763698,0.37862650656898,0.0,0.0559663523505868,0.0039119914976369
0.450522806485831,0.343948217262356,0.0274933431472301,0.0,0.178035633104583,0.0
0.460974209597517,0.263878553356154,0.125231220632322,0.0,0.146599196308974,0.0033168201050326
0.199325996276483,0.433318407842952,0.20653736478684,0.0613673320293168,0.0948554191313364,0.0045954799330709
0.427076253907843,0.393172682964718,0.042059069108138,0.0483504534068622,0.0810501174780092,0.0082914231344297
0.272165093345201,0.430535710102832,0.0969525192663559,0.0700850296315382,0.124967791806236,0.0052938558478367
0.255384683079225,0.423844410709964,0.0545618551030735,0.142718852440983,0.118672034849185,0.0048181638175697
0.493691919502739,0.336102734527253,0.0402691447678831,0.0,0.127577081666564,0.0023591195355611
0.327584716459198,0.154888485477178,0.359936894882434,0.0,0.152684128630705,0.004905774550484
0.519209514125293,0.143706618329723,0.0182589858083911,0.0,0.318471196781467,0.0003536849551262
0.57339203042328,0.140811011904762,0.134176587301587,0.0,0.14463458994709,0.0069857804232804
0.588225223104415,0.197294925845871,0.0650801463821773,0.0,0.146553384552828,0.0028463201147088
0.189751406122537,0.148125885535185,0.29277403288824,0.237666909965223,0.108496844274612,0.0231849212142029
0.50664714092854,0.236848728920211,0.0313250806580783,0.0,0.219344209779649,0.0058348397135208
0.431095206704963,0.163348714568227,0.309558338826631,0.0,0.0833035125718052,0.0126942273283736
0.53409574791654,0.182614514264858,0.123142121378024,0.0,0.147352839791553,0.0127947766490256
0.605120554617055,0.290011188872556,0.0530484192975143,0.0,0.0513810578969307,0.000438779315943
0.48565084419121,0.076438057731786,0.357995726674766,0.0,0.0745946625329925,0.0053207088692446
0.62158694519065,0.141854777274367,0.0938815604827392,0.0,0.141734493404434,0.0009422236478088
0.413479853479853,0.444207221350078,0.0514076399790685,0.0,0.0898796441653584,0.001025641025641
0.48765625,0.323549107142857,0.0731026785714285,0.0,0.111808035714286,0.0038839285714285
0.186158543480719,0.493701232613367,0.142508198575144,0.0,0.170145878095669,0.0074861472351012
0.605439321763583,0.131869976706608,0.0914947642331018,0.0,0.169496149245588,0.0016997880511195
0.490150444684565,0.32434959687474,0.0518036738425733,0.0,0.127524727786551,0.0061715568115701
0.546008902981889,0.0939488180173587,0.23812427587048,0.0,0.115779417444153,0.006138585686119
0.508994753945161,0.365418516237283,0.0444746511479727,0.0,0.0790306480045876,0.0020814306649958
0.371380983714427,0.460910511597302,0.0267519328836979,0.0,0.138242309590393,0.0027142622141799
0.6073024866226,0.0996957297240583,0.0694785436995068,0.0,0.223523239953835,0.0
0.546919524417805,0.324039500835217,0.0673086371229242,0.0,0.0523975631325537,0.0093347744915004
0.237309877221917,0.500068719076416,0.11602070734836,0.0,0.129947773501924,0.0166529228513835
0.388463688351894,0.152298232790128,0.023240314743948,0.0,0.43599776411403,0.0
0.28416927500827,0.581901926355701,0.0881492225869659,0.0,0.0334631142326386,0.0123164618164236
0.358746233164552,0.38412496668785,0.034603636661815,0.0669522970008815,0.15292839425186,0.0026444722330415
0.413206221776217,0.314942298043151,0.0315905669844455,0.0983442047165077,0.130536879076769,0.0113798294029101
0.411487294995425,0.170643579456137,0.287745477581474,0.0,0.127800849346566,0.0023227986203983
0.460029198371969,0.362037692443815,0.062068660414086,0.0,0.104472659706247,0.0113917890638825
0.553192492690748,0.211732528529661,0.0941478826747147,0.0,0.140927096104876,0.0
0.438382814874861,0.394366197183098,0.0265883068193332,0.0,0.140662681122707,0.0
0.258789727045896,0.521284371298233,0.0478614814628122,0.0,0.15033898732263,0.0217254328704287
0.324546609680028,0.428716645489199,0.0418158715490354,0.0,0.164052212082708,0.0408686611990296
0.341142223454394,0.457744201090472,0.0435726827465114,0.0,0.139104518990851,0.018436373717771
0.236748120300752,0.515037593984962,0.0532424812030075,0.0,0.19109492481203,0.0038768796992481
0.481116965226554,0.343582718651212,0.0282191780821917,0.0,0.147081138040042,0.0
0.450623342452022,0.375968425668762,0.0281913671768956,0.0,0.145154217219705,6.26474826153236e-05
0.454341088655114,0.420598891265442,0.0263433585053908,0.0,0.0950063293901959,0.0037103321838578
0.557365105215789,0.270218145973514,0.0592722753182188,0.0,0.108108687266961,0.0050357862255175
0.323776959495003,0.557338243029984,0.039343328072944,0.0,0.0711248465719796,0.0084166228300894
0.251513176273396,0.427344259242015,0.0170872520718875,0.0,0.296186795791042,0.0078685166216593
0.361532227307399,0.446605644546148,0.0488176964149504,0.0,0.137728832951945,0.0053155987795575
0.502426863169042,0.260799541102237,0.0284384238626836,0.0,0.204209504478666,0.0041256673873714
0.600595732609268,0.187716560961277,0.046685984073271,0.0,0.165001722356183,0.0
0.380318593920282,0.379367913372133,0.08885385025622,0.0,0.151459642451365,0.0
0.282212460870443,0.505074219933354,0.0433454508734726,0.0,0.160077754215894,0.0092901141068363
0.543820040228234,0.242457206190222,0.0818316161077131,0.0,0.128997167603957,0.0028939698698739
0.371215817722808,0.434053927912256,0.0411566285508199,0.0,0.148269936567877,0.0053036892462396
0.564062083073913,0.167726585430935,0.136996353286489,0.0,0.131214978208663,0.0
0.210958839596873,0.488626730714891,0.0418903645097485,0.0,0.240628237731939,0.0178958274465479
0.327981424760399,0.415546882719099,0.029888350953463,0.0,0.213467048710602,0.0131162928564371
0.187415801569063,0.533085030509549,0.0264680244076392,0.0,0.230789550149246,0.0222415933645032
0.627272160707979,0.0994661071525022,0.136713962232794,0.0,0.134324947545547,0.0022228223611774
0.443740640304367,0.314910754037317,0.0319949811794228,0.0,0.209211964220666,0.0001416602582264
0.591832447534819,0.150074575131819,0.0745541247400373,0.0,0.183538852593324,0.0
0.333122143277368,0.410281938724714,0.0141874462596732,0.0,0.23573335746934,0.0066751142689052
0.242154847946059,0.605514120119149,0.104440390698963,0.0,0.0359064354492345,0.0119842057865933
0.572799341535263,0.211986657425056,0.0538251602841795,0.0,0.161323860682724,6.49800727776815e-05
0.202640604335254,0.203649324157719,0.0363139136087512,0.416556454686064,0.10461545358768,0.036224249624532
0.434340430593553,0.458863645374886,0.0612584750802902,0.0,0.0401847666627017,0.005352682288569
0.307605536031932,0.570588745715649,0.0335806325654041,0.0,0.0836695735172892,0.0045555121697253
0.253863736448089,0.652190324407071,0.0404722461048084,0.0,0.0430515654161511,0.0104221276238807
0.557112808590723,0.241625152219639,0.104328573010074,0.0,0.0927266688807705,0.0042067972987933
0.154236766516208,0.605842224045958,0.0267490767336889,0.0,0.188525851456709,0.0246460812474353
0.573430808495912,0.12534065838993,0.144028204351776,0.0,0.145347579703249,0.0118527490591339
0.123769303813284,0.795542006097256,0.0167674546454095,0.0,0.0514018691588785,0.0125193662851716
0.643283034444801,0.109273953125717,0.113195431821309,0.0,0.13415585011237,9.17304958033298e-05
0.598370248363747,0.124420267868753,0.0979151315504312,0.0,0.173291144727147,0.0060032074899224
0.411076056114451,0.232652737266107,0.0223227573069825,0.0,0.320019048752902,0.0139294005595571
0.590789677020553,0.171247543987461,0.08342715853147,0.0,0.151621520188975,0.0029141002715411
0.521979997039731,0.205886706277885,0.0710464550779185,0.0,0.174803882181295,0.0262829594231704
0.406055932980453,0.0803567707247947,0.391822614929354,0.0,0.119076397282541,0.0026882840828575
0.478564284920547,0.121435715079453,0.257584176019558,0.0,0.139282142460273,0.0031336815201689
0.32317941750126,0.570598934934584,0.0257719532773772,0.0,0.0739847910411781,0.0064649032456005
0.360994419076611,0.489538305428716,0.03480466768138,0.0,0.111496702181634,0.003165905631659
0.419062153743232,0.387535801643217,0.0401396525411326,0.0,0.153262392072419,0.0
0.52244914664593,0.159927147710064,0.183563213686408,0.0,0.134060491957598,0.0
0.405860361330228,0.471804106559142,0.0237037327017557,0.0,0.0902151147996633,0.0084166846092113
0.568199974771896,0.167388470756423,0.0724887524702518,0.0,0.190240928394231,0.0016818736071984
0.609660720271126,0.152173103422591,0.0984507094707832,0.0,0.128021302744777,0.0116941640907228
0.437778437778438,0.361746361746362,0.0351733208876066,0.0,0.165301879587594,0.0
0.29645816072908,0.501574150787075,0.0289768019884009,0.0,0.164084507042253,0.0089063794531897
0.654380552046881,0.1340359886526,0.0967220922286873,0.0,0.104093761000559,0.0107676060712732
0.354782335939775,0.492729594694509,0.046109380951314,0.0,0.100643021979253,0.0057356664351488
0.452419488711819,0.154278718459495,0.0665670650730411,0.0,0.122738213811421,0.203996513944223
0.605883849752393,0.132650864178199,0.0953434203057409,0.0,0.157313707451702,0.0088081583119653
0.637825687135997,0.102850720343312,0.0846224583631347,0.0,0.112618780014305,0.0620823541432512
0.560155938094455,0.171015241539654,0.0657335431295648,0.0,0.193184753763416,0.0099105234729104
0.299548532731377,0.538284424379232,0.0328668171557562,0.0,0.129300225733634,0.0
0.48870573243171,0.277824594577929,0.0791523647051569,0.0,0.153248514993937,0.0010687932912667
0.522925388831584,0.408207430778877,0.0336751410715369,0.0,0.0351920393180025,0.0
0.505698932504398,0.152509699028892,0.0937853924190944,0.0,0.240632304392877,0.0073736716547386
0.495354251660721,0.260674541299101,0.0561761753209304,0.0,0.187795031719247,0.0
0.554388514554983,0.1529924692826,0.168208041573083,0.0,0.120557537323292,0.0038534372660413
0.514424951267057,0.204071908165475,0.0413255360623781,0.0,0.132748538011696,0.107429066493394
0.540955521767994,0.218879157119301,0.0685697153992761,0.0,0.161081011628156,0.0105145940852731
0.159945682485026,0.567957515943646,0.087489997332622,0.0,0.184606804238706,0.0
0.378184021815978,0.432723967276033,0.0398545601454398,0.0,0.149156650843349,8.07999192000808e-05
0.491674828599412,0.262487757100881,0.0371531178583088,0.0,0.200217651539885,0.0084666449015126
0.544391958694936,0.077183346149621,0.256860375700318,0.0,0.116115566296825,0.0054487531582994
0.466570247933884,0.324648760330578,0.0553512396694214,0.0,0.146735537190083,0.006694214876033
0.623578938370801,0.109688862295923,0.102252329258911,0.0,0.111654842294213,0.0528250277801521
0.548567080902866,0.235139195068183,0.0501765543611853,0.0,0.156772469224917,0.009344700442849
0.154765065038492,0.645510051403335,0.0718198711296667,0.0,0.119723918237324,0.0081810941911817
0.573654206014187,0.150702815614257,0.0717611732451368,0.0,0.201618869402498,0.0022629357239218
0.348787872546394,0.396263722683364,0.0499680748079339,0.0723157092541863,0.121027373277584,0.0116372474305369
0.551272183023306,0.17421423989737,0.061171691255078,0.0,0.174791533033996,0.0385503527902501
0.479118637151892,0.308354585331021,0.0226665306538814,0.0,0.189860246863205,0.0
0.341635713146321,0.369140669507554,0.0438666453979901,0.0,0.232527402410956,0.0128295695371784
0.438918396909705,0.297417856568025,0.023683060863167,0.0,0.236140810742452,0.0038398749166494
0.284452670544685,0.557694341618191,0.0604706504494976,0.0,0.0889212057112638,0.0084611316763617
0.607583956379859,0.118922714692883,0.160498161840638,0.0,0.0981040109050353,0.0148911561815853
0.170061072399042,0.735101832171971,0.0576824773332615,0.0,0.0276036482014582,0.0095509698942667
0.154237692532011,0.729169428169985,0.0524906550727711,0.0,0.0416478884441027,0.0224543357811298
0.449826296098343,0.354712275075717,0.0250311776233743,0.0,0.170430251202565,0.0
0.402924872684664,0.409121636847086,0.0387579431249718,0.0,0.131258731804047,0.0179368155392311
0.519597040768141,0.139068156776326,0.170647725484023,0.0,0.160927908074925,0.0097591688965842
0.401216615234332,0.501498568034989,0.0463779055569122,0.0,0.0496858557378505,0.0012210554359167
0.369417237479461,0.497450013870217,0.0945735441606384,0.0,0.033544587414378,0.0050146170753046
0.550434316353887,0.159914209115282,0.139667560321716,0.0,0.149962466487936,2.14477211796247e-05
0.505970952124798,0.293986013986014,0.0268961807423345,0.0,0.164970414201183,0.0081764389456697
0.595237589931875,0.20178696491861,0.0914705320571319,0.0,0.109234066936904,0.0022708461554786
0.55192276488723,0.107861431121207,0.228338471523609,0.0,0.11185705013792,2.02823300340743e-05
0.49279637210049,0.429709446986114,0.025383257083233,0.0,0.0478770366803114,0.0042338871498515
0.442328331825165,0.476146383551842,0.0332709021654496,0.0,0.0455186346514025,0.0027357478061407
0.216414584917036,0.368974285040237,0.0199480982463498,0.0,0.289706152192718,0.104956879603659
0.523669597908519,0.203206360866841,0.0947432102499837,0.0,0.178186375126936,0.0001944558477194
0.465100956429331,0.361700318809777,0.0337300743889479,0.0,0.139468650371945,0.0
0.545225539127978,0.168306808550711,0.0689565872492701,0.0,0.217511065072041,0.0
0.251750937598843,0.60645700600967,0.020062355971262,0.0,0.121729700420225,0.0
0.404205656169894,0.222266219285997,0.245962111581185,0.0,0.127003313673593,0.0005626992893316
0.552058475760507,0.238869181984306,0.055852950661077,0.0,0.148038267225626,0.0051811243684832
0.500435420295169,0.423824365203043,0.0223668530571088,0.0,0.0533733614446787,0.0
0.628008474576271,0.134512711864407,0.120656779661017,0.0,0.116822033898305,0.0
0.566811884839684,0.137749809833345,0.114146094092156,0.0,0.181292211234815,0.0
0.488680615140915,0.198336743449277,0.0391173299892196,0.0,0.268959144610917,0.0049061668096715
0.589472187233351,0.188147576287026,0.081813010442485,0.0,0.140567226037138,0.0
0.591750893312915,0.222725880551302,0.0543542623787646,0.0,0.13114854517611,2.04185809086268e-05
0.517553158321382,0.284799733948577,0.0834528486208975,0.0,0.113362848413045,0.0008314106960986
0.193385114174422,0.444802089893406,0.0413080493550719,0.0,0.315466610687379,0.0050381358897208
0.466250153129977,0.36632773898485,0.048777001919229,0.0,0.118645105965944,0.0
0.432195656141632,0.180101802843179,0.213502058364259,0.0,0.17420048265093,0.0
0.603466044124761,0.196332050392243,0.0780070246282625,0.0,0.119986539634467,0.0022083412202662
0.251134380453752,0.606457242582897,0.0741710296684118,0.0,0.0571428571428571,0.0110944901520817
0.542069028197496,0.125423189657131,0.0982481652314194,0.0,0.160437163436414,0.0738224534775397
0.502588656623457,0.20627505936393,0.027871851765347,0.0,0.259683132858422,0.0035812993888434
0.181790492256508,0.522363580984513,0.251985661066985,0.0,0.0362924954897964,0.0075677702021976
0.599243973477102,0.118795315114334,0.118898597426205,0.0,0.146103158373097,0.0169589556092623
0.190488708328355,0.56730792209344,0.0218186163221412,0.0,0.219404946827578,0.000979806428486
0.428533251104944,0.453941823414534,0.0382567581457498,0.0,0.0671189228080995,0.0121492445266728
0.323859794533993,0.457347263724998,0.0626213274587214,0.0,0.146661722686326,0.0095098915959604
0.549676976240046,0.189264020948252,0.0754222918589427,0.0,0.184778176042583,0.0008585349101757
0.327451215132288,0.432802585897282,0.0205674607925296,0.0,0.2191787381779,0.0
0.401164746446893,0.491253889496258,0.0228744428559414,0.0,0.0832772685224119,0.0014296526784963
0.265104178248204,0.635965399924396,0.0197905316759689,0.0,0.0783171377109692,0.0008227524404616
0.464116870394821,0.384620298990587,0.0298138762298223,0.0,0.121448954384769,0.0
0.469529774331445,0.147529575504523,0.0859595055837227,0.0,0.244490837392716,0.0524903071875932
0.469525297909748,0.147522302533047,0.0859542879468646,0.0,0.244481344012502,0.0525167675978381
0.19155484148356,0.671154760019008,0.0901541037767871,0.0,0.0446018420040279,0.0025344527166165
0.234383524277141,0.563784324422622,0.113406983087834,0.0,0.0797417712311329,0.0086833969812693
0.172165478727313,0.579004090430353,0.039973546917481,0.0,0.200382100080829,0.0084747838440247
0.458598457713539,0.394273313387552,0.0278327925498293,0.0,0.119295436349079,0.0
0.60051540947593,0.172324201009696,0.101814494835343,0.0,0.115439048604803,0.0099068460742274
0.534514283000499,0.350604326455014,0.0558022463372355,0.0,0.0460665352741433,0.0130126089331085
0.53257147658761,0.266222717055648,0.0324139234922168,0.0,0.165619813877277,0.0031720689872487
0.426535794141054,0.148936976541479,0.345378406033274,0.0,0.0731799749876833,0.0059688482965096
0.162435083669936,0.533572889891413,0.0705292975921943,0.0,0.221659759744007,0.0118029691024497
0.249111260568793,0.481120292083013,0.0885136433512682,0.0,0.170806110684089,0.0104486933128362
0.297540656490073,0.418238052479298,0.091140377132595,0.0,0.186121919584955,0.0069589943130799
0.547097824822612,0.24573688495987,0.0269396301035244,0.0,0.180225660113993,0.0
0.0713700939080183,0.795473151938358,0.0310859619552131,0.0,0.102070792198411,0.0
0.45724949106537,0.38375933046822,0.0410540601673829,0.0,0.115041845736259,0.0028952725627686
0.200731701077084,0.441553457671349,0.222503645713408,0.0,0.127408089646174,0.0078031058919845
0.287996891215398,0.499554255148925,0.0379911765378197,0.0,0.174457677097858,0.0
0.347256830601093,0.505726775956284,0.0561530054644808,0.0,0.0810054644808743,0.0098579234972677
0.353444244003474,0.35867798044587,0.199483307721432,0.0,0.0856551079040555,0.0027393599251687
0.192316461468308,0.590230278157775,0.0365652074783401,0.0,0.173991108071135,0.0068969448244414
0.359556377079482,0.420505237215034,0.0330006161429451,0.0,0.176364756623537,0.0105730129390018
0.367953417157704,0.445900802672482,0.0404584048624321,0.0,0.140583677446295,0.0051036978610866
0.236785081095279,0.63061702453652,0.0264407818416617,0.0,0.0920611990281699,0.0140959134983693
0.222136703329444,0.632842565235742,0.048489212205477,0.0,0.0883630856319984,0.0081684335973384
0.265619888779849,0.507278377494275,0.0464780285683131,0.0,0.171900556100752,0.0087231490568095
0.256416955130298,0.513965993947706,0.0279102170552761,0.0,0.189885267672479,0.0118215661942394
0.41567046237387,0.105685456092718,0.358775377882238,0.0,0.119686347611136,0.0001823560400372
0.234731810939989,0.593317786141449,0.063312475466993,0.0,0.0912281511925927,0.0174097762589761
0.179312840929655,0.674904992114992,0.0602362917194488,0.0,0.0551174995475815,0.0304283756883224
0.230064185530521,0.603079848913072,0.0806677408278084,0.0,0.0661401516152037,0.0200480731133944
0.258005029337804,0.609675487965513,0.0586995569392887,0.0,0.066339360555622,0.0072805652017722
0.573349911926225,0.206382758263392,0.0544399544088695,0.0,0.163423479432183,0.0024038959693296
0.426363869205157,0.395564757107487,0.0425168616067617,0.0,0.122107914283275,0.0134465977973192
0.136766538940954,0.717649231337427,0.0501592724250958,0.0,0.0937168182447717,0.0017081390517519
0.0891766554319454,0.788981526063709,0.037581409492917,0.0,0.0735156230201971,0.0107447859912318
0.0772331052582247,0.787491798669041,0.0257053144624613,0.0,0.0911285031399381,0.0184412784703346
0.106667009619836,0.742759401203766,0.0571531457379494,0.0,0.0797880549410978,0.0136323884973506
0.0737468098425386,0.771151345885299,0.0315404247122839,0.0,0.089902248760052,0.0336591707998266
0.155959963603276,0.397202001819836,0.020427661510464,0.256005459508644,0.158348498635123,0.0120564149226569
0.513454561161023,0.330425017277125,0.0424369384934346,0.0,0.113683483068417,0.0
0.52795774798469,0.186883913870892,0.046742361066564,0.0,0.219748968289606,0.0186670087882481
0.438278300863453,0.390528051373281,0.0209137848743871,0.0,0.150279862888879,0.0
0.306755310671433,0.530520707634161,0.033674096673573,0.0,0.127683795906286,0.0013660891145465
0.335428763376362,0.436969144392725,0.075867364076971,0.0,0.12788521522146,0.0238495129324823
0.552252404966733,0.238420138153155,0.0814086536424121,0.0,0.1279188032377,0.0
0.677559558868331,0.126348071572192,0.100026402908382,0.0,0.0906432154680423,0.0054227511830533
0.506284153005464,0.129087852038672,0.189260193358554,0.0,0.165846994535519,0.0095208070617906
0.201308639236997,0.531906399024066,0.0371520461350781,0.0,0.229255850060996,0.0003770655428634
0.620686146833795,0.125447664007814,0.0504028976070323,0.0,0.15110695100114,0.0523563405502197
0.168852459016393,0.629734313171283,0.0368569813453928,0.0,0.15472018089316,0.0098360655737704
0.127904785830926,0.705690239919608,0.0459741238537872,0.0,0.106236653686723,0.0141941967089561
0.106134775090719,0.589951535520323,0.253500888921361,0.0,0.0487567277952314,0.0016560726723655
0.290727564838191,0.407023181087904,0.0359192104659169,0.0,0.259260959375717,0.0070690842322699
0.547455205012642,0.106342750357261,0.213564911509289,0.0,0.131318016928658,0.0013191161921512
0.561388616824464,0.196474045053869,0.0750897812602024,0.0,0.159146805963652,0.0079007508978126
0.552800995133448,0.172337035986295,0.112563559784388,0.0,0.160443445431334,0.0018549636645352
0.111126790376067,0.524918271831417,0.0363837343305345,0.127260754015852,0.18109551024248,0.0192149392036501
0.433588296596339,0.293882847985528,0.022061859724325,0.0839215840493934,0.114025601195509,0.0525198104489057
0.585371271184558,0.165767086470758,0.0754092534594966,0.0,0.161258079562871,0.0121943093223162
0.635732708089097,0.088886283704572,0.0625322391559202,0.0,0.21284876905041,0.0
0.5043902656445,0.30477803530041,0.0696871100017828,0.0,0.117645747905152,0.0034988411481547
0.543747660830873,0.263504803093941,0.0517736100137231,0.0,0.14082837776022,0.0001455483012433
0.528078248570689,0.0690252793880356,0.271081097233013,0.0,0.13159624693719,0.0002191278710731
0.525720734991288,0.213290036432758,0.0906858862664343,0.0,0.163789006811342,0.0065143354981783
0.543541734254067,0.19110627056588,0.0652083236779904,0.0,0.200143671502062,0.0
0.598006714668806,0.140311239679892,0.11197449270466,0.0,0.130682657995312,0.0190248949513292
0.24236997620814,0.54324746092251,0.0363273555220138,0.0,0.17559927345289,0.002455933894446
0.37128853530331,0.436544016669034,0.0351849221006771,0.0,0.156982525926978,0.0
0.487722716019319,0.323917366776249,0.0522545557855432,0.0,0.130362433540322,0.0057429278785665
0.48996842855688,0.318871575516855,0.0595783684692942,0.0,0.126311233323149,0.0052703941338221
0.267522661743658,0.593229479972619,0.040863739135846,0.0,0.0938828849384969,0.0045012342093799
0.481648880518937,0.2984934086629,0.0561414521866499,0.0401548441096463,0.119983260096254,0.003578154425612
0.415499724022324,0.167140257988021,0.215201259275916,0.0712431261115767,0.130915632602163,0.0
0.440755605051375,0.298081570044756,0.146393225609884,0.0,0.113088609190813,0.0016809901031707
0.171160837950139,0.47314317867036,0.0369416551246537,0.14672783933518,0.164538608033241,0.0074878808864265
0.590386247877759,0.127716468590832,0.0981748726655348,0.0,0.183722410865874,0.0
0.636335139492186,0.11492991805114,0.073731583896825,0.0,0.17500335855985,0.0
0.578357766625835,0.237345398506342,0.0463112972695301,0.0,0.126150867348955,0.0118346702493381
0.636173449980981,0.0879717678880858,0.156523392925067,0.0,0.112674865812941,0.006656523392925
0.215444915254237,0.53853813559322,0.0811652542372881,0.0,0.161631355932203,0.0032203389830508
0.194909140100104,0.557018532714073,0.0881318483113135,0.0,0.15058393831447,0.0093565405600396
0.216315715424659,0.526075130141162,0.0888946208319654,0.0,0.161210899029217,0.0075036345729962
0.389322176493326,0.386116100866323,0.0442483912776552,0.0,0.173309988858319,0.007003342504377
0.302613025469287,0.420882171499075,0.0555433154137657,0.0380056402573367,0.176037719220939,0.0069181281395963
0.237947329887072,0.465267455017416,0.0333680917622523,0.0778292991369556,0.179952521465179,0.005635302731125
0.495729847494553,0.102984749455338,0.250217864923747,0.0,0.146274509803922,0.00479302832244
0.303093236903831,0.476397576231431,0.0500879593432369,0.0,0.167733580922596,0.0026876465989053
0.225455053302919,0.519063358316652,0.0315162236394953,0.0,0.203738187235231,0.0202271775057027
0.616612536882549,0.169521747436795,0.0611560423698231,0.0,0.152157761786495,0.0005519115243371
0.466952877440458,0.059572728201983,0.322089338648676,0.0,0.135030154349382,0.0163549013595011
0.561962042802797,0.175993029137356,0.147174462839776,0.0,0.113637812679319,0.0012326525407519
0.453145917001339,0.0750273822562979,0.312461969088475,0.0,0.156565656565657,0.0027990750882317
0.598861305312513,0.0952819525264788,0.126009963578515,0.0,0.179846778582493,0.0
0.218143519833381,0.560423175234308,0.0559026791631165,0.0,0.165530625769194,0.0
0.570905828749498,0.149625817417786,0.0462947661653957,0.0,0.23317358766732,0.0
0.375149649392851,0.415854284248332,0.0427142124166239,0.0,0.162861296391312,0.0034205575508807
0.673510326899065,0.115694020838024,0.106830696170143,0.0,0.0965345014635744,0.0074304546291937
0.584851913208615,0.199381793203766,0.0798416097620105,0.0,0.135924683825609,0.0
0.513564998953318,0.281431861000628,0.0636173330542181,0.0,0.138559765543228,0.0028260414486079
0.597492079668565,0.122803908102,0.128874315971376,0.0,0.150829696258059,0.0
0.321263989466754,0.106505102040816,0.39845292955892,0.0,0.173777978933509,0.0
0.388075291045588,0.225024480470025,0.255140898705255,0.0,0.12995321510173,0.0018061146774018
0.540850850195359,0.210944491738153,0.0629515639665597,0.0,0.185253094099928,0.0
0.572064109948164,0.153085340906834,0.135766916247939,0.0,0.139083632897063,0.0
0.431168384140438,0.367209517457995,0.0210399500892799,0.0,0.177613320999075,0.0029688273132112
0.542609952596561,0.187360499968114,0.0587972705822332,0.0,0.207767361775397,0.0034649150776948
0.59447520560215,0.122608093803436,0.109742691963195,0.0,0.14324973536357,0.0299242732676492
0.603688672801061,0.148129545545867,0.0966167075179812,0.0,0.150560533611926,0.0010045405231647
0.506318255993975,0.280534750407967,0.0403573371270764,0.0,0.172789656470982,0.0
0.541857918895018,0.23381900871689,0.0371204783762159,0.0,0.187202594011875,0.0
0.438008597420774,0.348195541337599,0.0390282915125462,0.0,0.173607917624713,0.0011596521043686
0.51151125699228,0.266261384124636,0.0514077019092968,0.0,0.16846192963802,0.0023577273357681
0.458983637857159,0.34242834624692,0.0505294940390293,0.0,0.14508358679484,0.0029749350620518
0.276142767689418,0.453374114927027,0.15757911468619,0.0,0.109219209093974,0.0036847936033909
0.24478090681744,0.591252582363814,0.0452049581385234,0.0,0.111530934000217,0.0072306186800043
0.280759885133643,0.518837591733549,0.0292811035024421,0.0,0.167120732395749,0.0040006872346169
0.316755630777242,0.512407238640802,0.0353339408931128,0.0,0.130061189949225,0.0054419997396172
0.468359269587119,0.358572456598003,0.018350274354592,0.0,0.148016551227849,0.0067014482324368
0.537360072781931,0.20289941062458,0.0356196352992365,0.0,0.190558126656382,0.0335627546378703
0.266022016570123,0.404537167385936,0.131960951743555,0.0,0.197479864300385,0.0
0.193555250839283,0.558655255567639,0.0375667880278027,0.0,0.210222705565275,0.0
0.588413634873812,0.172750737463127,0.0698746312684365,0.0,0.168960996394625,0.0
0.348727145917401,0.433567478702735,0.035370896228765,0.0,0.169581029243262,0.0127534499078363
0.224923176855622,0.566017937891923,0.121717840457691,0.0,0.0770230094686086,0.0103180353261548
0.457156262829661,0.174542042188813,0.279857676291764,0.0,0.0749349963832574,0.0135090223065042
0.141257514383756,0.648442942284373,0.12056554606672,0.0,0.0550065791171082,0.034727418148043
0.489883702405608,0.324717221602676,0.0398677712282937,0.0,0.135594232913812,0.0099370718496096
0.276774661715115,0.420262944465787,0.0631109403679515,0.0,0.229180005976011,0.0106714474751355
0.451943350015973,0.320498349483548,0.0609306783090192,0.0,0.164114577787243,0.0025130444042168
0.40746867831304,0.365471148755955,0.0386668431268748,0.0,0.163225692606317,0.0251676371978118
0.386285557235124,0.362237185653429,0.0311025605789931,0.0,0.216801795611745,0.003572900920709
0.406634022317435,0.394886764913602,0.0450586185790291,0.0,0.151042892791563,0.0023777013983709
0.208492926816812,0.549359072570349,0.0289566416424084,0.0,0.21319135897043,0.0
0.160951043964614,0.456380774115917,0.0902243911134879,0.131225349288054,0.148717605900573,0.0125008356173541
0.525378511492156,0.135329259394382,0.123061838744983,0.0,0.176167457132433,0.0400629332360452
0.266814082337449,0.615220253919352,0.0442247012348132,0.0,0.0643742701682029,0.0093666923401823
0.485730541647701,0.245926263086026,0.0643604915794264,0.0,0.197086936731907,0.0068957669549385
0.376309407090149,0.21115640641932,0.241085711337014,0.0,0.144357293978017,0.0270911811754992
0.286414210894697,0.506214852895035,0.0416334805589747,0.0,0.155238577945116,0.0104988777061762
0.562691267130882,0.321417483478955,0.0646205703641282,0.0,0.0471903135672151,0.0040803654588193
0.40084047195733,0.504514073287307,0.0519984298875522,0.0,0.0365743840772125,0.0060726407905977
0.182206653250851,0.533303520409431,0.0293408859407219,0.0,0.245385207820924,0.0097637325780725
0.562752061638476,0.129717690964907,0.0313609823632095,0.0,0.229398663697105,0.0467706013363029
0.491093326448948,0.352093283421539,0.0700701346757884,0.0,0.0848070220730605,0.0019362333806634
0.53602089429518,0.268216004449711,0.0847863413218543,0.0,0.104471475901429,0.0065052840318251
0.179226974068791,0.447073678303365,0.178946383894124,0.0,0.185657165571585,0.0090957981621343
0.487964559282456,0.308142199332213,0.0338039848984134,0.0,0.166422975361718,0.0036662811251991
0.607919744419348,0.141098427039456,0.108662474818387,0.0,0.140203080804998,0.0021162729178112
0.0999537658792188,0.507188304969067,0.0333105832104092,0.22203386098941,0.135135730168865,0.0023777547830298
0.521050566785736,0.243418471640065,0.0554190497821643,0.0,0.155499576717392,0.0246123350746422
0.536916122551482,0.137990522568952,0.0672155132880571,0.0,0.158517677374271,0.0993601642172384
0.619314617314931,0.131332340025094,0.205007057716437,0.0,0.0443459849435382,0.0
0.175756505060192,0.475885218181359,0.105948565227267,0.0,0.19339777402014,0.0490119375110415
0.453770506360024,0.203831553710569,0.0245299354008036,0.0,0.313916576020601,0.0039514285080027
0.522392040209252,0.213991178582419,0.0294389168119807,0.0,0.234136834547133,4.10298492153041e-05
0.574666366924853,0.126443359015757,0.175205902188796,0.0,0.123684371870593,0.0
0.472020214470603,0.362566251694811,0.0168864784913102,0.0,0.143021488146596,0.0055055671966802
0.23185507046463,0.436788744051314,0.0422327976642067,0.0,0.281007885601306,0.0081155022185438
0.13261907891854,0.52523991060865,0.0293589237982559,0.0,0.294093159808948,0.0186889268656062
0.506806043350859,0.285708348053783,0.0590619090172281,0.0,0.143602319250192,0.0048213803279369
0.600353594881293,0.227626704832463,0.0504293652129988,0.0,0.112308469439299,0.0092818656339451
0.34988408471944,0.498188120371829,0.0313083796619325,0.0,0.116815593418713,0.0038038218280852
0.629647109299582,0.156130001072616,0.075576531159498,0.0,0.136436769280275,0.0022095891880296
0.549441692223009,0.281473617991665,0.0539238814185735,0.0,0.115160808366753,0.0
0.567853145287665,0.16606223416163,0.0758450861875979,0.0,0.172061786433848,0.018177747929259
0.207925271449862,0.536592505854801,0.0374973387268469,0.0,0.188045560996381,0.0299393229721098
0.584866287114115,0.159979132170481,0.107038355977953,0.0,0.134597500396942,0.0135187243405085
0.452495938885718,0.316393730517627,0.0473943012688238,0.0,0.179171971725864,0.0045440576019668
0.373464146053636,0.402249114931624,0.0208019992132725,0.0,0.172640396140408,0.0308443436610593
0.301549750395958,0.509853846308066,0.0756230076785821,0.0,0.110286894284168,0.0026865013332264
0.529046510239417,0.292713992875196,0.0396640595458435,0.0,0.136565367086592,0.0020100702529504
0.589448351693948,0.143275035787639,0.078525341797888,0.0,0.188481566772474,0.0002697039480508
0.115073101306767,0.591590115150731,0.047535256824945,0.0,0.229861560357097,0.0159399663604606
0.132259656047364,0.653932901043135,0.115062024245841,0.0,0.0886664787144065,0.0100789399492528
0.140387589846238,0.37721772359203,0.405295241561277,0.0,0.0675461741424802,0.0095532708579747
0.165112116073111,0.536131524401733,0.121325607687959,0.0,0.168150555869606,0.0092801959675899
0.177894267231764,0.527057773812179,0.0610751728753067,0.0,0.221235779611867,0.0127370064688824
0.468580516250051,0.357888512824695,0.0236308771357501,0.0,0.147657301308975,0.0022427924805284
0.527701785527827,0.32672026730709,0.040701681110995,0.0,0.0935365980996136,0.0113396679544742
0.474959851238272,0.290486856563266,0.0823049615417124,0.0,0.150663511114868,0.0015848195418814
0.506836971458178,0.200716361424613,0.0324164808181838,0.0,0.254330832826474,0.0056993534725507
0.587407094084235,0.185046427780128,0.0789775817269925,0.0,0.148548754204685,2.01422039599573e-05
0.561901677831974,0.172579894351231,0.0564876844299621,0.0,0.156854014450808,0.0521767289360238
0.34183193909202,0.497744148886174,0.0270937118150202,0.0,0.133330200206786,0.0
0.231829183541422,0.574923913824918,0.0219990893623139,0.0,0.171247813271346,0.0
0.516523737577937,0.120422190539016,0.233439022833188,0.0,0.127997786904433,0.0016172621454259
0.42520844661954,0.25879100960667,0.0282082653616095,0.0,0.270029001268805,0.017763277143375
0.51144303585624,0.197188402158905,0.187900087862433,0.0,0.103196518974102,0.0002719551483201
0.596167196078844,0.0992490060374024,0.181795233186781,0.0,0.117129814670678,0.0056587500262953
0.505909516951284,0.274398189424594,0.038086093775004,0.0,0.181606199849119,0.0
0.590499759400564,0.143305607112578,0.108911344836278,0.0,0.157283288650581,0.0
0.51418570375829,0.243859002702039,0.0739376074674527,0.0,0.155981331368214,0.0120363547040039
0.534035486041036,0.0981962663975782,0.17833417423478,0.0,0.161116717120753,0.0283173562058526
0.615260251537993,0.128540533730867,0.0307808595964473,0.0,0.225418355134692,0.0
0.533641281225308,0.215502745193379,0.0790939848862416,0.0,0.171761988695071,0.0
0.568092411942606,0.193851331377766,0.0828842349409918,0.0,0.155172021738636,0.0
0.618019518653768,0.176821064770325,0.0593461037435667,0.0,0.14581331283234,0.0
0.464133996844277,0.345673018570215,0.0443419508840069,0.0,0.142735768903993,0.0031152647975077
0.174054673859224,0.540327834675423,0.0198577124540692,0.0,0.22758189351888,0.0381778854924035
0.563125573234438,0.143896797862583,0.136399888343901,0.0,0.15643817043506,0.000139570124018
0.554787883894342,0.201415511648481,0.0814340481105447,0.0,0.159034418839786,0.0033281375068458
0.590547694289567,0.170286427406856,0.0834121696423179,0.0,0.155753708661259,0.0
0.552576089966135,0.200783795872292,0.127004749632596,0.0,0.11550339715874,0.004131967370237
0.531520340712479,0.18064859589193,0.0464930570959584,0.0,0.241338006299632,0.0
0.555224736447444,0.139363062943849,0.124343875435579,0.0,0.181068325173129,0.0
0.435541859270673,0.381472661904095,0.0372367745249101,0.0,0.140309100247467,0.0054396040528552
0.345803719209425,0.438540551066108,0.0516259371044688,0.0,0.135478531788531,0.0285512608314672
0.492309275168476,0.253742476464839,0.0350326662894181,0.0,0.216703534132414,0.0022120479448531
0.519506046233389,0.198542921847626,0.0915053625603555,0.0,0.186920480280306,0.0035251890783232
0.342809738637635,0.473621416054584,0.139126057939674,0.0,0.0403601655419261,0.0040826218261809
0.322034634856485,0.227364578580275,0.265019664081003,0.0,0.166959998261739,0.0186211242204984
0.514961461302925,0.192461197339246,0.0667933692323936,0.0,0.216112342941611,0.0096716291838243
0.336404986919941,0.441446112512078,0.0465932926398152,0.0,0.171219155805897,0.004336452122269
0.484599916379636,0.241603121826906,0.192287016943078,0.0,0.0815099448503792,0.0
0.422050498697098,0.107152484499955,0.251033336328511,0.0,0.176902686674454,0.042860993799982
0.204229783791073,0.592843978963456,0.0459837281431204,0.0,0.156942509102351,0.0
0.166947642213766,0.627185588362796,0.059293868310775,0.0,0.146572901112663,0.0
0.409107452525209,0.10475497227515,0.347085144190627,0.0,0.127320216660601,0.0117322143484125
0.541539293364111,0.183958242352403,0.138686131386861,0.0,0.135816332896625,0.0
0.515007660272317,0.278661286494185,0.0351940961957577,0.0,0.141682670521977,0.0294542865157628
0.531234339252642,0.270160148164288,0.0441006645604096,0.0,0.152914260812725,0.0015905872099357
0.300148019599837,0.470778889342589,0.032053899550837,0.0,0.197019191506737,0.0
0.458561275037691,0.35184148180056,0.0340727977600689,0.0,0.147835451216886,0.0076889941847943
0.253382896257848,0.523538611482581,0.0651193363403522,0.0,0.152972642172307,0.0049865137469117
0.301656658176975,0.478468116924083,0.0228287029464682,0.0,0.182232399467252,0.0148141224852209
0.451676618157877,0.392580652484846,0.0276976865620814,0.0,0.117306513496946,0.0107385292982495
0.260523124891737,0.406795179530326,0.0403355522011333,0.0,0.232337729826037,0.0600084135507658
0.291832252666806,0.404361012340515,0.0313741895001045,0.0,0.248300564735411,0.0241319807571637
0.408541176470588,0.3392,0.0406823529411764,0.0,0.201223529411765,0.0103529411764705
0.566629555089282,0.226030916798698,0.0352845458827559,0.0,0.159037382777373,0.0130175994518905
0.464291267743297,0.325899104782638,0.0305440167048004,0.0,0.179265610769265,0.0
0.173706768741408,0.697118365366472,0.0363641264792301,0.0,0.0739143326953662,0.0188964067175243
0.601533837703389,0.135350813555809,0.125318685874184,0.0,0.137796662866618,0.0
0.258400073644481,0.616289238700175,0.070652674215226,0.0,0.0451072447758446,0.0095507686642732
0.292223805968461,0.55659630308378,0.030815176813955,0.0,0.114663227674834,0.0057014864589696
0.486640147472591,0.375919278160473,0.0463374405743669,0.0,0.0855341030367711,0.005569030755797
0.551722681087475,0.191448911045861,0.0913411774646697,0.0,0.165487230401994,0.0
0.24415817855003,0.523242460555223,0.0275863790693029,0.0,0.199645496305173,0.0053674855202716
0.623195673978457,0.121058828659893,0.0968557847455409,0.0,0.147115258819938,0.0117744537961711
0.603775272857398,0.120772946859903,0.0943147253533727,0.0,0.181137054929325,0.0
0.424370610702698,0.113515955480718,0.344120908456199,0.0,0.109326871740113,0.0086656536202718
0.562070081735049,0.229930403819697,0.0531480132718297,0.0,0.151513312292628,0.0033381888807963
0.197115714776239,0.487375529357903,0.0694517568959597,0.0852008698637976,0.156392354355042,0.0044637747510587
0.520522303910514,0.287199494835596,0.0337152135672725,0.0,0.158562987686618,0.0
0.484773593599464,0.348573702509111,0.0376576048255351,0.0,0.12899509906589,0.0
0.514367269267364,0.265228882545724,0.0316946823131409,0.0,0.188645734221376,6.34316523945449e-05
0.586305307891009,0.221377385217898,0.0836596950254145,0.0,0.108095158736772,0.0005624531289059
0.504006574892131,0.0967536470104787,0.223649065132525,0.0,0.125251695089377,0.0503390178754879
0.408530481701213,0.383285724749139,0.023975194706902,0.0,0.184208598842745,0.0
0.55598904109589,0.158772602739726,0.153906849315068,0.0,0.130564383561644,0.0007671232876712
0.515693920603465,0.263866692237209,0.046154829636259,0.0,0.174284557523067,0.0
0.54944269190326,0.15875920084122,0.0905993690851735,0.0,0.156529968454259,0.0446687697160883
0.426595206795429,0.0944483769845282,0.367114976236222,0.0,0.11184143998382,0.0
0.336779716825815,0.325979585116892,0.0129733289430358,0.0,0.317133135769948,0.007134233344309
0.244363345498175,0.497325401189822,0.018047292906064,0.0,0.240263960405939,0.0
0.530538893649434,0.147910120917833,0.136246786632391,0.0,0.177425497476911,0.0078787013234314
0.613502914220094,0.153359478257101,0.0697462786817758,0.0,0.163174658202067,0.0002166706389617
0.436818110972568,0.4921875,0.0410497194513715,0.0,0.0299446695760598,0.0
0.422790224895176,0.0903180720850451,0.346067510905934,0.0,0.140824192113845,0.0
0.270273458698063,0.43364084656584,0.036642049878489,0.0561781846495057,0.183163060661114,0.0201023995469881
0.546694155830901,0.114331788768907,0.142113535691686,0.0,0.196840106962788,2.04127457184266e-05
0.138709760961334,0.740009841245177,0.0488695517053842,0.0,0.0366974853028772,0.0357133607852277
0.478600961001229,0.168286959436809,0.184042909822326,0.0,0.128997653369091,0.0400715163705441
0.618856240644672,0.149828784678792,0.0890319670282351,0.0,0.132891796017962,0.0093912116303389
0.429621848739496,0.119729470735663,0.395750405425328,0.0,0.0515443019312988,0.0033539731682146
0.331167878622771,0.506255369978415,0.0319788763385653,0.0,0.129864414593768,0.0007334604664808
0.534831223628692,0.261877637130802,0.0510759493670886,0.0,0.140864978902953,0.0113502109704641
0.469899593179261,0.33296546351597,0.0260538388297411,0.0571063792954211,0.109257335756946,0.0047173894226607
0.251315365617953,0.585686674540964,0.10488027488457,0.0,0.0386019542574895,0.0195157306990228
0.399920522044675,0.389860286120639,0.0364134526897013,0.0,0.164477537019995,0.0093282021249895
0.255082037076497,0.604453441295547,0.0250799062433411,0.0,0.114724057106329,0.0006605582782868
0.339963420210334,0.441655235482396,0.019753086419753,0.0,0.19122085048011,0.0074074074074074
0.142685575571739,0.735377539287083,0.042442826114731,0.0,0.0640603040756356,0.0154337549508112
0.289827080824377,0.491922106841782,0.0425821990956395,0.0,0.175668613238201,0.0
0.449799353255153,0.402735029415202,0.0578563914754353,0.0,0.08549888962481,0.0041103362293996
0.505819213686462,0.35057164007238,0.0549843724296759,0.0,0.0879667708504688,0.0006580029610133
0.191505051249908,0.55389228916255,0.0494063859597374,0.0,0.19784676646265,0.0073495071651549
0.456726196766353,0.263151220543168,0.174997358131671,0.0,0.102145197083377,0.0029800274754306
0.562847920662394,0.214365907283529,0.0718529260420077,0.0,0.150278336529915,0.0006549094821537
0.517365359167062,0.154902499313375,0.137524656063519,0.0,0.183466080747048,0.006741404708996
0.537005824497024,0.21800260288878,0.044995839644983,0.0,0.199995732969213,0.0
0.494981136389619,0.105796273007888,0.268114782211044,0.0,0.127152166457071,0.0039556419343775
0.521679683453834,0.270887282219138,0.0647800957096393,0.0,0.135277910132378,0.0073750284850117
0.279375221867235,0.482877765944859,0.0194533191338303,0.0,0.218293693054076,0.0
0.532796364300351,0.106108868104445,0.228103633670799,0.0,0.132970845421899,2.02885025056301e-05
0.151454649172847,0.741922937302287,0.0251776175906238,0.0,0.0709951770989991,0.0104496188352434
0.335052189462303,0.508878446375847,0.0269888135734187,0.0,0.12596165841893,0.0031188921695013
0.542791486802826,0.182505422760561,0.0536262697850224,0.0,0.220926486695445,0.0001503339561454
0.599703528016602,0.143176203182133,0.103666370194683,0.0,0.153453898606582,0.0
0.41636126720417,0.0803811385291961,0.422774655916605,0.0,0.0804829383500285,0.0
0.504479782343559,0.192020827469744,0.109813303311755,0.0,0.187470682052725,0.0062154048222159
0.523799377849747,0.275386713256914,0.0629607533983892,0.0,0.13071547279158,0.0071376827033706
0.348354386118274,0.435880064688142,0.0391844049128021,0.0,0.174789107915556,0.0017920363652257
0.171438797423049,0.65848246241947,0.0329754235266046,0.0,0.132760677642567,0.0043426389883082
0.213289413902771,0.536687869150386,0.0285097682871422,0.0,0.200318037255793,0.0211949114039073
0.520082938388626,0.250710900473934,0.170912322274882,0.0,0.0571879936808846,0.0011058451816745
0.590005763045863,0.0933241620345411,0.221598408655723,0.0,0.0950716662638731,0.0
0.621953040029003,0.177112878804035,0.0802925934614318,0.0,0.112985434305091,0.0076560534004393
0.423659662497366,0.463443599517306,0.0347462983891049,0.0,0.0735150458750742,0.0046353937211485
0.597163416414642,0.167608718323078,0.0629471269162582,0.0,0.169965585566795,0.0023151527792261
0.616425479823373,0.177720456433349,0.0885760503650592,0.0,0.103812355178595,0.013465658199624
0.58568474561668,0.168267780984793,0.121289794511696,0.0,0.117800370482057,0.0069573084047731
0.611983776637462,0.150626302462635,0.120689268828288,0.0,0.111882940820579,0.0048177112510363
0.314195382449055,0.453014160843806,0.0268870054996147,0.0,0.202343314115678,0.0035601370918462
0.274654547971118,0.505478788438026,0.021430713511269,0.0,0.196244434704376,0.0021915153752105
0.394193373957532,0.45542083480648,0.0223363766819873,0.0,0.127030343364599,0.0010190711894016
0.47242080546762,0.354053544099457,0.0351579697687582,0.0,0.133713495041825,0.00465418562234
0.27895487419782,0.480722216563105,0.0293113985942752,0.0,0.190027503310584,0.0209840073342161
0.558876523582406,0.160614732379438,0.091552729199788,0.0,0.188956014838368,0.0
0.319712389380531,0.380685840707965,0.0498672566371681,0.0861725663716814,0.158893805309734,0.0046681415929203
0.546764844117186,0.239027774669322,0.0941339719343792,0.0,0.108233924934536,0.0118394843445759
0.463423214618298,0.197069718353579,0.0254123295325207,0.0,0.164869730770027,0.149225006725576
0.267371710130994,0.521403677442615,0.0463165484917678,0.0,0.152722028602331,0.0121860353322917
0.441855854069595,0.0740358877763457,0.344463170417369,0.0,0.139645087736691,0.0
0.211676115215026,0.311258088530035,0.02150260550879,0.304701368607914,0.146624291358873,0.004237530779362
0.328269819254563,0.457059199084164,0.0909451159104418,0.0,0.111155141668318,0.0125707240825132
0.513513513513513,0.262237977173534,0.121734319611499,0.0,0.102370755896154,0.0001434338052988
0.122129118263188,0.193125119024948,0.139973338411731,0.531860597981337,0.0071034088745,0.0058084174442963
0.212870322820563,0.270563652140036,0.0471923642223442,0.449930052593366,0.0154592622762125,0.0039843459474774
0.29607125020809,0.0691068753121358,0.0458007324787747,0.578845513567505,0.0101756284334942,0.0
0.0765257920262014,0.339379815666268,0.0150742163716907,0.541475089752472,0.0247317923201276,0.0028132938632403
0.165077225053036,0.277613656640958,0.0229989888375597,0.507980252592343,0.026072129587406,0.0002577472886967
0.296383978006033,0.105464126159838,0.0317499713620222,0.538164878384054,0.0253923402955439,0.0028447057925083
0.19679344336594,0.168221475242663,0.0288930014729765,0.591702232125996,0.0095932318616157,0.0047966159308078
0.143646408839779,0.10054887516701,0.284819268407179,0.445762467049435,0.0249340988697504,0.0002888816668472
0.198337451397269,0.272500909804823,0.0163764868126185,0.488268306230726,0.0245168457545633,0.0
0.118258727562744,0.30714559735094,0.020413108001696,0.525087326104953,0.0276011064671795,0.0014941345124881
0.364236219604095,0.0496259672468616,0.189203595125627,0.370264855625195,0.0241880640358777,0.002481298362343
0.0662917271407837,0.0754898403483309,0.355533381712627,0.475362844702467,0.0254535558780841,0.0018686502177068
0.175606934109996,0.267509824652397,0.0182928045642243,0.538590436673383,0.0,0.0
0.0649588830385138,0.336823837977479,0.0110434045238517,0.56573783746475,0.0214163166301839,1.97203652211639e-05
0.101063829787234,0.331871228961575,0.0241147983486821,0.523162114957129,0.0197880279453794,0.0
0.0766969691070837,0.305191645091589,0.0206926086702614,0.594576706702225,0.0028031379572132,3.89324716279613e-05
0.302479651713042,0.243886909985717,0.0171562301034192,0.413315437165522,0.0231617710322991,0.0
0.391233116796525,0.159030727906578,0.0267845236507724,0.394452593679157,0.028499037966967,0.0
0.101694588126303,0.235235080676291,0.0253223191538639,0.630780514166602,0.0,0.0069674978769397
0.124527099677432,0.322806738082912,0.0402015053163952,0.511548723666919,0.0009159332563418,0.0
0.118054050148132,0.28347423946817,0.0172339041838283,0.555838572151167,0.0201965459932076,0.0052026880554953
0.219725013220518,0.340119866032082,0.0188436453375639,0.405658381808567,0.0156530936012691,0.0
0.118453635675255,0.317868325727033,0.0294087550907639,0.511348054765364,0.0202811943597405,0.0026400343818431
0.167705213816707,0.31586094008668,0.068413905991332,0.430274734472945,0.01568051189524,0.0020646937370956
0.179349036923015,0.404796143641261,0.0382395236262734,0.360460170538553,0.0130638203066453,0.0040913049642517
0.21040755887745,0.28271249269698,0.0386808227733344,0.446602332937123,0.0215967927151117,0.0
0.129389445265328,0.138419161239716,0.312355205312027,0.401083565916927,0.0185702037614695,0.000182418504533
0.121152748715998,0.260566863229979,0.0202967471942172,0.567909454061252,0.0298078752140003,0.0002663115845539
0.062148627580668,0.333183729390088,0.0112911607691217,0.56297538621439,0.0235271885482118,0.0068739074975197
0.0721329437545653,0.316608838568298,0.0222790357925493,0.566814280496713,0.0125319576333089,0.0096329437545653
0.0526517408700093,0.336809398144207,0.0081084532220992,0.582893504724611,0.0101089639908061,0.0094279390482676
0.0975054742175089,0.309196685414967,0.0211025718088532,0.564102013653342,0.0015671289339229,0.0065261259714052
0.0560689939149929,0.332296289518232,0.0118726266184746,0.572859953333028,0.021663540284577,0.0052385963306949
0.0859846959323399,0.313693113169553,0.0281917035843737,0.561216270640354,0.002577527184857,0.0083366894885219
0.0817583897935734,0.311601093545703,0.0193351559095051,0.582570624826657,0.0047347359245611,0.0
0.14986197446031,0.0589438563739995,0.274303417869839,0.500705022540861,0.0161857287549897,0.0
0.129873997282659,0.317035492936775,0.0202125481583502,0.506318747789834,0.0243071711738539,0.002252042658527
0.103517397881997,0.30767776096823,0.0242246596066565,0.545423600605144,0.0135211800302571,0.0056354009077155
0.0616411464468001,0.0679944319520291,0.335974586857979,0.506496055966021,0.0213084912731555,0.0065852875040154
0.125262044784149,0.303545257221305,0.0146374042261098,0.556555293768436,0.0,0.0
0.103027547269903,0.276173695578038,0.0214088136107006,0.568868174756546,0.030521768784813,0.0
0.199254901960784,0.316803921568627,0.0262549019607843,0.43456862745098,0.0203921568627451,0.0027254901960784
0.0867173706369686,0.139311421974739,0.340095749015347,0.424249626510933,0.0096258318620127,0.0
0.122261844116149,0.30977245712345,0.0240278485311597,0.519039735099338,0.0248981151299032,0.0
0.237869732093414,0.0941205675113139,0.121063988237316,0.509977276633123,0.0346197177719643,0.002348717752869
0.0966546395795748,0.315514942348419,0.0147266452270766,0.546591889559966,0.0265118832849635,0.0
0.0762329024971765,0.286108671100514,0.0286108671100514,0.543480988831723,0.0,0.0655665704605345
0.147914384896694,0.279715606378436,0.0166329428799495,0.531678702036422,0.0240583638084983,0.0
0.156978489244622,0.106893446723362,0.28600300150075,0.443621810905453,0.0,0.0065032516258129
0.0890971488912354,0.0714537134811686,0.413894755367828,0.377947905667019,0.047606476592749,0.0
0.110022966590111,0.336005546648178,0.01960826797244,0.523594921350262,0.003509988300039,0.0072583091389695
0.0816090051316007,0.380421287866247,0.0217679192186724,0.509994206257242,0.0,0.0062075815262373
0.284072907372676,0.162657732296655,0.0335767220816111,0.493909211748211,0.0217411096341885,0.0040423168666581
0.088064135433199,0.345318031986326,0.018679037968502,0.519920237659219,0.0230741057257966,0.0049444512269564
0.235521719659651,0.265275414240931,0.0273533363188535,0.469682042095835,0.002167487684729,0.0
0.293052972694298,0.0457918285430207,0.217488169983981,0.422547918469555,0.0185229511517003,0.002596159157445
0.0708558677810975,0.313528232668961,0.0163382625468023,0.589501153511592,0.0,0.0097764834915472
0.230674955990819,0.638478507921653,0.0181161842369142,0.0751387124807808,0.0351182120016935,0.0024734273681395
0.57013769363167,0.314054920982632,0.0790760444374902,0.0,0.0363206071037396,0.0004107338444687
0.614199440899682,0.337423443801882,0.0305371204199654,0.0,0.0057830605407481,0.0120569343377222
0.520042479243097,0.395964471905773,0.0782197335392933,0.0,0.0,0.0057733153118362
0.405823359320669,0.52108268364994,0.0244317557922477,0.0282200505105962,0.0204421507265473,0.0
0.573614401806869,0.389827506033967,0.0243572994397821,0.0,0.0,0.0122007927193817
0.643454569702974,0.235753615180902,0.0915845828490864,0.0,0.0287880808581172,0.0004191514089203
0.422697368421053,0.4300320056899,0.019225640113798,0.0,0.0387846728307254,0.0892603129445234
0.597279240119134,0.303590115109072,0.0574740400869355,0.0,0.0394630926507284,0.0021935120341302
0.312910859847489,0.620347572490617,0.0179045251356584,0.0,0.0473310544307125,0.0015059880955226
0.606577569748106,0.242943072406643,0.078052185338014,0.0,0.0374248116441871,0.0350023608630494
0.555932786110276,0.31801968283983,0.0899694873007005,0.0,0.0240663543770682,0.012011689372126
0.379676047055064,0.417663624198606,0.0274221574227565,0.175238171323573,0.0,0.0
0.228109689553486,0.688322845798407,0.0127475793531009,0.0,0.0645505839738082,0.0062693013211972
0.251042273725736,0.635585242300623,0.0152642668220737,0.0,0.0849509122696911,0.0131573048818756
0.277193446671518,0.613878415029437,0.0224912350334061,0.0,0.0616303940376176,0.0248065092280214
0.475831645114262,0.475604445538368,0.0276615483651097,0.0,0.0209023609822595,0.0
0.606565310319797,0.313021736500383,0.0326854054925999,0.0,0.0469613259668508,0.0007662217203693
0.545363339497187,0.355883857260888,0.0649171814140142,0.0,0.0302553409135617,0.0035802809143486
0.432826905079548,0.525696421815575,0.0220823958105175,0.0,0.0,0.0193942772943589
0.379939325714068,0.165690408502032,0.453530747362195,0.0,0.0,0.0008395184217053
0.422135875174549,0.466719284398842,0.0812134458543298,0.0,0.0065772165219679,0.0233541780503106
0.669210840972499,0.219948186528497,0.081406935033878,0.0,0.0294340374651255,0.0
0.454836513515005,0.462767034058918,0.0738771229322685,0.0,0.0055568844646438,0.0029624450291644
0.464509857785855,0.475244595651163,0.0597383935929674,0.0,0.0005071529700145,0.0
0.130967712261981,0.541371538956858,0.311355901021065,0.0,0.0143041118572348,0.0020007359028608
0.138607407407407,0.730824691358025,0.0531358024691358,0.0,0.0152493827160493,0.0621827160493827
0.591745450848836,0.336057741181254,0.0511131442512961,0.0,0.0,0.0210836637186133
0.624814067689549,0.26601055484239,0.0746378140473134,0.0,0.0340892882613036,0.0004482751594433
0.532776076704736,0.392173077352882,0.0254788458529825,0.0,0.0429564401135373,0.0066155599758621
0.531880319311003,0.25890191139729,0.180760090187077,0.0,0.0205764660478154,0.0078812130568137
0.225020152777245,0.748205443169168,0.0267744040535871,0.0,0.0,0.0
0.379446552108904,0.581521981700513,0.0357063155545637,0.0,0.0,0.0033251506360187
0.371868264305745,0.604607504577375,0.0211370431316198,0.0,0.0,0.0023871879852596
0.16053047911092,0.776401882849274,0.0616613605734487,0.0,0.0013476825719252,5.85948944315319e-05
0.273087905141786,0.649120512652848,0.0485189302295167,0.0,0.0289675014712613,0.0003051505045881
0.141172721478649,0.823815593796473,0.0293605268748672,0.0,0.0056086679413639,4.24899086466964e-05
0.434409766885564,0.543091192200934,0.022408773948954,0.0,0.0,9.02669645476497e-05
0.246309071706254,0.715152468483854,0.0253477449944945,0.0,0.0,0.0131907148153974
0.323075624221702,0.642478735304671,0.0344456404736275,0.0,0.0,0.0
0.191047030228662,0.610944616183307,0.156051631781391,0.0,0.0400453075961016,0.0019114142105387
0.43566491075993,0.495654686492854,0.0395634682492054,0.0,0.0126025205041008,0.0165144139939098
0.270605100992811,0.696080109551523,0.015020540910647,0.0,0.0,0.0182942485450188
0.249462481186841,0.677166200817029,0.0215007525263384,0.0,0.0486723285314986,0.0031982369382928
0.490374275171323,0.46492356352135,0.0254296257248286,0.0,0.0192725355824986,0.0
0.453303946609541,0.490957402982615,0.0183323720853588,0.0,0.0374062783224849,0.0
0.167106459409717,0.591702330531964,0.0127281193870989,0.180788079029647,0.0329068452446947,0.0147681663968778
0.315844569131563,0.551440415375597,0.0820073695670379,0.0,0.0486349551963822,0.0020726907294196
0.351673024956287,0.578763312668892,0.0477070418057542,0.0,0.0218566205690669,0.0
0.596870417612438,0.266416246509853,0.0651025450454974,0.0,0.0360765723238856,0.0355342185083261
0.406012780374834,0.518827464939744,0.029484925161899,0.0,0.0456748295235236,0.0
0.413347837473056,0.52031586793175,0.0283233617372736,0.0,0.0380129328579198,0.0
0.332756355446185,0.603073971345749,0.0206043669579362,0.0,0.0435653062501303,0.0
0.458661174047374,0.478331616889804,0.0278887744593202,0.0,0.0351184346035015,0.0
0.122208999778132,0.8523568446318,0.016882147683495,0.0,0.0,0.0085520079065733
0.643821889159986,0.253899442314395,0.0198021958870686,0.0,0.0755707563611014,0.0069057162774485
0.532290743320248,0.364779874213836,0.066860833227808,0.0,0.0296526106960449,0.0064159385420623
0.552193053218706,0.369465508101505,0.0686150229331366,0.0,0.0,0.0097264157466522
0.59396761052357,0.296622584335052,0.0771006000280949,0.0,0.0251048544078986,0.0072043507053841
0.20494117115693,0.658070052618505,0.0185858494613942,0.0,0.0302612858788193,0.0881416408843522
0.380554090974452,0.55250922686095,0.0128217418396203,0.0,0.0428749460767866,0.0112399942481905
0.167425133749195,0.653628432526028,0.015805714032011,0.0,0.0196461473572046,0.143494572335561
0.638701233712493,0.275958966068095,0.0506572742845044,0.0,0.0346825259349077,0.0
0.430313621587087,0.264483153879399,0.230565420824173,0.0555461600616344,0.0190916436477065,0.0
0.231167325646387,0.710663050903596,0.0491440163951394,0.0,0.0080733641087213,0.0009522429461568
0.310838607594937,0.652017405063291,0.0319026898734177,0.0,0.0016020569620253,0.0036392405063291
0.37273069409846,0.52660441943404,0.0985859961648058,0.0,0.0020788903026935,0.0
0.669533359043579,0.2078866178172,0.0851137678364828,0.0,0.0354801388353258,0.0019861164674122
0.362089325629455,0.535426595251149,0.0199485470878495,0.0495128843152967,0.0217620513685631,0.0112605963476867
0.545402378455389,0.245246057344124,0.180936739418644,0.0,0.0270297010111403,0.0013851237707026
0.592951486170504,0.313180678730172,0.0415622169324429,0.0,0.0329253649596595,0.0193802532072212
0.567694265240976,0.366676339933478,0.0228363506484809,0.0,0.0416545750831528,0.0011384690939125
0.382959442587297,0.583108461879254,0.0293406903218011,0.0,0.0002013774215634,0.0043900277900841
0.402429568363918,0.56108998264594,0.0,0.0,0.0228556659158881,0.0136247830742532
0.158298198543503,0.756755461862783,0.0833413185128401,0.0,0.0,0.0016050210808738
0.289846262451957,0.660443956388736,0.0450819672131147,0.0,0.0038826574633304,0.0007451564828614
0.451834909645381,0.510560260452082,0.0376048299025365,0.0,0.0,0.0
0.399280921343562,0.544077214435408,0.0564688239026359,0.0,0.0,0.0001730403183941
0.314971600042868,0.616889936769907,0.0343800235773229,0.0,0.0315721787589754,0.002186260850927
0.588797973894409,0.301422170270797,0.0808299240210403,0.0,0.0289499318137541,0.0
0.586126345724152,0.317712776762137,0.0757261832216128,0.0,0.0204346942920983,0.0
0.633126027863368,0.319842725090263,0.0470312470463696,0.0,0.0,0.0
0.631816972599095,0.294309042912395,0.0367528188757239,0.0,0.0371211656127857,0.0
0.466816690823099,0.454344343580746,0.0381417346860935,0.0,0.0283965214737966,0.0123007094362651
0.600618631732169,0.275677765647744,0.0180585880640465,0.0,0.0549490538573508,0.0506959606986899
0.340273468427022,0.471957717244773,0.132497378725954,0.0,0.0528962403440823,0.0023751952581687
0.589483977427832,0.384806567930409,0.0257094546417585,0.0,0.0,0.0
0.441763618368223,0.535808325085436,0.0192160451175558,0.0,0.0027078003324058,0.000504211096379
0.39640356460853,0.55042568427753,0.0206476766390833,0.0,0.0277888287714831,0.0047342457033736
0.618189372057136,0.306295255806592,0.0583824634985953,0.0,0.0040754955881771,0.0130574130494994
0.3314373855201,0.330184131880844,0.0224814422057264,0.292760050130145,0.0231369902631832,0.0
0.258284769939984,0.557971644776898,0.0179829520744542,0.132295381403844,0.0334652518048186,0.0
0.466552439354315,0.455947335197042,0.0339796194426909,0.0,0.025520786364866,0.0179998196410857
0.481108059892962,0.443765158652208,0.0732425985688227,0.0,0.0018841828860069,0.0
0.167051122809093,0.531062084738077,0.299461761400603,0.0,0.0,0.0024250310522268
0.559279172067918,0.380963512336103,0.016873153834711,0.0,0.0428841617612682,0.0
0.457244045012281,0.460614253889069,0.08214170109865,0.0,0.0,0.0
0.237124577550109,0.620315854358408,0.0978595872212893,0.0313516270963079,0.0121580547112462,0.0011902990626394
0.416147335131616,0.50306018044833,0.0334666542647195,0.0356431959817691,0.0116826341735652,0.0
0.299801553791589,0.592319709508529,0.0489993244384394,0.0394570173957101,0.0165090356358723,0.0029133592298598
0.295217633484523,0.566344394047903,0.0274528527094772,0.0951102092782684,0.0158749104798281,0.0
0.526036173288019,0.399253877104574,0.0408414391187155,0.0,0.0317981171139497,0.0020703933747412
0.387474955862808,0.186328380710559,0.413838249588383,0.0,0.0,0.0123584138382495
0.670870805001097,0.252138626891862,0.0232945821452072,0.0,0.0535424435183154,0.0001535424435183
0.555460517934812,0.276911317767384,0.120366157709876,0.0,0.0234945130939598,0.0237674934939671
0.619010432310126,0.306641837368094,0.0460343204981878,0.0,0.0269518031276906,0.0013616066959011
0.244797445930425,0.256866982031965,0.23043080457085,0.241449123011933,0.0164690766804882,0.0099865677743386
0.573941750103164,0.344677801185848,0.0248029016354277,0.0,0.0507786199856655,0.0057989270898942
0.44585135234186,0.190885435754599,0.36326321190354,0.0,0.0,0.0
0.544716669171802,0.302532692018638,0.123402976101007,0.0,0.0293476627085525,0.0
0.490291558851694,0.39569283429433,0.101689044640492,0.0,0.0120413194515189,0.0002852427619649
0.474692959035777,0.0964413761537874,0.428865664810436,0.0,0.0,0.0
0.61981961836613,0.226911896243291,0.12516771019678,0.0,0.0281007751937984,0.0
0.397568423648123,0.573582686872902,0.0253779185554691,0.0,0.0034709709235058,0.0
0.509299548683492,0.43101738479286,0.043492339762401,0.0,0.0142073627329946,0.0019833640282528
0.353361611876988,0.557073170731707,0.0553976670201484,0.0,0.0341675503711558,0.0
0.618998073217726,0.234797687861272,0.109171483622351,0.0,0.0297109826589595,0.0073217726396917
0.48668276268512,0.471645025759966,0.0405505598752875,0.0,0.0,0.0011216516796258
0.580547682952007,0.18836689877813,0.219636254434205,0.0,0.0080519529270444,0.0033972109086131
0.476466846875497,0.468397201462872,0.0539632692001908,0.0,0.0011726824614406,0.0
0.421620090634441,0.557949395770393,0.0204305135951661,0.0,0.0,0.0
0.71372802847954,0.203806711300795,0.0824652602196646,0.0,0.0,0.0
0.45102475379292,0.431394729837636,0.102031762931417,0.0,0.0092272202998846,0.0063215331381421
0.310252502368497,0.558779915146023,0.0962021666598014,0.0,0.0268978868888248,0.0078675289368538
0.620455893568342,0.262202355732565,0.023239555969833,0.0,0.0738073044657232,0.0202948902635369
0.207194610397864,0.652641837210288,0.130735985763315,0.0,0.0035591712215584,0.0058683954069742
0.427844254510921,0.50039886039886,0.0235517568850902,0.0469135802469135,0.0012915479582146,0.0
0.461892307977668,0.445810843395841,0.022313727672361,0.0699831209541298,0.0,0.0
0.46702924576706,0.357927142124166,0.171452026680349,0.0,0.0002462801436634,0.0033453052847614
0.468748088178314,0.48412423272223,0.0418867385851499,0.0,0.0,0.0052409405143055
0.576309556249607,0.34781059383319,0.0525499402603391,0.0,0.0233299096568637,0.0
0.497065639952153,0.451779306220096,0.0259980562200956,0.0,0.0251569976076555,0.0
0.316247974068071,0.627566180443004,0.0257518458490905,0.0,0.0281829641635152,0.0022510354763191
0.372364434865706,0.54681495638737,0.026147245999634,0.0,0.0310066486387572,0.0236667141085334
0.370889083406277,0.572985702971948,0.0282397565753824,0.0,0.0236338626985119,0.0042515943478804
0.343637127257455,0.598152036959261,0.0388282234355312,0.0,0.0186686266274674,0.0007139857202855
0.505758558271836,0.45688540568496,0.0373560360432041,0.0,0.0,0.0
0.471406930505586,0.469911001704223,0.0245408066654042,0.0,0.0341223253171747,1.89358076121947e-05
0.44136460554371,0.512803140505749,0.0230954705776856,0.0,0.0184325369148915,0.0043042464579638
0.545485115221046,0.37632281673425,0.0560577588764711,0.0,0.0185342696073583,0.0036000395608742
0.291728069495075,0.658729543162957,0.0317614209260839,0.0,0.0145621655161715,0.003218800899713
0.396964769647696,0.514211382113821,0.0109918699186991,0.0,0.0707642276422764,0.0070677506775067
0.43573674416615,0.513699655637071,0.0230573439137595,0.0,0.0275062562830192,0.0
0.584298828743273,0.337427455945974,0.0267173156062044,0.0,0.0476100031655587,0.0039463965389891
0.645313262509854,0.255696535155223,0.071361537595255,0.0,0.027553586846353,7.50778933143136e-05
0.443930802103879,0.485330374753452,0.0464743589743589,0.0,0.0242644641683103,0.0
0.338491037188977,0.589271381432266,0.0274012307143494,0.0,0.0448363506644073,0.0
0.610707647498419,0.323088125395213,0.0610880104240519,0.0,0.0,0.0051162166823155
0.434731656934017,0.535037540221666,0.0223056449370357,0.0,0.0,0.0079251579072816
0.557053509381515,0.273086468777921,0.148952645686489,0.0,0.0206889705152387,0.0002184056388364
0.349388007600194,0.575228668640361,0.0222924307366002,0.0,0.0,0.0530908930228447
0.461442957649331,0.481537683358624,0.0185542833494275,0.0,0.0129673058352876,0.0254977698073297
0.278341281560919,0.606768500810961,0.016872836427897,0.0,0.0626497857609721,0.0353675954392505
0.624714628578119,0.161817791566665,0.17174969267693,0.0,0.0278249331694276,0.0138929540088587
0.532958183758611,0.406791500921704,0.0262151935577762,0.0,0.0339963131852139,3.88085766954497e-05
0.66957086103135,0.235318412461157,0.0642135074538803,0.0,0.0308972190536128,0.0
0.482704056964529,0.452529559140258,0.0105489868577205,0.0,0.0542173970374928,0.0
0.194323101334012,0.721326568590962,0.0800799232110325,0.0,0.0,0.0042704068639934
0.602049962975954,0.344401574496278,0.0480143419462956,0.0,3.8972680151214e-05,0.0054951479013211
0.253002752523146,0.283447326716156,0.0278380181833347,0.422095253982818,0.013616648594545,0.0
0.339019114776584,0.604111347530202,0.0554099917351012,0.0,0.0013540366117431,0.0001055093463695
0.28861828537759,0.668997348522047,0.0246096435235195,0.0,0.0177747225768437,0.0
0.235404235404235,0.703268203268203,0.0441480441480441,0.0,0.0101205101205101,0.007059007059007
0.525729177107347,0.358745113761652,0.110494136513982,0.0,0.0014232735291169,0.0036082990879021
0.251192139106979,0.630533211309667,0.0142815856654303,0.0,0.0472279755310437,0.0567650883868792
0.594723796033994,0.223048473402581,0.15505980484734,0.0,0.0223677998111425,0.0048001259049417
0.128936382611852,0.839141482893184,0.0116616752881386,0.0,0.0124103820673382,0.0078500771394863
0.66158038147139,0.178935233703626,0.144372249004402,0.0,0.0073150282959547,0.0077971075246279
0.606740442655936,0.202816901408451,0.107464788732394,0.0,0.0374044265593561,0.0455734406438631
0.526422368472293,0.378305229954437,0.0313875150901514,0.0,0.0584719031114918,0.0054129833716266
0.616841190348082,0.254749389512023,0.092545838334506,0.0,0.0312487065932701,0.0046148752121187
0.501273049918988,0.402785278913664,0.0486652264485765,0.0,0.0278527891366406,0.019423655582131
0.444836700018879,0.0820653199924485,0.473097979988673,0.0,0.0,0.0
0.5202151217969,0.178572181799009,0.279278709269219,0.0,0.0209005588948644,0.0010334282400084
0.290635682891095,0.669318736773563,0.0256796353573172,0.0,0.0143659449780237,0.0
0.37801440651425,0.589635415707154,0.0217387299423371,0.0,0.0106114478362594,0.0
0.443503309868559,0.495068582002709,0.0419313607661344,0.0,0.0074209733112039,0.0120757740513935
0.551394939290018,0.273055890258597,0.168616183149504,0.0,0.0061173417369543,0.0008156455649272
0.357723577235772,0.602923175299169,0.0217959258244267,0.0,0.0175573216406321,0.0
0.635005853146571,0.266802567311185,0.058208533484035,0.0,0.0377628870140879,0.0022201590441206
0.616233800863954,0.24361367393739,0.137148240982703,0.0,0.0030042842159529,0.0
0.528224656864742,0.435893780800717,0.0253125890929825,0.0,0.0,0.010568973241559
0.352671520474594,0.584113409607458,0.0266188990330906,0.0,0.0291613698524596,0.0074348010323972
0.598377086465441,0.204001387764543,0.170868509309587,0.0,0.0184649782198064,0.0082880382406229
0.33623236652657,0.626773750572178,0.0286712995713869,0.0,0.0001664516665973,0.0081561316632682
0.467898209236569,0.18329877474081,0.0271630537229029,0.0,0.0174740810556079,0.304165881244109
0.657648840301374,0.226307430935145,0.0886209188949623,0.0,0.0274228098685182,0.0
0.592270035386223,0.143158357932564,0.11893804660714,0.0,0.0116609523111054,0.133972607762967
0.62718525836519,0.272045874318113,0.0638073965894935,0.0,0.0321936342940595,0.0047678364331429
0.322858506818323,0.62168164553021,0.0265468357583179,0.0,0.0289130118931484,0.0
0.52078038863041,0.414278453297885,0.064941158071705,0.0,0.0,0.0
0.477966299114769,0.445837863022208,0.0672464668426774,0.0,0.0089493710203447,0.0
0.571132965468138,0.297748309006764,0.0748932004271983,0.0,0.0454788180847276,0.0107467070131719
0.556070142105055,0.368008550053438,0.0401575426513082,0.0,0.0244824446819459,0.0112813205082531
0.568160171442178,0.245019445987777,0.173287562504961,0.0,0.0,0.0135328200650845
0.602946228302382,0.345666538686928,0.0513872330106896,0.0,0.0,0.0
0.633445911370382,0.294238051376522,0.0723160372530958,0.0,0.0,0.0
0.254705414184,0.634365118630214,0.0557121039385661,0.0,0.0540557981457979,0.0011615651014218
0.437977941176471,0.518400735294118,0.0205882352941176,0.0,0.0230330882352941,0.0
0.560333416066849,0.365289153636138,0.028377595764044,0.0,0.0433730454206999,0.0026267891122693
0.564386099777265,0.159087773244239,0.263083200283839,0.0,0.0,0.0134429266946563
0.510324892593399,0.406778989882991,0.0509414163812389,0.0,0.0280346076936783,0.0039200934486923
0.584569791176009,0.162427382634636,0.143625372899984,0.0,0.0103038153556288,0.0990736379337415
0.611075828781913,0.319228466186424,0.0382682223149643,0.0,0.0182177786648763,0.0132097040518226
0.145923843598262,0.729150694266973,0.0622071726722889,0.0,0.0258752875031944,0.036843001959281
0.632457642858617,0.277276760839507,0.0480425944651959,0.0,0.0369399673937718,0.0052830344429081
0.401986183074266,0.522659007283923,0.0234850191484568,0.0377337238116693,0.0110572951866035,0.0030787714950814
0.63477825608169,0.267033737110822,0.052237461207328,0.0,0.0309540494543998,0.0149964961457603
0.564216762646559,0.370592865724821,0.0250652525168827,0.0,0.0360856775904213,0.0040394415213158
0.475571824548782,0.446435750407313,0.0256659825225873,0.0,0.0450900319502338,0.0072364105710839
0.548401899823326,0.365463598191955,0.0226464447146823,0.0,0.0634880572700364,0.0
0.262150088670393,0.664354501986666,0.0734954093429411,0.0,0.0,0.0
0.573362240712528,0.183347005742412,0.234462283682956,0.0,0.0050197273330989,0.003808742529005
0.130202228993969,0.790845355552241,0.0695761501907217,0.0,0.0,0.0093762652630681
0.113982109872777,0.814395118610298,0.0598758898366643,0.0,0.0,0.0117468816802606
0.532154863897625,0.398915518924195,0.0206702093048476,0.0,0.0453746882116907,0.0028847196616419
0.418953611017135,0.525522895978029,0.0226273159664868,0.0,0.0321996457640948,0.0006965312742542
0.586581541218638,0.228270609318996,0.158228793309438,0.0,0.0269190561529271,0.0
0.314245505540029,0.625339438266833,0.0530613862956135,0.0,0.0067788547303324,0.0005748151671919
0.282620598508449,0.628339469460965,0.0819220239780987,0.0,0.0030775040120834,0.004040404040404
0.533968714785033,0.313119544664515,0.128788891647726,0.0,0.0241228489027255,0.0
0.553604765800348,0.375978016906845,0.03043651542802,0.0,0.0399807018647871,0.0
0.564741890205864,0.309244385527137,0.109404242046163,0.0,0.0086556456643792,0.0079538365564566
0.555794813773974,0.202576689355645,0.231518823336192,0.0,0.0002189820982134,0.0098906914359751
0.480420705774167,0.487489942143377,0.0313805126633204,0.0,0.000172420399249,0.0005364190198858
0.363350684403316,0.602062849431271,0.0260458839406207,0.0,0.0085405822247927,0.0
0.342273216206526,0.52513445679455,0.0178319588861001,0.0,0.114760368112824,0.0
0.585854570031408,0.314833220689381,0.0657774420546256,0.0,0.0306921639565856,0.0028426032679998
0.471428028286822,0.458938483765493,0.0351113983727473,0.0,0.027127214660482,0.0073948749144551
0.612409275978049,0.259337935917862,0.0619799964595503,0.0,0.0444990263763497,0.021773765268189
0.289661451165548,0.673201922466177,0.012724693527556,0.0,0.024411932840719,0.0
0.437746264775887,0.262655759345561,0.296217773066384,0.0,0.0033802028121687,0.0
0.564070099280518,0.364845853933036,0.0688532497286868,0.0,0.0022307970577595,0.0
0.485684696541457,0.464907549245938,0.0384258560055233,0.0,0.010981898207081,0.0
0.611033312952407,0.207392359125066,0.153606437742845,0.0,0.0208871619889154,0.0070807281907654
0.548620088232277,0.243233815532984,0.0723915050784856,0.0,0.0232892171950343,0.112465373961219
0.556984637370489,0.358510392367022,0.0361053317361242,0.0,0.0454153794422377,0.0029842590841266
0.62196103385675,0.294772697497707,0.0832662686455428,0.0,0.0,0.0
0.622946898421304,0.292596874501674,0.0534404401211927,0.0,0.0310157869558284,0.0
0.530738092535845,0.370956758597208,0.0757954072560814,0.0,0.0217909431392577,0.0007187984716074
0.36963696369637,0.538239823982398,0.0282728272827282,0.0,0.0613861386138613,0.0024642464246424
0.453660891686628,0.496778266763226,0.0495608415501457,0.0,0.0,0.0
0.578912114107843,0.250201934632282,0.170885951259875,0.0,0.0,0.0
0.578178841357778,0.315723342281113,0.0881832200582557,0.0,0.0071582233898756,0.010756372912978
0.190233785822021,0.724924585218703,0.0704918719624601,0.0,0.0127157700687112,0.0016339869281045
0.589774127310062,0.229609856262834,0.0651129363449692,0.0,0.0060985626283367,0.109404517453799
0.613318357478726,0.291248643606389,0.0249005311351824,0.0,0.0636410363799044,0.0068914313997982
0.208362077976377,0.647580223685586,0.129988502142782,0.0,0.0059788857531096,0.0080903104421448
0.615779478404753,0.22396254442209,0.124588684354023,0.0,0.0256660963089709,0.010003196510163
0.301267318930987,0.606277496880951,0.0224571541138617,0.0,0.0595136472081773,0.0104843828660231
0.321147902869757,0.652397350993377,0.0231523178807947,0.0,0.0,0.0033024282560706
0.366883306985186,0.595311981575814,0.0301930245720865,0.0,0.0,0.0076116868669125
0.571080567218569,0.31365364810267,0.0773191792759249,0.0,0.037946605402836,0.0
0.404959957524003,0.533604707756294,0.0182292818901818,0.0,0.0432060528295208,0.0
0.357251012605519,0.617007987280918,0.0182647537570503,0.0,0.0017413029488586,0.0057349434076541
0.229502051767677,0.741339172979798,0.0131983901515151,0.0,0.014263731060606,0.001696654040404
0.465097321907867,0.481619182058572,0.0235998170865061,0.0,0.0272779688649422,0.0024057100821122
0.620382207362245,0.278100108171895,0.0444815943881732,0.0,0.0312059527321598,0.0258301373455272
0.62034651552235,0.27811413113487,0.044505989952338,0.0,0.0311735153935334,0.0258598479969084
0.130381980682745,0.76065959505873,0.0938537733163817,0.0,0.0078369608531471,0.0072676900889959
0.20407400118087,0.657803581972053,0.118913599685101,0.0,0.0182838024011021,0.0009250147608738
0.252355998361045,0.662461452200729,0.0299540661189105,0.0,0.0552284833193159,0.0
0.467605136058429,0.472493815525975,0.0240703655711312,0.0,0.0253465268779204,0.0104841559665449
0.61135861851443,0.275074909320296,0.0955882352941176,0.0,0.017781107080902,0.0001971297902539
0.419253880821232,0.456580704389918,0.111938741445501,0.0,0.0006259389083625,0.0116007344349858
0.588485845038334,0.377260930720922,0.0331636190740337,0.0,0.0010896051667095,0.0
0.390317410543187,0.14405421413888,0.451116685829762,0.0,0.0105571234451761,0.003954566042995
0.296882743582119,0.598647041332144,0.0369957379324016,0.0,0.0674744771533353,0.0
0.339051928653018,0.566514366048678,0.0512476935242948,0.0,0.0349046656708549,0.0082813461031543
0.396804170444243,0.469129646418858,0.0598368087035358,0.0,0.0285358114233907,0.0456935630099728
0.65827802568691,0.300450766756518,0.0229234149545835,0.0,0.0183477926019888,0.0
0.0978183157484238,0.856056502805642,0.0222718114262192,0.0,0.0238533700197153,0.0
0.468278313864906,0.494017267648553,0.0334382935500253,0.0,0.0042661249365159,0.0
0.216438725931258,0.566402735288825,0.192572431167896,0.0,0.021504408853698,0.0030816987583228
0.369173216762641,0.562166365432306,0.0245470976419654,0.0,0.0319868857971501,0.0121264343659367
0.314321756914314,0.639079493109578,0.037309581605153,0.0,0.0,0.0092891683709551
0.347458306606799,0.457885663887107,0.180343970493906,0.0,0.0,0.0143120590121873
0.224065438422139,0.705629029381036,0.0222205234054481,0.0,0.0438294727722141,0.0042555360191626
0.451872593629681,0.51058802940147,0.0250481274063703,0.0,0.0101505075253762,0.0023407420371018
0.382312336444747,0.550967422884342,0.0278790875934969,0.0,0.0195545115493189,0.0192866415280954
0.247065366357479,0.683834190716428,0.0261385981289848,0.0,0.0,0.042961844797108
0.221403746529979,0.751579269492229,0.026077072722901,0.0,0.0,0.0009399112548908
0.307901776032002,0.633346988938959,0.021953394221269,0.0,0.0338819673711352,0.0029158734366339
0.378613563151069,0.545036187926202,0.0217545914738735,0.0,0.0545956574488557,0.0
0.501344375134438,0.119470136947014,0.376783537678354,0.0,0.002401950240195,0.0
0.226588146350198,0.698406382428426,0.0479477946004018,0.0,0.0153393152020372,0.0117183614189363
0.153089086315103,0.781135381856712,0.0532439481620344,0.0,0.0021599152335153,0.010371668432635
0.198884799329998,0.722059374517885,0.0651047980076256,0.0,0.0070085733806448,0.0069424547638463
0.234289659093216,0.702605023248259,0.0627195386895697,0.0,2.03041562607866e-05,0.0003654748126941
0.652657480314961,0.296476377952756,0.0508661417322834,0.0,0.0,0.0
0.452789030850732,0.484740833073647,0.026674976628233,0.0,0.0267373013399813,0.0090578581074062
0.171577051284706,0.790699600405806,0.0370815130748048,0.0,0.0,0.0006418352346839
0.0960494899066637,0.872346429346646,0.0223572823963533,0.0,0.0,0.0092467983503364
0.112366180561409,0.836761358846835,0.0152153755373851,0.0,0.0,0.0356570850543707
0.114699886749717,0.829218573046433,0.0527519818799547,0.0,0.0,0.0033295583238958
0.101712831132971,0.835598412287514,0.0227802226249029,0.0,0.0051988955043575,0.0347096384502545
0.240202356557377,0.501750341530055,0.0147925204918032,0.211513831967213,0.0317409494535519,0.0
0.508160978094753,0.427875700458482,0.0364136525725929,0.0,0.0275496688741721,0.0
0.639129143988125,0.267709054923305,0.0385551707075705,0.0,0.0454824344383968,0.0091241959426026
0.557916497943352,0.378423307261141,0.0196926749216768,0.0,0.0376377315061486,0.0063297883676818
0.334493338549925,0.646541605749233,0.0178530980376006,0.0,0.0009266313860346,0.0001853262772069
0.346475842031637,0.60882384590552,0.0249865490153879,0.0,0.0160766168083503,0.0036371462391047
0.538573096771763,0.376445549402946,0.0630956416920932,0.0,0.0,0.0218857121331977
0.658630238139191,0.204208971755584,0.111943880376592,0.0,0.0121100239985231,0.0131068857301089
0.594164615476977,0.2371575513798,0.131936523183446,0.0,0.0338996618038462,0.0028416481559304
0.314656863757461,0.600607174573016,0.0279217694801842,0.0,0.0018173932797753,0.054996798909564
0.686234116288025,0.222006160954948,0.0486715440893338,0.0,0.0381401617250673,0.0049480169426261
0.195719186595734,0.7367622930443,0.0277929697210759,0.0,0.036593248147964,0.0031323024909262
0.110035889937525,0.7844476937392,0.0458593646151801,0.0,0.0256812441845008,0.0339758075235943
0.103814950539092,0.730453938867589,0.15848672922536,0.0,0.0007202016564638,0.0065241797114956
0.466390596896307,0.445308905341532,0.013887146024177,0.0,0.0529133726523612,0.0214999790856234
0.589341307553662,0.203404063575291,0.191586105194167,0.0,0.0131492708504014,0.0025192528264787
0.624355430881564,0.279402664906563,0.0634256012540736,0.0,0.0306711769316447,0.002145126026154
0.624253731343284,0.260924543946932,0.081094527363184,0.0,0.0337271973466003,0.0
0.186292640538312,0.644326106815802,0.0223257057552193,0.104565406296651,0.0424901405940152,0.0
0.449366397203408,0.411932852669143,0.0245794188332969,0.0773250309518607,0.0207195397276236,0.0160767606146675
0.634623513072882,0.292615180242739,0.061892397802065,0.0,0.0,0.0108689088823138
0.656225027968675,0.171647754514943,0.0682207356332336,0.0,0.0509600675814516,0.0529464143016963
0.528832743810005,0.407377463365336,0.0485093481556341,0.0,0.0127539161192521,0.0025265285497726
0.600422177895695,0.361562445533242,0.0377442531518097,0.0,0.0,0.0002711234192536
0.59672100605496,0.145691662785282,0.257363763390778,0.0,0.0,0.0002235677689799
0.612123765030252,0.300547598989048,0.0574978938500421,0.0,0.0256758826683005,0.0041548594623573
0.603372028745163,0.305885104392567,0.0521537611089849,0.0,0.0385891057532848,0.0
0.596548254779042,0.25296029719062,0.121875241854346,0.0,0.0223279931893816,0.0062882129866109
0.316408227120048,0.62140523627663,0.0124235034279666,0.0,0.0360051534532738,0.0137578797220816
0.487162461266047,0.48273572377158,0.0276892430278884,0.0,0.0016821602478972,0.0007304116865869
0.483571984576673,0.454698502923553,0.0348292029470864,0.0,0.0255788273202874,0.0013214822323998
0.483189956874167,0.453340558603717,0.0378197746618799,0.0,0.023504707715234,0.0021450021450021
0.267115042895084,0.665131742362,0.0423409824789346,0.0,0.0211513842979154,0.004260847966066
0.512159218041571,0.402206127696324,0.0398830202751771,0.0268896347327719,0.0180965279004494,0.0007654713537066
0.479479250181346,0.280227541709617,0.174493185202153,0.0584507311113656,0.0073492917955178,0.0
0.470440251572327,0.376952104499274,0.129598451862603,0.0,0.0217126269956458,0.0012965650701499
0.252977161500816,0.594800163132137,0.0187805872756933,0.0995921696574225,0.0335848287112561,0.0002650897226753
0.641763942931258,0.202873391200239,0.155362665868502,0.0,0.0,0.0
0.688559981732506,0.202167189089324,0.0992464658626201,0.0,0.0,0.0100263633155502
0.617064499746064,0.308096931001959,0.0492091707175506,0.0,0.0249220053689327,0.0007073931654937
0.630505885348323,0.144910789478838,0.219471591688047,0.0,0.0,0.0051117334847921
0.284843457628426,0.621944867763653,0.051332008719304,0.0,0.0390439630394104,0.0028357028492061
0.242822278219806,0.672890335125697,0.0482946090200202,0.0,0.0359927776344768,0.0
0.288003027627097,0.621840965476641,0.0496614944703755,0.0,0.037340734199571,0.0031537782263151
0.489435782098138,0.471680975757445,0.0374559373715966,0.0,0.0014273047728206,0.0
0.368021438142028,0.550387754273417,0.0247878517195176,0.0243818263023265,0.0294165414754963,0.0030045880872142
0.331599858548457,0.560335323362386,0.0207392923262538,0.0517962265720882,0.0355292991908139,0.0
0.564677992888187,0.22627419992098,0.209047807190834,0.0,0.0,0.0
0.399814266130102,0.530822977933047,0.0325255384071109,0.0,0.0300933091584486,0.0067439083712908
0.33283119566153,0.565658087285874,0.0189377636222776,0.0,0.0572006542136524,0.0253722992166652
0.61888794165009,0.293587193331439,0.0587666950838306,0.0,0.0283224400871459,0.0004357298474945
0.506459613533723,0.130395350558969,0.357166654327386,0.0,0.0,0.0059783815799215
0.589834258509314,0.257995693486893,0.131368404417139,0.0,0.0198929298117382,0.0009087137749155
0.464350706070753,0.128530353763284,0.38551827049061,0.0,0.021600669675353,0.0
0.666141027138574,0.191936300276447,0.141922672584978,0.0,0.0,0.0
0.303829426116474,0.593508008910576,0.0478837381987907,0.0,0.0547788267741593,0.0
0.657111903579651,0.250101566379271,0.0455920191396199,0.0,0.0415970748882769,0.005597436013181
0.498839392043275,0.441636558141413,0.0279756978786105,0.0,0.0315483519367014,0.0
0.662642179647054,0.191361523636776,0.119922155462344,0.0,0.0197445489929335,0.0063295922608925
0.619348094649815,0.299382305426209,0.081269599923976,0.0,0.0,0.0
0.553878630050505,0.375828598484848,0.063940183080808,0.0,0.0,0.0063525883838383
0.654350093886918,0.200938869184227,0.123117045691634,0.0,0.0003546839140413,0.0212393073231796
0.419132373502626,0.102085931300306,0.478384914786683,0.0,0.0003967804103843,0.0
0.49419498381877,0.316929611650485,0.181755663430421,0.0,0.0071197411003236,0.0
0.624432830983633,0.320855614973262,0.0547115540431048,0.0,0.0,0.0
0.559924102826075,0.274944810348288,0.0996697743153746,0.0,0.0,0.0654613125102625
0.580907478697176,0.396859725766685,0.0222327955361391,0.0,0.0,0.0
0.596935003696377,0.313053207856301,0.0503106955183919,0.0,0.0397010929289296,0.0
0.617785346710599,0.207896782792196,0.139998519121839,0.0,0.0343193513753655,0.0
0.629881060283754,0.245888903275929,0.0980374021938181,0.0,0.0255267198165035,0.0006659144299957
0.594075324570923,0.340709031713493,0.0652156437155834,0.0,0.0,0.0
0.613878399168815,0.323423045415493,0.0298107854302783,0.0,0.0328877699854142,0.0
0.478915377478177,0.456287515858439,0.0280812709473405,0.0,0.036715835716044,0.0
0.54392615437334,0.378094748565065,0.0437119849224706,0.0,0.0323395870812987,0.0019275250578257
0.489008964755004,0.466187727700684,0.0361046297433378,0.0,0.0017397355601948,0.0069589422407794
0.318049842729252,0.624687474796355,0.057262682474393,0.0,0.0,0.0
0.232454069126807,0.714880028784097,0.0268726528592952,0.0,0.0214081719849783,0.0043850772448222
0.348049740561818,0.58064949006978,0.024020397208803,0.0,0.0472803721595992,0.0
0.312857272479811,0.628413937029308,0.0306914073133109,0.0,0.02803738317757,0.0
0.524346636058626,0.419742186120431,0.0201748190005297,0.0,0.0357363588204132,0.0
0.619310187473856,0.304445373997034,0.0326272958892649,0.0,0.035232155759212,0.0083849868806327
0.370920764504539,0.544868932967664,0.0357803431341284,0.0,0.0484299593936688,0.0
0.278903614192154,0.658140201547994,0.0210809499658206,0.0,0.0418752342940307,0.0
0.628285942897289,0.264261040963291,0.0682266154056322,0.0,0.0392264007337873,0.0
0.435791692441634,0.513666460466928,0.0208032625380896,0.0,0.0086374779480834,0.0211011066052649
0.227104810996563,0.673926116838488,0.0940936426116838,0.0,0.0,0.0048754295532646
0.409322844690124,0.185464724850289,0.393164664611459,0.0,0.0115693986747457,0.0004783671733815
0.131570433319673,0.74542199598818,0.114509414835106,0.0,0.0030412182127989,0.0054569376442421
0.522839909331899,0.433343578316493,0.0321756502362749,0.0,0.0,0.0116408621153328
0.431538353385422,0.458091469660755,0.041014722718782,0.0,0.0693554542350412,0.0
0.507503094059406,0.40611463490099,0.0484800433168316,0.0,0.0313273514851485,0.0065748762376237
0.476508908926183,0.489451658829112,0.0340394322447042,0.0,0.0,0.0
0.519082192070783,0.419575386829795,0.0206379781131596,0.0,0.040471604258832,0.0002328387274305
0.404647884404088,0.539171175653544,0.0245662043659431,0.0,0.0269502663930178,0.0046644691834069
0.300240630881757,0.595001548614586,0.0140804803087699,0.0,0.0615872108260072,0.0290901293688799
0.244725476825161,0.57888537598413,0.0362655755997768,0.108817390944971,0.0313061806459611,0.0
0.594758620689655,0.302748010610079,0.0911618037135278,0.0,0.0,0.0113315649867374
0.204863285326654,0.684116050928825,0.0684616990189939,0.0,0.0146733458568148,0.0278856188687121
0.557099463581723,0.342424438268812,0.0561838902173678,0.0,0.0414916305823046,0.0028005773497921
0.381629953938067,0.417065718064487,0.175559812103799,0.0,0.0257445158936471,0.0
0.322377376718043,0.610306064198832,0.0378298862688271,0.0,0.0294866728142976,0.0
0.448863748739147,0.422341330274322,0.11540515417021,0.0,0.0100472696346986,0.0033424971816221
0.312426668862312,0.626170725180626,0.0575121961260575,0.0,0.0017290710360017,0.0021613387950021
0.347825045511162,0.607789594711124,0.0313787486825716,0.0,0.0023234645971064,0.0106831464980358
0.680314238201732,0.248141139591337,0.0286904830169925,0.0,0.0428541391899382,0.0
0.450561840697141,0.483469652958263,0.0616495948631707,0.0,0.0,0.0043189114814248
0.536288968959112,0.35624286641452,0.106528209833718,0.0,0.0,0.0009399547926504
0.342730851274383,0.549930728124382,0.0644558309326413,0.0,0.0428825896685945,0.0
0.536222767398461,0.355706527437043,0.0284540059969386,0.0,0.0305927743180054,0.0490239248495523
0.601002144741587,0.257425930495189,0.116366466111185,0.0,0.0252054586520394,0.0
0.151275431168026,0.626190230300527,0.0151399359702571,0.179448518021274,0.0279458845399153,0.0
0.59204639284137,0.351249111892006,0.0566276859266086,0.0,7.68093400157459e-05,0.0
0.659276045813683,0.241705967620097,0.0608399175190379,0.0,0.0001837447173393,0.0379943243298421
0.451417073674073,0.0911467290362523,0.450711976336245,0.0,0.0067242209534291,0.0
0.284080055087852,0.580199471334325,0.0804549190341855,0.0,0.0327861569559519,0.0224793975876852
0.55169540414076,0.365788517830054,0.0224344593295301,0.0,0.0545905177018567,0.0054911009977992
0.604105336938019,0.322979873835987,0.0247321517973365,0.0,0.0480825072594372,0.0001001301692199
0.589006035602414,0.200874780349912,0.202154480861792,0.0,0.0031515012606005,0.0048132019252807
0.511555963595721,0.457009420405556,0.0310554047581031,0.0,0.0,0.0003792112406195
0.408918047370177,0.49058156343823,0.0239297231179806,0.0,0.0762815523184699,0.0002891137551428
0.278821659517952,0.57042391517342,0.043850290666028,0.0,0.0760303947397069,0.0308737399028935
0.554325639817868,0.388130004710316,0.05724996074737,0.0,0.0002943947244465,0.0
0.568153754232225,0.341147181836288,0.0680143397729536,0.0,0.0226847241585341,0.0
0.363473298002446,0.594944965348553,0.0270485120260905,0.0,0.012291072156543,0.0022421524663677
0.619751879239748,0.253193179734767,0.0951333292591008,0.0,0.0301900629468923,0.0017315488194911
0.533190156599553,0.391874720357942,0.048662192393736,0.0,0.0262729306487695,0.0
0.640402224359242,0.247815361458377,0.0730860893924823,0.0,0.03259188025254,0.0061044445373583
0.252402441020365,0.671584558909491,0.0263742430264911,0.0,0.049124365778952,0.000514391264701
0.595945917793379,0.262348701068728,0.113122643278265,0.0,0.020291243932418,0.0082914939272098
0.492611135785521,0.423264828198813,0.0273347599628537,0.0,0.0339564743408567,0.0228328017119554
0.462800393890507,0.490875568312766,0.0145613777787089,0.0,0.0317626600180184,0.0
0.340987136413417,0.600727637220871,0.0554637759174354,0.0,0.0028214504482765,0.0
0.5790289542158,0.351694993448855,0.0417243351971802,0.0,0.0233995829411873,0.0041521341969772
0.65375598613421,0.224858236319554,0.0822529905624461,0.0,0.0388723024826176,0.0002604845011721
0.219324672820612,0.68619700657974,0.0260538430020968,0.0,0.0639415776915475,0.0044828999060037
0.141152667440269,0.771430271653426,0.0559671516558064,0.0,0.0240709333809396,0.0073789758695587
0.238807522315625,0.400658635930323,0.342282693474304,0.0,0.0168472137966894,0.0014039344830574
0.265622018192998,0.639935539958864,0.0503169992154534,0.0,0.0416021712855961,0.0025232713470876
0.312691638352532,0.588050053865915,0.0341841385597082,0.0,0.0628366619706637,0.0022375072511809
0.528387541661878,0.414971459219247,0.0230050185802398,0.0,0.0336359805386354,0.0
0.51347504447982,0.425807659893248,0.0412398164622155,0.0,0.0,0.0194774791647158
0.508840563034557,0.392858512637594,0.0744448279829708,0.0,0.0238560963448778,0.0
0.60811994105461,0.308865301240843,0.027379706554471,0.0,0.0,0.0556350511500758
0.668278382700069,0.302215792278992,0.0012754130815502,0.0,0.0003045762582806,0.0279258356811086
0.651666054265215,0.262352781914173,0.041984954263281,0.0,0.0301301514243168,0.0138660581330135
0.316280395910553,0.629363366054336,0.024072339212252,0.0,0.0226060038287646,0.0076778949940939
0.296763187628775,0.647406783791568,0.0195848195493719,0.0,0.0357578040188758,0.0004874050114097
0.599695245835026,0.231023973994311,0.143904916700528,0.0,0.025375863470134,0.0
0.560843735398171,0.335202367443206,0.0157532874974968,0.0,0.0807022228155663,0.0074983868455599
0.503839897098324,0.297242083758938,0.198747777399463,0.0,0.0,0.0001702417432754
0.621032132424537,0.182103213242454,0.173846153846154,0.0,0.0188704965920155,0.0041480038948393
0.597652057734849,0.366187003088245,0.036160939176906,0.0,0.0,0.0
0.562274568279364,0.281298486710863,0.130513631692426,0.0,0.0259133133173474,0.0
0.585946296685051,0.340140079009141,0.0739136243058073,0.0,0.0,0.0
0.56851052295301,0.232260063118357,0.199229413928634,0.0,0.0,0.0
0.711822909289573,0.208049209850064,0.0289957710285101,0.0,0.0442119746666396,0.0069201351652131
0.618018967334036,0.292666744721539,0.0504819888381532,0.0,0.0388322991062717,0.0
0.598333712348308,0.315478282441959,0.079096979595212,0.0,0.007091025614521,0.0
0.635970005314019,0.280186581117518,0.0571945915093782,0.0,0.0226928300104312,0.0039559920486527
0.53370317925242,0.399259014994278,0.0392799643085756,0.0,0.0222877427113844,0.0054700987333423
0.267338552308363,0.64000550976836,0.0182970224293487,0.0,0.0743589154939277,0.0
0.630236354866239,0.261697154094468,0.105877332937553,0.0,0.0021891581017401,0.0
0.62519170633577,0.287171111597984,0.060051387256757,0.0,0.0275857948094887,0.0
0.60922967960785,0.29938680036531,0.062885579557527,0.0,0.0274355581234972,0.0010623823458147
0.554457802642543,0.305995318017696,0.120104749434591,0.0,0.01944212990517,0.0
0.626969764746548,0.279071186027124,0.0451597161505459,0.0,0.0487993330757813,0.0
0.612019104814494,0.267809999798472,0.109772072308095,0.0,0.0,0.0103988230789383
0.472730036041513,0.472056971644448,0.0308524034912501,0.0,0.0243605888227886,0.0
0.341257488859988,0.586508325693452,0.0403385710935334,0.0,0.0,0.0318956143530264
0.503772890402135,0.370341400570535,0.0272844391276341,0.0,0.0384650777583509,0.0601361921413453
0.555477541786125,0.348994597546467,0.0437462212080432,0.0,0.0361593821309461,0.0156222573284184
0.311163815009317,0.59825512451296,0.0828392342876503,0.0,0.0037269185160088,0.004014907674064
0.413527464733233,0.338856489873118,0.222614075183229,0.0,0.0238592481677043,0.0011427220427141
0.585431544582738,0.311507855539686,0.0562130177514792,0.0,0.0468475821260967,0.0
0.405434996824841,0.555258720739265,0.0229487376004554,0.0,0.0,0.0163575448354391
0.437438478539457,0.233883698902364,0.328677822558178,0.0,0.0,0.0
0.495729218516675,0.28959681433549,0.214673967147835,0.0,0.0,0.0
0.277662136239337,0.653279457981307,0.0262642341128933,0.0,0.0427941716664625,0.0
0.224139793075145,0.697129403633065,0.0408017798129468,0.0,0.0379290234788431,0.0
0.433426742909077,0.151777937668043,0.41479531942288,0.0,0.0,0.0
0.543491426624778,0.292876338998448,0.148624096294334,0.0,0.0150081380824406,0.0
0.582359577725844,0.375956966717705,0.0342896284954468,0.0,0.0073938270610041,0.0
0.595894882885824,0.335101607769526,0.0354198971680404,0.0,0.0038766016485758,0.0297070105280339
0.390512709207543,0.585467612019486,0.0240196787729706,0.0,0.0,0.0
0.514012105132244,0.443868667606334,0.0421192272614211,0.0,0.0,0.0
0.286952111247305,0.642208039223974,0.0375755526438141,0.0,0.0317849444186144,0.0014793524662918
0.379293757516125,0.564228708866295,0.0155242155898108,0.0,0.0409533180277686,0.0
0.459757513220689,0.497205382862548,0.0178640526247904,0.0,0.025173051291973,0.0
0.428075272966654,0.512178512246612,0.020611536104238,0.0,0.0346173926860826,0.0045172859964134
0.463886695853968,0.509533720902414,0.0227517404722601,0.0,0.001961769420321,0.0018660733510371
0.544269240849131,0.418930724207216,0.0278457237704201,0.0,0.0089543111732331,0.0
0.651932803835138,0.308862662251925,0.0323996018606918,0.0,0.0068049320522456,0.0
0.55685150051742,0.380756295274232,0.0211926526388409,0.0,0.0411995515695067,0.0
0.157706496310959,0.758030412092856,0.0403770019794853,0.0,0.0174554615799892,0.0264306280367104
0.638007151561158,0.228550310633452,0.124193451726962,0.0,0.0,0.0092490860784274
0.212167076167076,0.727823095823096,0.0493955773955773,0.0,0.0093169533169533,0.0012972972972972
0.278789101917255,0.676468213925328,0.0202018163471241,0.0,0.0220787083753784,0.0024621594349142
0.479807188893502,0.461482912386489,0.0417035258435485,0.0,0.0168980520301131,0.0001083208463468
0.599116521056248,0.314557769706489,0.0719348188868165,0.0,0.0,0.0143908903504466
0.33912083952619,0.564248074584516,0.0400171148043057,0.0,0.0497455298833491,0.0068684412016394
0.659250800383368,0.220966985460552,0.117906156324558,0.0,0.0016109627031546,0.0002650951283672
0.63324231803733,0.232904067161138,0.102514467356753,0.0,0.0313391474447795,0.0
0.519916759919116,0.208669532952471,0.271413707128413,0.0,0.0,0.0
0.620970073034899,0.325381072591679,0.0443605110515869,0.0,0.0,0.0092883433218353
0.291844759787998,0.621473756197641,0.0267994528979312,0.0447512395281244,0.0138057787656009,0.0013250128227047
0.544504162714722,0.390283486141848,0.0362946569712298,0.0,0.0289176941721993,0.0
0.497992837183675,0.435514975008855,0.040517139596206,0.0,0.0259750482112637,0.0
0.611587317979965,0.346504182588041,0.0419084994319942,0.0,0.0,0.0
0.576253528063496,0.318255005588074,0.0865109583072872,0.0,0.0,0.0189805080411433
0.538486932599725,0.156515359926639,0.281834021091242,0.0,0.0231636863823933,0.0
0.499368980405181,0.477427211336212,0.021963910107384,0.0,0.0010184877670762,0.000221410384147
0.599963509568602,0.224882419721051,0.155124878365229,0.0,0.0198061952643529,0.0002229970807654
0.568763984260474,0.363127845073682,0.029955250366484,0.0,0.03103541393411,0.0071175063652495
0.618361853489713,0.26266102672563,0.069159776965968,0.0,0.0243606998654104,0.0254566429532782
0.556189966963928,0.144098382569175,0.299711650466897,0.0,0.0,0.0
0.395040643375994,0.388187478381183,0.0158465928744379,0.0,0.200925285368385,0.0
0.391342861931097,0.549546314252197,0.0115157173980703,0.0,0.0453446335799277,0.0022504728387081
0.592956839166846,0.265041872450075,0.124779901223964,0.0,0.0172213871591153,0.0
0.659198137292947,0.237393027103205,0.068197136496395,0.0,0.035007454913094,0.0002042441943587
0.335554547674702,0.605205316959146,0.053326588284548,0.0,0.0059135470816034,0.0
0.537577210108922,0.185771906237213,0.252625630833382,0.0,0.0240252528204828,0.0
0.338687293823228,0.550494824252076,0.024684336252986,0.0502786941189853,0.0358548515527243,0.0
0.580868014931194,0.223596486340929,0.181718572993853,0.0,7.42845469571192e-05,0.013742641187067
0.120582552510751,0.828018199572019,0.0418631707975817,0.0,0.0079155672823219,0.0016205098373257
0.452265203821054,0.382540433178852,0.150023645133831,0.0,0.0151707178662631,0.0
0.58474833232262,0.27272210430564,0.101481958762887,0.0,0.0277440873256519,0.0133035172832019
0.380253248365472,0.0922287511379624,0.527518000496565,0.0,0.0,0.0
0.362153781367839,0.581589878069789,0.0305495473077732,0.0,0.0236586719751928,0.0020481212794058
0.528862682390566,0.393224065560664,0.0454327403557865,0.0,0.0324805116929842,0.0
0.478471046566178,0.437371244416342,0.019132314846921,0.0430579068676443,0.0162767454667836,0.0056907418361311
0.174612686997825,0.614440449238691,0.198472943578817,0.0,0.0016424734762729,0.0108314467083943
0.491205211726384,0.462234144472121,0.0275531711055757,0.0,0.0,0.0190074726959187
0.253539546255757,0.70732169594966,0.0171528212126381,0.0,0.0219859365819449,0.0
0.43150919929665,0.504031393403954,0.014302869151263,0.0,0.0501565381481322,0.0
0.144314527293251,0.826209187911316,0.0294762847954337,0.0,0.0,0.0
0.371085649651243,0.571144299449111,0.0251984667267128,0.0,0.0325715841729331,0.0
0.442504297475798,0.484067673934678,0.0537772550438794,0.0,9.04731747037004e-05,0.01956030037094
0.464649904459201,0.464158011237868,0.0558866375314527,0.0,0.0153054467714777,0.0
0.290333340745847,0.604772176388178,0.0388489848562342,0.0,0.0651559963530432,0.0008895016566968
0.474069615809008,0.415447888454208,0.0892767579496438,0.0,0.0212057377871401,0.0
0.602218906118212,0.318929907653712,0.0644477605484547,0.0,0.0098185514392612,0.0045848742403598
0.594484023418213,0.268745150596036,0.099762526157391,0.0,0.0353859537748936,0.0016223460534668
0.578437930356089,0.354259295691521,0.0334841628959276,0.0,0.0338186110564627,0.0
0.517445091702517,0.18025565550318,0.283814660052284,0.0,0.0079660772730079,0.0105185154690105
0.518830848227511,0.373871827787104,0.0754616372074652,0.0,0.0283400809716599,0.0034956058062604
0.410714285714286,0.546301344965467,0.0151081424936386,0.0,0.0220374409305707,0.0058387858960378
0.571409943557551,0.18836503176052,0.240225024681929,0.0,0.0,0.0
0.155047034491961,0.795716859029955,0.0255965485800698,0.0,0.0172126225898992,0.0064269353081148
0.378726098046882,0.596361876035674,0.0199035543391237,0.0,0.0,0.0050084715783202
0.622881100924793,0.287548396156392,0.0440731007643082,0.0,0.0451764328271379,0.0003209693273686
0.632504647687092,0.243775744541246,0.0967265701891882,0.0,0.0269930375824736,0.0
0.487027469055496,0.136453183659815,0.363491060476527,0.0,0.0062818273055049,0.0067464595026576
0.539969611277593,0.332060102139872,0.0931920820495505,0.0,0.0347782045329844,0.0
0.578162780009192,0.338528865175949,0.055851967308115,0.0,0.0133884859021241,0.01406790160462
0.464700240746903,0.472529408310661,0.0307490556066626,0.0,0.0296725450666457,0.0023487502691276
0.208338648637156,0.740421822511375,0.0231747246672619,0.0,0.0237487774801207,0.0043160267040864
0.28955523734211,0.632093013315095,0.0195772510632841,0.0,0.0587744982795101,0.0
0.460351900811378,0.327413620202388,0.200528762877199,0.0,0.0109763880025526,0.0007293281064819
0.56023414226233,0.12464939635198,0.297451263915263,0.0,0.0156094841553283,0.002055713315099
0.62063414155296,0.280141356631,0.090900166879356,0.0,0.0075586531854324,0.0007656817512515
0.415175167907061,0.557378834634235,0.0274459974587039,0.0,0.0,0.0
0.665601555987774,0.275255031159449,0.0561068550787917,0.0,0.0030365577739848,0.0
0.561177959462446,0.223940860971053,0.197605512143187,0.0,0.0172756674233141,0.0
0.552193225985564,0.2433568652336,0.179324978186722,0.0,0.021436503529785,0.0036884270643293
0.596565199506376,0.254566022213081,0.135623200329083,0.0,0.0084738790621143,0.0047716988893459
0.428157933798427,0.510711988521102,0.0157092672307159,0.0,0.045420810449755,0.0
0.378157665505226,0.561759581881533,0.0131315331010452,0.0,0.0469512195121951,0.0
0.435495506034197,0.511746700200815,0.0179173734183385,0.0,0.0278606383186134,0.0069797820280361
0.492531665737274,0.442583446188162,0.0349916354656257,0.0,0.0269656655779494,0.0029275870309886
0.360227141036041,0.596986904623943,0.0244292502028044,0.0,0.0183567041372117,0.0
0.580394340238447,0.32937201221034,0.0595734060322153,0.0,0.030660241518997,0.0
0.423266427042526,0.494144016800614,0.0231412301603327,0.0532288679778684,0.0062194580186583,0.0
0.512071498024288,0.385336284833564,0.0794215611229492,0.0,0.0231085917620042,6.20642571942818e-05
0.595940443876736,0.329813986907233,0.0387793389749321,0.0,0.0354662302410985,0.0
0.3,0.630108239452176,0.0332228849127457,0.0,0.0325822840733377,0.0040865915617406
0.554784711243374,0.127183111689761,0.302297033386032,0.0,0.0,0.0157351436808332
0.277892257874595,0.418631412743865,0.0128187973345465,0.273958305456686,0.0166992265903069,0.0
0.314964157706093,0.634910394265233,0.0501254480286738,0.0,0.0,0.0
0.518463948673953,0.377335969264053,0.104200082061994,0.0,0.0,0.0
0.295632133450395,0.233318700614574,0.0711369622475856,0.391110623353819,0.0,0.0088015803336259
0.389643987952738,0.221001621746853,0.0564136226735655,0.330623986408217,0.0,0.0023167812186269
0.478586723768737,0.0985010706638115,0.0315176659528907,0.390256959314775,0.0,0.0011375802997858
0.229549065135036,0.371477453256752,0.0211658316021019,0.376805572528413,0.0010020774776976,0.0
0.348323882769558,0.250363901018923,0.0290686306458971,0.368050576810272,0.0041930087553498,0.0
0.4259766615931,0.132338914256722,0.0393505834601725,0.401907661085743,0.0,0.0004261796042617
0.329146664459526,0.219727694090382,0.0360246647905975,0.415100976659493,0.0,0.0
0.326974734301398,0.125491493751703,0.183672674893915,0.362732121306497,0.0,0.0011289757464865
0.401324044827139,0.238501146640128,0.0188654753147851,0.341309333217948,0.0,0.0
0.286249473520871,0.312917026889229,0.0337833344417104,0.36705016514819,0.0,0.0
0.538755323008765,0.0862948039796054,0.0473962610040674,0.327553612007562,0.0,0.0
0.23697721259034,0.124718613008965,0.296828719244895,0.334840646104024,0.0,0.0066348090517752
0.343868520859671,0.260873422494289,0.023288309268747,0.371969747377293,0.0,0.0
0.167638678657288,0.420131778114148,0.0206348499688362,0.390147805182085,0.0014468880776422,0.0
0.233930785706234,0.363814677037538,0.0291060759779055,0.36334122421373,0.0098072370645924,0.0
0.180288672457664,0.350179871896113,0.0271562691936474,0.430222865666403,0.0120865139949109,6.58067912608581e-05
0.43510874891628,0.207339138301481,0.0245768781333634,0.322910776885672,0.0,0.0100644577632025
0.484773909563825,0.173369347739096,0.0389155662264905,0.30234093637455,0.0005402160864345,6.00240096038415e-05
0.185167577846446,0.315837240962033,0.0321758108779739,0.458586338786006,0.0,0.0082330315275406
0.253602305475504,0.33316255737005,0.0580851745116874,0.355149962642758,0.0,0.0
0.253784433800198,0.317144647224075,0.0293457830594797,0.388124254734332,0.0116008811819155,0.0
0.400014887044549,0.266961926383565,0.0206929919237783,0.312330194648107,0.0,0.0
0.200742873836651,0.348524685947999,0.040920662743625,0.408935353282417,0.0,0.0008764241893076
0.276347913599344,0.309428406358909,0.0675401159215013,0.346515832044281,0.0,0.0001677320759639
0.196574698385386,0.540425361637422,0.0295912446729757,0.233408695304216,0.0,0.0
0.333630289532294,0.267523790240939,0.04300465681312,0.355841263413646,0.0,0.0
0.224526483561288,0.164757774565403,0.316208903221024,0.292245820823603,0.0,0.0022610178286815
0.270465472263545,0.304443438328698,0.0233921911044994,0.390531013517884,0.0111678847853739,0.0
0.167787703625854,0.384629532317394,0.0218076720966894,0.413373620599054,0.0077246452968996,0.0046768260641093
0.151553403060436,0.391107218300788,0.0326137358957184,0.424725642743057,0.0,0.0
0.150962562870097,0.411907534501127,0.0188548351131042,0.410197963380491,0.0050296077896979,0.003047496345482
0.186998541210795,0.366976659372721,0.0322073304157549,0.413817469000729,0.0,0.0
0.156206737425012,0.398374609034507,0.0214838742757524,0.41367994667487,0.0102548325898579,0.0
0.177228738349017,0.363109307407573,0.0361236230656022,0.423538331177809,0.0,0.0
0.202854159415245,0.351572108133194,0.0287040259890938,0.414456433460958,0.0024132730015082,0.0
0.420997024451248,0.113609901246281,0.100586484971323,0.364806589331148,0.0,0.0
0.277437452302869,0.334962770455624,0.0299073902192521,0.345131283130169,0.0104572736835591,0.0021038302085267
0.224878850628696,0.365775035757744,0.0261084900625493,0.383237623551011,0.0,0.0
0.286750052195039,0.148936170212766,0.150929071687513,0.399851955890447,0.0,0.013532750014235
0.266701068610376,0.288567804080931,0.0213722075297254,0.423358919778968,0.0,0.0
0.243760122928693,0.326799285684621,0.0287802649611694,0.400660326425516,0.0,0.0
0.296006486924792,0.360754105007095,0.0310966957226839,0.30557470099331,0.0,0.0065680113521183
0.148806446437167,0.16019824220491,0.376945429911041,0.312998056798531,0.0010518246483518,0.0
0.254478386676385,0.363527930554635,0.0380138272259404,0.343979855543039,0.0,0.0
0.423842225743969,0.125354620336131,0.0530022891354111,0.391305198489562,0.0,0.0064956662949267
0.23243375749337,0.362690259175896,0.0224633966973458,0.37015577295924,0.012256813674147,0.0
0.164732082602241,0.337832366041301,0.0168713726548792,0.405790255095154,0.0,0.0747739236064246
0.312398541100078,0.274914089347079,0.023696582548015,0.388990787004828,0.0,0.0
0.236116430486404,0.123898889314439,0.295650878760798,0.33956764117622,0.0,0.0047661602621388
0.0869527860119431,0.114447738110581,0.485973278343429,0.28994286205267,0.0121579241311165,0.0105254113502599
0.253348318816147,0.3323264962068,0.0298538915425681,0.381169804252131,0.0018731853516905,0.001428303830664
0.204000548020277,0.342626843859889,0.0317851760515139,0.403000411015208,0.0,0.0185870210531122
0.419694145395062,0.141077338608438,0.0432533191311294,0.395975196865371,0.0,0.0
0.214860496572595,0.366675072789381,0.0395469864050069,0.363373759141658,0.0093995735803205,0.0061441115110387
0.374636373678978,0.219004308281474,0.0339139080163493,0.366240748241706,0.0,0.0062046617814928
0.47852784503632,0.11052784503632,0.086411622276029,0.324532687651332,0.0,0.0
0.172268815556091,0.376004554711279,0.0233209976569514,0.428405632075678,0.0,0.0
0.264675885296838,0.513365432508717,0.0399658452124,0.080382343872299,0.0872133013922819,0.014397191717464
0.606380615850581,0.234568399798082,0.157415446744069,0.0,0.0,0.001635537607269
0.679194810405939,0.248601172562919,0.0582045966249804,0.0,0.0055507256069016,0.0084486947992599
0.494595559899994,0.379194315468917,0.113465045021336,0.0,0.0,0.0127450796097524
0.422957797328368,0.422881790715792,0.0595891842590305,0.0342979839246014,0.0602732437722081,0.0
0.658593449376401,0.276375653591073,0.0650308970325267,0.0,0.0,0.0
0.603763350354451,0.162373978265342,0.225389521725305,0.0,0.0,0.0084731496549015
0.410761124923021,0.250986474465707,0.0234016832789727,0.0,0.0490386150582761,0.265812102274023
0.645188301609346,0.234866432481006,0.104689159382403,0.0,0.0,0.0152561065272445
0.373590296225753,0.501528745426294,0.0390957846724474,0.0,0.0834294020349857,0.0023557716405192
0.568344249752748,0.225176808673422,0.197279292392095,0.0,0.0054675399802198,0.0037321092015152
0.563101398451867,0.255463370824958,0.181435230723175,0.0,0.0,0.0
0.387074884240779,0.380388791314067,0.0423718665176433,0.179985629889829,0.0101788280376816,0.0
0.269974789706213,0.623168509597384,0.0339215735217033,0.0,0.0729351271746998,0.0
0.233664704179133,0.405076730045362,0.0334185889392915,0.0,0.308898754946434,0.0189412218897789
0.290095693779904,0.392631578947368,0.0367224880382775,0.0,0.269066985645933,0.0114832535885167
0.528793337664639,0.399818872679306,0.0447108853582186,0.0,0.0266769042978363,0.0
0.689480917644571,0.215456179300137,0.0832646157099059,0.0,0.0,0.0117982873453853
0.569724789442407,0.282977110186684,0.134224061968483,0.0,0.0,0.0130740384024262
0.552285842917366,0.276654524618344,0.0655261326893954,0.0,0.105533499774895,0.0
0.323940406770018,0.136182619826483,0.521778552126298,0.0,0.0114137391551699,0.006684682122031
0.36994783652944,0.466919353022854,0.156546703193605,0.0,0.0065861072540998,0.0
0.581667869050637,0.103086552147718,0.0,0.0,0.0,0.315245578801646
0.41665868836764,0.421579703207276,0.151268549545237,0.0,0.0087505983724269,0.0017424605074198
0.442011424614852,0.438397957417345,0.0999004673706075,0.0,0.0189977496970746,0.0006924009001211
0.164644123261522,0.543564221434415,0.264271429870012,0.0,0.027497500227252,2.27252067993819e-05
0.118798748861702,0.747080017420913,0.107277190481847,0.0,0.0194203587124361,0.0074236845231025
0.637418388098041,0.245424381890185,0.0895429733490313,0.0,0.0,0.0276142566627421
0.655763794367082,0.218029525704115,0.125557533242592,0.0,0.0,0.0006491466862108
0.585108410769597,0.330783893257088,0.0645937574457946,0.0,0.0079342387419585,0.0115796997855611
0.524383817090968,0.195638073617642,0.277039078968704,0.0,0.0029390303226852,0.0
0.179159562731922,0.5949854578277,0.0447497743456022,0.0,0.0349814461939624,0.146123758900812
0.357544103992572,0.538416898792943,0.0790622098421541,0.0,0.0249767873723305,0.0
0.387737584304108,0.532409564684243,0.0388963825873697,0.0,0.0404169221336603,0.0005395462906192
0.152738503499589,0.681206505825963,0.0709343601468022,0.0,0.018410444618254,0.0767101859093917
0.299659810304819,0.61878477932728,0.0497893527384144,0.0,0.028251515083245,0.003514542546241
0.130314213187141,0.7896286183579,0.0471639753407709,0.0,0.0233366752703769,0.0095565178438106
0.47114175245726,0.436670238039782,0.0473983323240322,0.0,0.0389202031024362,0.0058694740764894
0.245342343610681,0.67316626777418,0.0474447416584541,0.0,0.0311136139659298,0.002933032990755
0.3197022057255,0.582618712402406,0.0664704125602628,0.0,0.0300140790989376,0.001194590212893
0.278914590747331,0.591439304072756,0.078242388295769,0.0,0.0503163305654408,0.001087386318703
0.508507069254733,0.371740409123587,0.051151340870967,0.0,0.059233601289676,0.0093675794610374
0.246332617182988,0.658188370642456,0.025781412433294,0.0,0.0625129946635248,0.0071846050777369
0.284320341938024,0.596957426466453,0.0465103200044991,0.0,0.0719307125583488,0.0002811990326753
0.547982419329903,0.383726837025421,0.0491640347196148,0.0,0.0116173774764229,0.0075093314486383
0.528631732490552,0.381903772625809,0.0335933874068999,0.0,0.0444007337503038,0.0114703737264349
0.205014258555133,0.496316539923954,0.037690114068441,0.0701758555133079,0.181535171102662,0.0092680608365019
0.375907302142545,0.425491910800175,0.0720813292522955,0.0,0.09984696108439,0.0266724967205946
0.424442765394787,0.430151534231625,0.0605507282877891,0.0,0.0820845401502749,0.0027704319355244
0.646906163151872,0.216466405100539,0.114292136668301,0.0,0.0,0.0223352950792872
0.482932214616913,0.36489291234268,0.0390373150805917,0.0,0.091410907485096,0.0217266504747184
0.450183335440637,0.460656635900029,0.0423357356597968,0.0,0.0468242929995363,0.0
0.366069679890323,0.516244858877549,0.0432398320022631,0.0,0.0744456292298652,0.0
0.539016493187596,0.398878724005302,0.0535431017623155,0.0,0.0085616810447858,0.0
0.0939426762206298,0.813739376770538,0.0379520079986668,0.0,0.0543659390101649,0.0
0.763301576073742,0.153960078693163,0.0496695329251309,0.0,0.0,0.0330688123079643
0.527813658020116,0.34134462678666,0.114727368978295,0.0,0.0,0.0161143462149285
0.561329332605928,0.323786142935079,0.114225313693399,0.0,0.0,0.0006592107655937
0.609977566499306,0.22484777267386,0.154086101912189,0.0,0.0,0.0110885589146458
0.222426081433914,0.639357373038835,0.0761884600004704,0.0,0.06202808552678,0.0
0.409124060055831,0.478661066820914,0.0397605814450619,0.0,0.0724542916781933,0.0
0.154598600626036,0.776468422021727,0.0310486098324433,0.0,0.0358129257963542,0.0020714417234395
0.675371233789131,0.183657877208792,0.102045214120597,0.0,0.0,0.0389256748814794
0.479047619047619,0.169238095238095,0.291180952380952,0.0265714285714285,0.0188190476190476,0.0151428571428571
0.249475516671874,0.629513904387805,0.1164576172834,0.0,0.0039057269115743,0.0006472347453466
0.348167821899765,0.548530586685669,0.0829824447755392,0.0,0.0158277730992636,0.0044913735397637
0.335298696244405,0.470908737108387,0.173029772329247,0.0,0.0207627943179606,0.0
0.708201337557198,0.141264812859322,0.140169736790645,0.0,0.0,0.010364112792835
0.401404394825447,0.434121920964026,0.0535176324650008,0.0570839978734715,0.0538720538720538,0.0
0.614789666117562,0.167664430069509,0.204869621117763,0.0,0.0,0.0126762826951665
0.661915396741986,0.222346295323174,0.0833990190926607,0.0,0.0,0.032339288842179
0.699306636479411,0.239894344606386,0.0529691995660582,0.0,0.0073581434837979,0.000471675864346
0.366978566687365,0.540650493544312,0.0634648737768451,0.0,0.0286705350833993,0.0002355309080787
0.409559666066459,0.531715501718776,0.0,0.0,0.0309788836143394,0.0277459486004256
0.155524519750191,0.829165458905373,0.0,0.0,0.0153100213444359,0.0
0.288655445305909,0.626682199815209,0.0523641184268669,0.0,0.0322982364520146,0.0
0.44798698657991,0.456506710044734,0.0759861732411549,0.0,0.0154127694184627,0.0041073607157381
0.37753914818135,0.538251730912281,0.0827404680615689,0.0,0.0014686528447996,0.0
0.343663494809689,0.531509515570934,0.0805363321799308,0.0,0.0442906574394463,0.0
0.610729448089541,0.217271323813199,0.165476649942107,0.0,0.0,0.0065225781551524
0.565941937386761,0.271162516327476,0.158703071672355,0.0,0.0,0.0041924746134074
0.655527824877593,0.215321305416373,0.129150869706034,0.0,0.0,0.0
0.665792345140171,0.239004532482793,0.0935244250461641,0.0,0.0,0.0016786973308712
0.484411062864296,0.378007276141298,0.0030121660212025,0.0,0.0068458318663693,0.127723663106834
0.547097705071461,0.263692553668571,0.166474935168756,0.0,0.0099050441632382,0.0128297619279739
0.432049176689894,0.380675513736629,0.0830411433136567,0.0,0.0746083174293196,0.0296258488305002
0.624881090793785,0.318444139097347,0.0566747701088679,0.0,0.0,0.0
0.467862481315396,0.464950594995438,0.0357191388581523,0.0,0.0276629200396016,0.0038048647914118
0.427085260798947,0.456567774830897,0.0463825325356195,0.0,0.037562449885894,0.032401981948642
0.71965395448652,0.241985961461081,0.0090311619797022,0.0,0.0,0.0293289220726963
0.405456019769866,0.254556336396633,0.0147501737585913,0.287705614333153,0.0375318557417561,0.0
0.281587479038569,0.45041922861934,0.0072666294019005,0.142895472330911,0.117831190609279,0.0
0.518771392219056,0.418866369191621,0.0498897908714585,0.0,0.0,0.0124724477178646
0.537679669466374,0.371636956142223,0.0776676430081663,0.0,0.0,0.0130157313832366
0.161768394648829,0.499895484949833,0.312959866220736,0.0,0.0201714046822742,0.0052048494983277
0.729057682114627,0.270942317885373,0.0,0.0,0.0,0.0
0.452185840396722,0.482731333309886,0.0566946857524707,0.0,0.0,0.0083881405409207
0.233577399348696,0.592707058555102,0.120117815436311,0.0163033332641928,0.0295990541577648,0.0076953392379332
0.365706068020096,0.500905814018639,0.0668621481799675,0.0340474011542125,0.0268382421605065,0.0056403264665782
0.29695953830812,0.558294965097282,0.0740701449152362,0.0339267149010205,0.0334599308310878,0.0032887059472534
0.28733432123158,0.524985593150572,0.0565160121840783,0.0885197991273565,0.038836749814769,0.003807524491644
0.570435905968017,0.327546047094286,0.077864119477774,0.0,0.0,0.0241539274599228
0.431010661332563,0.125853215928072,0.417503557214443,0.0,0.0215082589239684,0.0041243066009527
0.765225867913242,0.166781132995104,0.0665972483771628,0.0,0.0,0.0013957507144914
0.581014395963194,0.260092015434847,0.158875037102998,0.0,0.0,1.85514989611161e-05
0.66069953749587,0.222910472414932,0.113643871820284,0.0,0.0,0.0027461182689131
0.291063269573298,0.213234724696043,0.145860760473941,0.309900875087121,0.0399403701695965,0.0
0.673909082627312,0.24874738088731,0.0685752026965473,0.0,0.0,0.0087683337888311
0.45961755183085,0.12255156252795,0.4178308856412,0.0,0.0,0.0
0.559065858109229,0.180229664719002,0.250566788933331,0.0,0.0,0.0101376882384384
0.456631194555615,0.292451264270301,0.238837350841925,0.0,0.003190645690784,0.0088895446413751
0.479922898164328,0.0491974563600007,0.463385635279494,0.0,0.0,0.0074940101961773
0.57555421505052,0.154068013874227,0.24112124868044,0.0,0.0,0.0292565223948122
0.38668894570491,0.517182372717573,0.0660117166267388,0.0,0.030116964950778,0.0
0.515218098958333,0.33331298828125,0.135111490885417,0.0,0.0111897786458333,0.0051676432291666
0.379672101367001,0.412620918297834,0.0904900313365729,0.0,0.108338253326672,0.0088786956719197
0.610859642086365,0.161347619320461,0.21942741458011,0.0,0.0,0.0083653240130636
0.473541533107427,0.466727722318894,0.0563055224837439,0.0,0.0028390878285557,0.0005861342613792
0.576853898902087,0.110428298422453,0.31271780267546,0.0,0.0,0.0
0.461513534121235,0.433625619519634,0.103736179946626,0.0,0.0,0.0011246664125047
0.0,0.739772792472316,0.0,0.0,0.0,0.260227207527684
0.681154478719564,0.131934694532472,0.186910826747964,0.0,0.0,0.0
0.388482893769903,0.322058463297134,0.282906017800278,0.0,0.0016126398301624,0.004939985302523
0.344063467010031,0.430229901767357,0.151481796847417,0.0,0.0688251542024049,0.0053996801727897
0.734799791539998,0.16533483887779,0.0647746026231217,0.0,0.0,0.0350907669590897
0.171125265392781,0.580127388535032,0.235902335456475,0.0,0.0117197452229299,0.0011252653927813
0.453147590949943,0.404907975460123,0.0537884412488765,0.0468719471689265,0.0412840451721308,0.0
0.487450838827352,0.374479889042996,0.048201698554139,0.0715520680941614,0.018315505481352,0.0
0.520146061554512,0.33660928534168,0.143140323422013,0.0,0.0,0.0001043296817944
0.492836850649351,0.407528409090909,0.0637581168831168,0.0,0.0211850649350649,0.0146915584415584
0.606731749963573,0.272912720384671,0.108553110884453,0.0,0.0,0.0118024187673029
0.552464374908183,0.382675921845159,0.0648597032466578,0.0,0.0,0.0
0.374949234334313,0.524905038343009,0.0524618361642657,0.0,0.0460593898564227,0.00162450130199
0.447290555279584,0.451782898857476,0.0586812379862206,0.0,0.0422453078767197,0.0
0.422264325527087,0.462272256614747,0.0718644665242008,0.0,0.0355356788790729,0.0080632724548919
0.388730728801682,0.463975998598458,0.0625,0.0,0.0847932725998598,0.0
0.558124174372523,0.385568031704095,0.0563077939233817,0.0,0.0,0.0
0.541450777202073,0.379003768252473,0.0507732768095462,0.0,0.0259067357512953,0.0028654419846129
0.414683382915427,0.494305142371441,0.0732469188270293,0.0,0.0169995750106247,0.0007649808754781
0.528647395973432,0.337002627821805,0.125907840013243,0.0,0.00130356514722,0.0071385710443005
0.298498736767377,0.594053410728081,0.0882801244440732,0.0,0.0134884012277368,0.0056793268327312
0.438823475721066,0.457603139832055,0.0296412924424972,0.0,0.0649872216137276,0.0089448703906535
0.492000891265597,0.412544563279857,0.049331550802139,0.0,0.0391042780748663,0.0070187165775401
0.64666037897625,0.282303009517277,0.0710366115064734,0.0,0.0,0.0
0.671338079488761,0.202795373432741,0.125679690565615,0.0,0.0,0.0001868565128837
0.462443714515673,0.407191490287355,0.075047312436101,0.0,0.0415044267037915,0.0138130560570794
0.369059394281946,0.510809665112336,0.061725778342989,0.0,0.058405162262729,0.0
0.616478979706549,0.25261178842091,0.130909231872541,0.0,0.0,0.0
0.433314642742711,0.44038369112464,0.0448173662287728,0.0,0.0332225248317846,0.0482617750720922
0.509400672658102,0.150098325706199,0.319200161732003,0.0,0.0,0.0213008399036959
0.360628927878887,0.405695862439549,0.0430343667499941,0.0,0.166250029203561,0.0243908137280097
0.511273526320818,0.322107576191841,0.0447836056176554,0.0,0.106835769561479,0.0149995223082067
0.329312515739108,0.387484260891463,0.0364643666582724,0.0,0.202694535381516,0.0440443213296398
0.582928834259767,0.083281139904486,0.310302982854459,0.0,0.0,0.0234870429812886
0.584444533697486,0.335729777492168,0.0586794120009639,0.0,0.0,0.0211462768093822
0.693784027260977,0.174395832517332,0.120010967059653,0.0,0.0,0.0118091731620383
0.651474404340646,0.31313989148384,0.035385704175513,0.0,0.0,0.0
0.189996122528112,0.782086079875921,0.0086444814451565,0.0,0.0129097005223182,0.0063636156284925
0.627468096603899,0.266450513364094,0.105728062518186,0.0,8.31358856050214e-05,0.0002701916282163
0.270536235509966,0.219352014010508,0.0015219748144441,0.456550746393128,0.0520390292719539,0.0
0.274425155944171,0.539722318766349,0.172389192748825,0.0,0.0134633325406552,0.0
0.327303430079156,0.581994722955145,0.0907018469656992,0.0,0.0,0.0
0.243716100711225,0.619483781102927,0.107274760990228,0.0,0.0198805478758204,0.0096448093197982
0.474311598521874,0.281519450073509,0.237056462828307,0.0,0.0052846982159176,0.0018277903603925
0.293347628783723,0.443773998902907,0.0455792150800379,0.0,0.179948137435795,0.0373510197975365
0.581589628403673,0.156618197580486,0.256472396264334,0.0,0.0,0.0053197777515072
0.158653390232338,0.775983878615458,0.0401375059269796,0.0,0.0205784732100521,0.004646752015173
0.62983839098151,0.113646290480251,0.245283803739678,0.0,0.0,0.0112315147985607
0.616063403872865,0.150584198055397,0.202467521856361,0.0,0.0,0.030884876215377
0.596857674761155,0.341380086332113,0.0617622389067326,0.0,0.0,0.0
0.633511811023622,0.198404199475066,0.165249343832021,0.0,0.0,0.0028346456692913
0.530241383357459,0.38404209537968,0.080728453503384,0.0,0.0,0.0049880677594773
0.48883389196352,0.069783303453114,0.410281393717359,0.0,0.0277496297451087,0.0033517811208979
0.546297059065821,0.109172913749073,0.342408765137161,0.0,0.0,0.0021212620479446
0.299690186324562,0.614892874285465,0.0659117685560937,0.0,0.0181742811013657,0.0013308897325129
0.367369567754737,0.536863401159398,0.0566276310158347,0.0,0.0391394000700307,0.0
0.443833593173053,0.437228193977189,0.0899934356281283,0.0,0.026790842701239,0.0021539345203905
0.533113547776037,0.160139885614367,0.294342646898109,0.0,0.0,0.0124039197114859
0.368340306834031,0.546901773261606,0.0661884837617055,0.0,0.018350268977884,0.0002191671647738
0.670159236328246,0.211024372062204,0.11154825751144,0.0,0.0,0.0072681340981094
0.556634534860931,0.162803128842008,0.256757479108387,0.0,0.0,0.0238048571886748
0.577789890773391,0.355437220906099,0.0521394578502694,0.0,0.0,0.0146334304702404
0.379985917243093,0.501242596197656,0.0651948805036656,0.0,0.0475085946237004,0.006068011431885
0.497533575775033,0.053955280308213,0.435656932992475,0.0,0.0,0.0128542109242789
0.380606380870599,0.576766409053879,0.0002642182442697,0.0,0.0275227337781007,0.0148402580531519
0.500018224895207,0.11244760342628,0.0276653909240021,0.0,0.0032258064516129,0.356642974302898
0.667264071688603,0.152114253710445,0.180621674600952,0.0,0.0,0.0
0.562557111005519,0.0920355276143133,0.340144011111517,0.0,0.0,0.0052633502686501
0.662586848501796,0.20473660435802,0.122330013551593,0.0,0.0,0.0103465335885908
0.364571481644879,0.532937051570808,0.0669886455987182,0.0,0.0355028211855945,0.0
0.517328398384926,0.378215193659339,0.0988672050246747,0.0,0.0,0.0055892029310602
0.438499474199514,0.24273851397904,0.318762011821445,0.0,0.0,0.0
0.630269138222975,0.251269940290527,0.102219053560289,0.0,0.0,0.0162418679262097
0.655639611916058,0.31651493781254,0.0,0.0,0.0,0.0278454502714023
0.556670049176489,0.177503707751151,0.261786745765358,0.0,0.0,0.0040394973070017
0.630329536208299,0.267290480065094,0.0840113913751017,0.0,0.0,0.0183685923515052
0.663983417520275,0.214042784407639,0.101024330361635,0.0,0.0,0.0209494677104505
0.350583825861323,0.526140022103695,0.0785642208447455,0.0,0.0392821104223727,0.0054298207678631
0.474573664276239,0.442427854574818,0.0471997385269067,0.0,0.0349912521869532,0.0008074904350835
0.627251475008349,0.290637871535122,0.0557274852499165,0.0,0.0,0.0263831682066124
0.577697389116074,0.113184177414281,0.305206039635105,0.0,0.0,0.0039123938345391
0.55669978436549,0.360492533403196,0.0828076822313133,0.0,0.0,0.0
0.529024202842874,0.0803303880138301,0.365847099500576,0.0,0.0,0.0247983096427199
0.676261053918292,0.219569494050461,0.0865213820501556,0.0,0.0,0.0176480699810913
0.181793913507742,0.69803345791066,0.0682283324434952,0.0,0.0491857981847303,0.0027584979533724
0.690848286063412,0.191823697129505,0.117328016807083,0.0,0.0,0.0
0.385372145854992,0.468195294751839,0.0575064495013669,0.0523275961649532,0.0365985137268491,0.0
0.685984271420925,0.197080742784206,0.105879688722362,0.0,0.0,0.0110552970725079
0.640772913372181,0.303251521781513,0.0559755648463054,0.0,0.0,0.0
0.611417376645861,0.297302838398105,0.0411636065424392,0.0,0.0470408674654881,0.0030753109481069
0.674395018632954,0.257795179017878,0.0391763762441624,0.0,0.0,0.0286334261050049
0.230918160490171,0.594720178575496,0.142883174270551,0.0,0.024189690909505,0.0072887957542764
0.472806807947507,0.0724539121804179,0.384711526090393,0.0,0.0,0.0700277537816825
0.128792897840201,0.771079015944525,0.0839848063248089,0.0,0.0120577712998542,0.0040855085906099
0.115940772215839,0.774275370173651,0.0932425694278838,0.0,0.0141999262904589,0.0023413618921672
0.617888227210261,0.322446174988548,0.046472743930371,0.0,0.0,0.0131928538708199
0.420186113099499,0.470082950861089,0.0500021053518042,0.0,0.0592235462545791,0.0005052844330287
0.622020303999103,0.157496214033317,0.220483481967581,0.0,0.0,0.0
0.269870839542971,0.574701937406856,0.135680576254347,0.0,0.0197466467958271,0.0
0.218585874421886,0.544759739750725,0.221956572861958,0.0,0.0135219879281962,0.0011758250372344
0.570394800659618,0.258938791347366,0.163604617324668,0.0,0.0,0.007061790668348
0.636587033633916,0.297512714218556,0.0658788837129791,0.0,0.0,2.1368434548485e-05
0.493853246254322,0.159296965040338,0.238513253937764,0.0,0.0,0.108336534767576
0.527633804353756,0.0981140996962918,0.352956153272592,0.0,0.0,0.0212959426773601
0.523319307172913,0.396124865446717,0.0775809766121929,0.0,0.0022311380761326,0.0007437126920442
0.370607289098947,0.520993338358425,0.0905127630533542,0.0,0.0178866094892741,0.0
0.289226795331043,0.376830665009625,0.0413285571557375,0.0,0.258376586982479,0.034237395521115
0.626335725677831,0.241846092503987,0.119517543859649,0.0,0.0,0.0123006379585326
0.498321020819342,0.417595701813297,0.0738558956154658,0.0,0.0,0.0102273817518948
0.67740408457689,0.186172850637933,0.128668680402146,0.0,0.0,0.0077543843830305
0.353346433938273,0.567448849843949,0.0450121373251647,0.0,0.029869379262513,0.0043231996301005
0.463075431759283,0.175849176047004,0.355180122257611,0.0,0.0058952699361016,0.0
0.575035092065065,0.272025431425976,0.124741970109818,0.0,0.0,0.0281975063991412
0.49632784052336,0.418214733897015,0.0854574255796251,0.0,0.0,0.0
0.5745731731031,0.101699529420916,0.323727297475985,0.0,0.0,0.0
0.643069423360629,0.226080263411088,0.130850313228282,0.0,0.0,0.0
0.626151171028057,0.302384990232488,0.0708842281519009,0.0,0.0,0.0005796105875533
0.587447349447881,0.24555079118127,0.149774219253975,0.0,0.0,0.0172276401168747
0.646919622992597,0.225395412806925,0.127684964200477,0.0,0.0,0.0
0.543398838595547,0.339768488251356,0.106583855708957,0.0,0.0101911317924854,5.76856516555782e-05
0.428419006069803,0.438685508345979,0.0477285660091047,0.0,0.0851669195751138,0.0
0.468533710513908,0.457406883545497,0.0518623290900518,0.0,0.0221970768505422,0.0
0.656535074700703,0.182329078856238,0.160641139804096,0.0,0.0,0.000494706638963
0.530519067400172,0.192264511058718,0.260263463193743,0.0,0.0,0.0169529583473672
0.164415957564372,0.677776549895016,0.135506685821638,0.0,0.0190739308210852,0.0032268758978892
0.591332314228425,0.154156161283278,0.114530186019733,0.0,0.0,0.139981338468563
0.681915150539366,0.234120914506521,0.0741829013041378,0.0,0.0,0.0097810336499758
0.184593957574459,0.583929719305764,0.216798800085708,0.0,0.0102421255624598,0.0044353974716091
0.593332587120364,0.156126408476979,0.242593836280874,0.0,0.0,0.0079471681217819
0.338096340898564,0.420866141732283,0.0596109309865678,0.0,0.158267716535433,0.0231588698471514
0.293756378142685,0.610000927729845,0.0692272010390574,0.0,0.0206141571574357,0.0064013359309769
0.41055592930096,0.489103622612277,0.0600167166126434,0.0,0.0371842700752247,0.003139461398895
0.591787734505351,0.229621942782729,0.151528099947096,0.0,0.0,0.0270622227648231
0.494814850460769,0.423810784148601,0.0294988089795721,0.0,0.0518755564110584,0.0
0.366589941539527,0.545332328437863,0.0501497158454362,0.0,0.0193917666469761,0.0185362475301977
0.230936308852026,0.644407061178425,0.0333681139669087,0.0,0.0237005174506505,0.0675879985519899
0.516647341394732,0.403201093258241,0.050501076693722,0.0,0.0296504886533046,0.0
0.662637503197749,0.286486313635201,0.0,0.0,0.0,0.0508761831670504
0.662666122089918,0.286468315058594,0.0,0.0,0.0,0.0508655628514876
0.110814689060005,0.699347197801087,0.170072151821985,0.0,0.0149962610400371,0.0047697002768851
0.170875743222816,0.601249622090094,0.200060465585004,0.0,0.0239846820517988,0.0038294870502872
0.295521835677276,0.477146558105107,0.0620836417468541,0.0,0.0857929311621021,0.0794550333086602
0.480950570342205,0.438783269961977,0.0489163498098859,0.0,0.0161596958174904,0.015190114068441
0.593985554309106,0.203440199956702,0.19308811084214,0.0,0.0009643581114325,0.0085217767806183
0.378839590443686,0.402449086749428,0.206597157109102,0.0,0.0085699283651502,0.0035442373326332
0.619797390452974,0.277239394968729,0.0701540551881231,0.0,0.0,0.0328091593901732
0.351051099323081,0.103752522816982,0.521120220043223,0.0,0.0119130543499615,0.0121631034667523
0.351365797394998,0.416912819647228,0.0551101358764452,0.0,0.176611247081329,0.0
0.369972036997204,0.438063143806314,0.0720585072058507,0.0,0.115102411510241,0.00480390048039
0.432050621734972,0.364481397002919,0.0722782233340691,0.0,0.124518676575185,0.006671081352856
0.735072326298316,0.205596395541854,0.0593312781598292,0.0,0.0,0.0
0.0868029326816263,0.819906687402799,0.0220617640524327,0.0,0.0639413463674739,0.0072872694956676
0.492647517627239,0.421597786975603,0.0573639218785748,0.0,0.0249381226731005,0.0034526508454834
0.269180610508167,0.553878119404965,0.126279259963308,0.0,0.0454012952852501,0.0052607148383103
0.423846394844023,0.454236226111086,0.0582509063241283,0.0,0.0583180414447477,0.0053484312760148
0.245732874879038,0.597582820317486,0.116638184850419,0.0,0.0364224093557619,0.0036237105972945
0.391860419216042,0.463506098764457,0.123435834682035,0.0,0.0128883274779931,0.0083093198594718
0.253186087839553,0.627138867732927,0.0493272404163493,0.0,0.065092663112465,0.0052551408987052
0.515216750889438,0.405334360624533,0.045163044709828,0.0,0.0155453330009744,0.0187405107752271
0.410212277682157,0.490257325598691,0.0526550647032574,0.0,0.0298336201950659,0.0170417118208282
0.392950967823291,0.516992076669259,0.0576910951850528,0.0,0.0255984531640781,0.0067674071583194
0.229030749704972,0.689519271447975,0.0568234953574848,0.0,0.0244928859299503,0.0001335975596179
0.367945706081963,0.533020099190812,0.0538762725137039,0.0,0.0451579222135212,0.0
0.470497777590529,0.405974173706052,0.0492089907522487,0.0,0.0564765857049567,0.0178424722462134
0.503727466598618,0.0703388440296739,0.42197838251645,0.0,0.0019138581557698,0.0020414486994878
0.213074340119862,0.632464827644834,0.117418285374251,0.0,0.0265864751136991,0.0104560717473541
0.133021558594078,0.734229510947068,0.111211307776193,0.0,0.0167142018287056,0.0048234208539552
0.17885129745202,0.699192905072498,0.098962976866407,0.0,0.018699263291258,0.004293557317817
0.210514018691589,0.658156329651657,0.104141886151232,0.0,0.017714528462192,0.0094732370433305
0.666928469045141,0.214573229397789,0.107561507196293,0.0,0.0,0.0109367943607767
0.490896953513776,0.419812274952462,0.048994619088077,0.0,0.0218270825747461,0.018469069870939
0.129095221105211,0.740571284655907,0.0680000839507209,0.0,0.0550506852477595,0.0072827250404012
0.0879871013673388,0.837866700169609,0.0439726113449337,0.0,0.0254203572251188,0.0047532298929999
0.114487771768879,0.814113371138309,0.0268648873513892,0.0,0.0199899284040899,0.0245440413373327
0.094304010785305,0.774362431187507,0.0814739916863273,0.0,0.0421750365127513,0.0076845298281092
0.0932418021860837,0.788967386474718,0.0383675464320625,0.0,0.0498533724340175,0.0295698924731182
0.306158488878954,0.391013747624902,0.0,0.214060578965016,0.0887671845311277,0.0
0.526189116423268,0.391245818715836,0.0781594191074488,0.0,0.0,0.004405645753447
0.725004487524681,0.175871078402042,0.0791001017172261,0.0,0.0,0.0200243323560501
0.656569310064201,0.284609820056063,0.0537797269192512,0.0,0.0,0.0050411429604846
0.339517499150527,0.560221995696002,0.0467323592705855,0.0,0.0295616717635066,0.0239664741193793
0.341623505262907,0.50982170561138,0.008282215910447,0.0,0.0359214263551089,0.104351146860157
0.548751866865799,0.341001221948523,0.110246911185678,0.0,0.0,0.0
0.602144720316878,0.147637909380736,0.24666215824558,0.0,0.0,0.0035552120568061
0.64549686882004,0.187788398154252,0.161317567567567,0.0,0.0,0.005397165458141
0.356405885519469,0.461308989772116,0.0488740355284407,0.0,0.13271577247443,0.0006953167055445
0.737155303177628,0.131830733927113,0.130450001944693,0.0,0.0,0.0005639609505659
0.216412905789722,0.666476242517573,0.0574252999180348,0.0,0.0583443034201833,0.0013412483544869
0.127749531709928,0.766604227990367,0.0627776291142627,0.0,0.0417714744447417,0.001097136740701
0.113542282672975,0.707142387804718,0.153317125522921,0.0,0.0259982039993867,0.0
0.638976411479179,0.30803457378864,0.0329983820148173,0.0,0.0,0.0199906327173635
0.593060391898296,0.130962437928832,0.275977170172872,0.0,0.0,0.0
0.650065859624914,0.216186832256581,0.119613623533839,0.0,0.0,0.0141336845846662
0.650041884142019,0.219043323238181,0.130914792619799,0.0,0.0,0.0
0.206309662398137,0.520139697322468,0.0332945285215366,0.079464493597206,0.107264260768335,0.0535273573923166
0.514286233596278,0.365825729761169,0.045057981024392,0.0748300556181613,0.0,0.0
0.621691336957816,0.225385928013016,0.131275050597246,0.0,0.0,0.0216476844319219
0.576362000860417,0.17562282451406,0.232156126559506,0.0,0.0094450310923383,0.006414016973679
0.536958743262468,0.318913178512032,0.128378784539243,0.0,0.0102390446229987,0.0055102490632576
0.612073290654037,0.285817495835758,0.102109213510205,0.0,0.0,0.0
0.62213085381264,0.0839101488089624,0.293826974217763,0.0,0.0,0.0001320231606344
0.665421839867045,0.231205396421938,0.103372763711018,0.0,0.0,0.0
0.627474120082816,0.220434782608696,0.135507246376812,0.0,0.0,0.016583850931677
0.562349155269509,0.181530858522009,0.246350994138605,0.0,0.0,0.009768992069877
0.324720253859184,0.486364612411424,0.0287261708777706,0.0,0.0573807649178059,0.102808197933815
0.590211088965392,0.360640514585976,0.0411985867004892,0.0,0.0025593404602283,0.0053904692879144
0.511286974571873,0.404051449329083,0.0785825487434205,0.0,0.0,0.0060790273556231
0.510775460808043,0.405976540681437,0.0808275926270713,0.0,0.0,0.0024204058834481
0.270620423271908,0.586967892492154,0.113180976905126,0.0,0.0241812183149593,0.0050494890158525
0.514865130931286,0.348808820633983,0.0944280370151604,0.0242173656231541,0.0101004134672179,0.0075802323291986
0.53842580944824,0.247527626715179,0.166457006831685,0.0198757523562539,0.0136440169534168,0.0140697876952255
0.514886712411784,0.319883486794518,0.151173929192814,0.0,0.0050436924520555,0.009012179148828
0.28764936801691,0.478387472499029,0.0415857814589534,0.0958543634873387,0.0840343384668478,0.0124886760709201
0.677717571144937,0.155484778292522,0.152837524818001,0.0,0.0,0.01396012574454
0.691822137963721,0.14207850402861,0.166099358007669,0.0,0.0,0.0
0.649121152685576,0.246888201569101,0.0996529873264936,0.0,0.0039227519613759,0.0004149064574532
0.59834857569701,0.0765348353622837,0.319483980376718,0.0,0.0,0.0056326085639876
0.288981494282385,0.549799537850809,0.0838188533170067,0.0,0.0774001145497995,0.0
0.28190311279346,0.58138364273346,0.0915716989489791,0.0,0.045141545524101,0.0
0.305185954436295,0.532853032171524,0.0899591094956837,0.0,0.0720019038964972,0.0
0.542496694340277,0.360045954089264,0.0558168772895757,0.0,0.0416404742808835,0.0
0.407907025007783,0.449392964615544,0.0597696378541039,0.0258586697104908,0.0570717028120784,0.0
0.357917993371889,0.451166417570992,0.0494075855047978,0.0483245608334957,0.0931834427188251,0.0
0.571826673993249,0.182745898422168,0.228981866708533,0.0,0.0,0.0164455608760499
0.475395372433112,0.377550345192668,0.0644286123916448,0.0,0.0766482122769482,0.0059774577056267
0.354995548859823,0.382273048916889,0.0443516172475975,0.0,0.142527791093154,0.0758519938825355
0.606545908334594,0.228180305551354,0.126418091060354,0.0,0.0003214339736802,0.0385342610800181
0.592604090577064,0.097790357925493,0.296785975164353,0.0,0.0,0.0128195763330898
0.593421156737084,0.201697127937337,0.199343302476462,0.0,0.0036395284437059,0.0018988844054118
0.584872357028724,0.0947010516145814,0.309650328861804,0.0,0.0,0.0107762624948905
0.660988441454304,0.124464610510258,0.214546948035438,0.0,0.0,0.0
0.346116970278044,0.449775914736115,0.0693215010368124,0.0,0.110414947936409,0.0243706660126201
0.751170244656075,0.164802730186547,0.0840270251573777,0.0,0.0,0.0
0.602521746403479,0.33426731348277,0.0629600200736032,0.0,0.000209100033456,4.18200066912011e-05
0.609970348406227,0.113250555967383,0.253020756115641,0.0,0.0,0.0237583395107487
0.590879909365559,0.247432024169184,0.161688066465257,0.0,0.0,0.0
0.541707537553132,0.288173407958764,0.160867809128152,0.0,0.0,0.0092512453599523
0.694322677215867,0.148251897786806,0.157425424997327,0.0,0.0,0.0
0.586565311821284,0.0786728203537077,0.300961836798014,0.0,0.0337224635432826,7.75674837108284e-05
0.5546699875467,0.264860938148609,0.164134495641345,0.0,0.0154628476546284,0.0008717310087173
0.647720473854254,0.228331538430856,0.103107175621236,0.0,0.0,0.020840812093654
0.554855798618186,0.258210309889418,0.186933891492396,0.0,0.0,0.0
0.678061464661182,0.275559839501468,0.0463786958373495,0.0,0.0,0.0
0.653336049709687,0.234878272384639,0.111194866048691,0.0,0.0004889477437098,0.0001018641132728
0.660373467321609,0.138100416213581,0.201526116464809,0.0,0.0,0.0
0.642333836858006,0.171261329305136,0.183893504531722,0.0,0.0,0.0025113293051359
0.65854509626832,0.261197093476744,0.0703846627529865,0.0,0.0,0.0098731475019499
0.682791232666624,0.235627409632138,0.0807719343089015,0.0,0.0,0.000809423392336
0.540311448956977,0.404280965064059,0.0554075859789645,0.0,0.0,0.0
0.579969814575248,0.328094006037085,0.0877749029754204,0.0,0.0,0.0041612764122466
0.519920766199024,0.403193857338316,0.0660213604525312,0.0,0.0005105270681451,0.0103534889419837
0.30812920097248,0.560994545120232,0.0975749279833289,0.0,0.0333013259239585,0.0
0.225954198473282,0.651145038167939,0.0547148630444544,0.0,0.0356982487651549,0.0324876515491692
0.393332372580103,0.486669548926358,0.0395349954364221,0.0,0.0576211750012009,0.0228419080559158
0.310989448070939,0.561802484733628,0.0792213565428979,0.0,0.047986710652535,0.0
0.629684123407973,0.327509310772909,0.0428065658191181,0.0,0.0,0.0
0.66172596182853,0.248798342819218,0.0836836071837982,0.0,0.0,0.0057920881684532
0.409575640065218,0.442603445996563,0.0533865068523333,0.0,0.0656590137927995,0.0287753932930859
0.307453203208923,0.561767193106758,0.0339176742166251,0.0,0.0757890887482001,0.0210728407194935
0.639107907186303,0.200352249687685,0.159147228081673,0.0,0.0,0.0013926150443384
0.455630757661215,0.411473021244595,0.0408911449520586,0.0,0.0629817634893777,0.0290233126527542
0.219378514917548,0.599061099990468,0.146578019254599,0.0,0.0243780383185587,0.0106043275188256
0.371240311484634,0.123395835980469,0.489063549400083,0.0,0.0144488210415494,0.0018514820932638
0.131743365804501,0.711320120927108,0.133691635875042,0.0,0.0213861829582353,0.0018586944351136
0.570368787990601,0.37181752859612,0.0505311401549725,0.0,0.0,0.0072825432583069
0.478352180936995,0.332754442649434,0.102059773828756,0.0,0.0868336025848142,0.0
0.559748918086475,0.328082966197513,0.0716402198916137,0.0,0.0192989980116183,0.0212288978127802
0.474462278948839,0.419669524484841,0.0495713272738993,0.0,0.0451664195620877,0.0111304497303336
0.611280923584387,0.332556349642661,0.0531940626717976,0.0,0.0029686641011544,0.0
0.401089298053083,0.493252855342844,0.0493029305369263,0.0,0.0563549160671462,0.0
0.352705459490966,0.379152904604624,0.0652078880901496,0.0,0.166431902078881,0.0365018457353798
0.272931606550358,0.471604409718506,0.0139141603339398,0.110414213849941,0.083228085197474,0.0479075243497805
0.606902090069528,0.215706164542784,0.160104820473805,0.0,0.0,0.0172869249138823
0.165026541445488,0.653981216823193,0.149387505104124,0.0,0.0252552062066149,0.0063495304205798
0.631574227682375,0.277810160068152,0.0766488813164148,0.0,0.0,0.0139667309330583
0.373326304691618,0.48641012124407,0.114243542435424,0.0,0.0209594095940959,0.0050606220347917
0.348935384899306,0.546587003160396,0.060393550024222,0.0,0.041361969134236,0.0027220927818404
0.365446736656633,0.462245796931209,0.171683429997798,0.0,0.0006240364143601,0.0
0.273311623353128,0.557542089692016,0.158525424089564,0.0,0.0091096779686269,0.0015111848966647
0.382163845497011,0.386734642623939,0.0419659450499773,0.0,0.158772414485911,0.0303631523431613
0.753607560191358,0.167555485844248,0.0788369539643949,0.0,0.0,0.0
0.419616065245826,0.474378702777564,0.0920981765022697,0.0,0.0112525967530968,0.0026544587212433
0.517016902695295,0.297190497944267,0.184536317953403,0.0,0.0,0.0012562814070351
0.475278922272117,0.377158464885885,0.0494653025322901,0.0,0.0674737280681449,0.0306235822415628
0.656365910936506,0.271558062462963,0.0713298070803064,0.0,0.0,0.0007462195202247
0.570403167606156,0.202520041350524,0.212272523357194,0.0,0.0,0.0148042676861261
0.202680257559555,0.527928829833223,0.0221155377579577,0.126891310777912,0.112193124160997,0.0081909399103547
0.619882814766113,0.282578848645408,0.0884110378434823,0.0,9.66874867054706e-05,0.0090306112582909
0.66464960340175,0.171927385722463,0.126584348679369,0.0,0.0,0.0368386621964183
0.411780459635438,0.0523575983797265,0.531141723716586,0.0,0.0,0.004720218268249
0.318698408900586,0.526809426964948,0.0712764684770905,0.0,0.0832156956573752,0.0
0.61547408683204,0.278166730042275,0.0734336904735276,0.0,0.0,0.0329254926521573
0.666058198217545,0.274433587458391,0.0593578868248684,0.0,0.0,0.0001503274991946
0.554889851599226,0.120748456078901,0.313374504562632,0.0,0.0,0.0109871877592404
0.571919225357941,0.384755441529421,0.0418770172970288,0.0,0.0013034842340478,0.0001448315815608
0.4616611235136,0.330333955988883,0.0538065515513235,0.0,0.1322383707686,0.0219599981775935
0.337351066777501,0.40687632769927,0.0561559065299713,0.0,0.168975708875958,0.0306409901172993
0.593949364041247,0.318641415559925,0.0872687878666292,0.0,0.0,0.0001404325321991
0.559094770052178,0.278890102333859,0.14506734619585,0.0,0.0010112041418921,0.0159365772762205
0.372972401395791,0.520270698953156,0.0605054457015967,0.0,0.0459765253251559,0.0002749286242994
0.553524237762789,0.178874294955232,0.235573699364967,0.0,0.0,0.0320277679170117
0.475420006036015,0.349099627779082,0.158663358036283,0.0,0.0,0.0168170081486201
0.668754660700969,0.183743475018643,0.13237456056248,0.0,0.0,0.0151273037179077
0.255384055001594,0.596730865546601,0.0613531849018804,0.0,0.0865318945499248,0.0
0.59522143780873,0.191969301871992,0.199898238249698,0.0,0.0,0.0129110220695795
0.55492317593114,0.348383074571635,0.0610972568578553,0.0,0.0,0.0355964926393693
0.577775766898923,0.347864446656411,0.0281196271830603,0.0,0.0462401592616052,0.0
0.308665607473057,0.56457571639134,0.0765682127064949,0.0,0.0427633467965774,0.00742711663253
0.616843025133456,0.262239024297574,0.089287410475123,0.0,0.0,0.0316305400938467
0.632546729919312,0.151461703766776,0.19717795888578,0.0,0.0,0.0188136074281312
0.261585648744781,0.583715655446157,0.0397700912418165,0.0,0.0997731841847518,0.0151554203824939
0.144472397320293,0.732990360968991,0.0698476411227633,0.0,0.0424852305170025,0.01020437007095
0.262634616738228,0.368286760047864,0.334799746603787,0.0,0.0288942070810164,0.0053846695291053
0.282682792743265,0.56499175371083,0.0728092358438702,0.0,0.0774931280923584,0.0020230896096756
0.354843574937516,0.467077479962079,0.0525510643799017,0.0,0.104714298026372,0.0208135826941308
0.624504454998626,0.303980060446677,0.0587785061035443,0.0,0.0,0.012736978451152
0.520596550480997,0.402159269870785,0.0604899151850938,0.0,0.0,0.0167542644631235
0.541348782959521,0.345608902655882,0.103061244000841,0.0,0.0,0.0099810703837549
0.692001643349839,0.204424070750535,0.0639825285964495,0.0,0.0,0.0395917573031764
0.623463418246445,0.200662766587678,0.155527991706161,0.0,0.0,0.0203458234597156
0.689440393059559,0.186974099077316,0.0826160125345764,0.0,0.0,0.040969495328549
0.315675388732831,0.588529340204817,0.0671517993408683,0.0,0.0286434717214837,0.0
0.327271851441509,0.568197692622655,0.0434740721115633,0.0,0.0594667501625761,0.001589633661697
0.615028241416513,0.209451883818832,0.175519874764655,0.0,0.0,0.0
0.656011548772943,0.232923168580005,0.0422538438624229,0.0,0.0,0.0688114387846291
0.450181818181818,0.151618181818182,0.393418181818182,0.0,0.0013636363636363,0.0034181818181818
0.613093964561492,0.11631299476786,0.270593040670647,0.0,0.0,0.0
0.649352360043908,0.274599341383095,0.0760482985729967,0.0,0.0,0.0
0.536691937110207,0.172349404339545,0.280987414572207,0.0,0.0,0.0099712439780408
0.611988847583643,0.251897459727385,0.126897459727385,0.0,0.0,0.0092162329615861
0.609789913539119,0.20773718973253,0.16581617916081,0.0,0.0,0.0166567175675415
0.784972459319682,0.136652230584871,0.0678005297901862,0.0,0.0,0.01057478030526
0.660269433322156,0.234639736483954,0.104518826801317,0.0,0.0,0.0005720033925718
0.608113631718782,0.244492131616595,0.144246883302677,0.0,0.0,0.0031473533619456
0.651567876133875,0.218994369721614,0.121031435720988,0.0,0.0,0.008406318423522
0.559327874168964,0.361987189881628,0.0703543051726933,0.0,0.0,0.0083306307767147
0.217206951805744,0.471046468630593,0.0431159866880315,0.0,0.169061999260446,0.0995685936151855
0.654493275561308,0.174797891696209,0.169789732335453,0.0,0.0,0.0009191004070301
0.660843010573987,0.206036936244469,0.133120053181544,0.0,0.0,0.0
0.646246246246246,0.226783033033033,0.126238738738739,0.0,0.0,0.0007319819819819
0.494039526314752,0.187956887549014,0.137534235778605,0.0,0.0,0.180469350357628
0.71056341036265,0.187988552389902,0.0847892016573405,0.0,0.0,0.0166588355901072
0.624549918166939,0.21110883797054,0.16434124386252,0.0,0.0,0.0
0.516418360966775,0.419438994415817,0.053966063689873,0.0,0.0,0.0101765809275349
0.368288147655012,0.510915727370813,0.0791763274488648,0.0,0.0365234957875163,0.0050963017377929
0.593927453934407,0.313593695677367,0.0619306988063506,0.0,0.0,0.030548151581875
0.591605725844095,0.28510580364089,0.109110004667808,0.0,0.0,0.014178465847207
0.281246160596753,0.551469942957437,0.153295304958315,0.0,0.0118297498903027,0.0021588415971917
0.492576212288738,0.38394408466277,0.123479703048492,0.0,0.0,0.0
0.614944711741369,0.226808474719338,0.158246813539293,0.0,0.0,0.0
0.388993843486765,0.43791256417665,0.0467406040939701,0.0,0.0328051030160247,0.0935478852265908
0.39888292871758,0.0883334255009308,0.510073918413243,0.0,0.0,0.0027097273682464
0.577503238019328,0.271953771047126,0.108458702799641,0.0,0.0,0.0420842881339045
0.277683956574186,0.545454545454545,0.0585151880688672,0.0,0.118346309902402,0.0
0.215160282374725,0.613308644832774,0.0600856382363152,0.0,0.111445434556186,0.0
0.504165866769054,0.0798233826070263,0.407026300633519,0.0,0.0,0.0089844499904012
0.511103652738155,0.168540582871847,0.303201506591337,0.0,0.0,0.0171542577986612
0.627555388502579,0.300110672597047,0.0723339389003737,0.0,0.0,0.0
0.664208675015362,0.272794694128366,0.062996630856271,0.0,0.0,0.0
0.392582464535977,0.46451156090534,0.0446077593573748,0.0,0.0876773201162194,0.0106208950850892
0.54791675680353,0.362696318089387,0.0893869251070826,0.0,0.0,0.0
0.305434806116049,0.53223469365687,0.103635459244361,0.0,0.056424230627825,0.0022708103548952
0.417421852274507,0.428453156116444,0.0399633035734264,0.0,0.0886084446532858,0.0255532433823364
0.500790555496996,0.407315273532202,0.0431327079160957,0.0,0.0467798039422367,0.0019816591124696
0.505918352823968,0.414853998149773,0.0366012761818915,0.0,0.0420807932253243,0.0005455796190431
0.533146290594895,0.369227331413249,0.0333697487337372,0.0,0.0568576819942397,0.0073989472638792
0.635038640574863,0.307610611470149,0.0573507479549871,0.0,0.0,0.0
0.693882278614299,0.232894598294198,0.0732231230915025,0.0,0.0,0.0
0.640106782498529,0.29702275915117,0.0530971449255689,0.0,0.0,0.0097733134247319
0.150476364133655,0.727196061448694,0.0879108355745999,0.0,0.0252997219309841,0.0091170169120663
0.629882171141588,0.117539115317752,0.252578713540661,0.0,0.0,0.0
0.189933639612047,0.618111281265952,0.17590607452782,0.0,0.0132720775906074,0.0027769270035732
0.28285772941901,0.619893245740094,0.0609525764730034,0.0,0.0362964483678916,0.0
0.524285635226623,0.43293549041672,0.0175063181390544,0.0,0.0166024091940452,0.0086701470235569
0.592834005683512,0.223485224856422,0.156833131297073,0.0,0.0,0.0268476381629935
0.363713798977853,0.433844406587166,0.0715739163354154,0.0,0.119416051485898,0.0114518266136664
0.601479659718582,0.10111680038705,0.28625569487562,0.0,0.0,0.0111478450187477
0.64487314682712,0.168910117238385,0.186216735934495,0.0,0.0,0.0
0.511675684471746,0.145986737724258,0.342337577803995,0.0,0.0,0.0
0.628385095637651,0.245198234381835,0.126416669980515,0.0,0.0,0.0
0.287940771043621,0.521321534972653,0.0648983947707768,0.0564498199119569,0.0693894793009916,0.0
0.610128634511594,0.307336220321266,0.0825351451671395,0.0,0.0,0.0
0.534102956767582,0.381474064475596,0.0844229787568225,0.0,0.0,0.0
0.67657952538869,0.240858779447866,0.0555364141435893,0.0,0.0,0.0270252810198544
0.581884029902777,0.260080567068211,0.153890847116241,0.0,0.003795948406089,0.0003486075066816
0.536054009761659,0.0739784103459332,0.352470697210446,0.0,0.0,0.0374968826819623
0.59828827604945,0.338563600960014,0.0631481229905357,0.0,0.0,0.0
0.599054345223845,0.162117947490224,0.238269092650227,0.0,0.0,0.0005586146357034
0.654033022594407,0.256734871227682,0.0873558224048032,0.0,0.0,0.0018762837731079
0.657083591811414,0.190194633995037,0.124941842431762,0.0,0.0,0.0277799317617866
0.572909809084924,0.103357472021066,0.323366981201083,0.0,0.0,0.0003657376929266
0.595718882619036,0.349624586112018,0.0323415566851653,0.0,0.0,0.0223149745837802
0.495437067418611,0.418200461420149,0.0301461163804152,0.0,0.0521917457062291,0.0040246090745962
0.617382787548439,0.182706638845122,0.180896818975429,0.0,0.0,0.0190137546310096
0.671852007567795,0.162371242379651,0.16449442926214,0.0,0.0,0.0012823207904141
0.293879876778433,0.5486386865863,0.147883687387596,0.0,0.0082266422122901,0.0013711070353816
0.605837811919365,0.134037919805007,0.246998181927157,0.0,0.0,0.0131260863484706
0.352482100238663,0.414773269689738,0.0569689737470167,0.0375656324582338,0.137040572792363,0.0011694510739856
0.622626036716056,0.178753145093654,0.189171559034573,0.0,0.0,0.009449259155717
0.122801209472732,0.787349091791918,0.0733187666909444,0.0,0.0117195259220022,0.0048114061224039
0.478469427137895,0.391134145669074,0.122273069783683,0.0,0.0,0.0081233574093473
0.551125343092406,0.148179322964318,0.283147301006404,0.0,0.0,0.0175480329368709
0.341770859913243,0.0848856000680445,0.560704261291146,0.0,0.0126392787275665,0.0
0.397040011021235,0.493141248942158,0.0690204876896734,0.0,0.0407982523469327,0.0
0.543781328320802,0.364563753132832,0.07859492481203,0.0,0.0,0.0130599937343358
0.529615181866104,0.460537691091197,0.0,0.0,0.0,0.0098471270426989
0.165947360182473,0.6081084102954,0.208837406918759,0.0,0.0148929985017554,0.0022138241016122
0.534847437543201,0.360995358941444,0.0526118297620223,0.0,0.0274316184457391,0.0241137553075935
0.271389602373415,0.643151544113255,0.0429285387173207,0.0,0.0425303147960098,0.0
0.527422717795304,0.411839361798568,0.0364200888405402,0.0,0.0207370138700027,0.0035808176955851
0.127076091154886,0.7893223466804,0.0616711729110338,0.0,0.0164799794000257,0.0054504098536543
0.420649123969864,0.453900709219858,0.0676299684054704,0.0,0.0578201984048076,0.0
0.455293541897011,0.422993964220333,0.0925304960939624,0.0,0.0264813035834043,0.002700694205289
0.445665584723725,0.434314674562952,0.101190137235921,0.0,0.0143689615245904,0.0044606419528121
0.33166719239075,0.438696527794628,0.0626743988547303,0.0,0.145051318758644,0.0219105622012471
0.469368954398894,0.367091903150221,0.158252057757395,0.0,0.0,0.0052870846934892
0.639350849387236,0.243654709020693,0.108556376543072,0.0,0.0,0.0084380650489988
0.64284859079045,0.212303345226407,0.133833002083283,0.0,0.0,0.0110150618998587
0.63723887003802,0.282633579984465,0.0801275499775152,0.0,0.0,0.0
0.556922950279881,0.130865162989793,0.304412248929865,0.0,0.0,0.0077996378004609
0.543154584179306,0.325948485210398,0.130896930610295,0.0,0.0,0.0
0.506238203789494,0.408412383263475,0.0354928058435669,0.0,0.0384587101992793,0.0113978969041841
0.571963852766145,0.0979722283447211,0.330045551392256,0.0,0.0,1.83674968775255e-05
0.165255982065242,0.736308734044013,0.0630004117673971,0.0,0.0265818730841378,0.0088529990392094
0.371914810852864,0.534046484488962,0.0497909170475542,0.0,0.0442477876106194,0.0
0.687683132104487,0.216620602231874,0.0950520562748072,0.0,0.0,0.0006442093888323
0.636851226853963,0.173237252576849,0.189911520569187,0.0,0.0,0.0
0.497219783435762,0.0889303482587064,0.397168568920105,0.0,0.0108830845771144,0.0057982148083113
0.594714136308175,0.276342164894544,0.128943698797281,0.0,0.0,0.0
0.612647088918449,0.24803028752686,0.113516832088407,0.0,0.0,0.0258057914662846
0.530360721442886,0.404028056112225,0.0423446893787575,0.0,0.015190380761523,0.0080761523046092
0.204658484281608,0.668179951635717,0.0472008030296117,0.0,0.0783638271661267,0.001596933886937
0.327229499577075,0.481036965914546,0.0555060238209542,0.0,0.136227510687424,0.0
0.377862327734334,0.216134235719045,0.396026931304134,0.0,0.0021040081354981,0.0078724971069888
0.522715791600714,0.059239551409423,0.414154851311757,0.0,0.0,0.0038898056781059
0.572654837363642,0.207145269934627,0.198760108887873,0.0,0.0027023267828402,0.0187374570310171
0.409189710246281,0.502220878144669,0.065681289810422,0.0,0.0229081217986277,0.0
0.707753923721233,0.189843051150687,0.098723265837196,0.0,0.0,0.0036797592908839
0.539700381790345,0.144208221089556,0.310781216690246,0.0,0.0001550417643752,0.005155138665478
0.503245091415351,0.168294330815061,0.317036218086522,0.0,0.0,0.0114243596830661
0.543927117180109,0.137210545798544,0.316024349113643,0.0,0.0,0.0028379879077036
0.554592995615657,0.384633669642385,0.0298452274047858,0.0,0.0309281073371718,0.0
0.459906819937724,0.457097370823871,0.0335729169105424,0.0,0.0474328658722168,0.0019900264556458
0.482644727360077,0.441608615581712,0.0460805508847786,0.0,0.0296661061734326,0.0
0.525485732867247,0.388139175676774,0.0745061377123811,0.0,0.0,0.011868953743598
0.372504398826979,0.490346041055718,0.0578533724340175,0.0,0.0765043988269794,0.0027917888563049
0.582038461538462,0.280980769230769,0.127673076923077,0.0,0.0,0.0093076923076923
0.45563865046316,0.400229455256225,0.0429803688280785,0.0631851788901164,0.0379663465624203,0.0
0.465391565653489,0.384662240360602,0.12312440356541,0.0,0.0,0.026821790420499
0.678356795916687,0.237651271918992,0.0839919321643204,0.0,0.0,0.0
0.311550925925926,0.552199074074074,0.0720138888888888,0.0,0.0628935185185185,0.0013425925925925
0.600165718805318,0.0653459380061014,0.319328838838462,0.0,0.0,0.0151595043501186
0.35453600350186,0.300694900415846,0.0,0.28501860363318,0.0597504924491135,0.0
0.303856820766575,0.55892974720166,0.0936570961112552,0.0,0.0291306690077615,0.0144256669127476
0.491457783014386,0.316166549476445,0.179510081526387,0.0,0.0003420687558199,0.0125235172269626
0.285323728519354,0.10451744488804,0.0888517618469015,0.504491407741712,0.0168156570039923,0.0
0.33495365992056,0.0921505579723851,0.104842065443541,0.463665594855305,0.0043881218082088,0.0
0.488197260273973,0.0433972602739726,0.0519232876712328,0.414202739726027,0.0,0.0022794520547945
0.177839939313484,0.325431443201214,0.0364119097288071,0.45917883557747,0.0,0.0011378721790252
0.329279213611846,0.110585834183727,0.0645396422100506,0.486973363600391,0.0034571089405835,0.0051648374534019
0.376370744731572,0.0573281205301802,0.062229426909507,0.497530275579289,0.0059311528559168,0.0006102793935348
0.293486530245986,0.106334003082145,0.0721377991923999,0.523340420966389,0.0,0.0047012465130796
0.34040445247392,0.067175631835577,0.149115138799852,0.440915360257979,0.0011849952405928,0.001204421392078
0.385109031593407,0.133477850274725,0.0463169642857142,0.435096153846154,0.0,0.0
0.250181211149428,0.189535879807587,0.0763942276012036,0.454455597777143,0.0200540338700112,0.0093790497946273
0.484457908403266,0.047284837993452,0.0806645843525382,0.387592669250743,0.0,0.0
0.172283488856328,0.0620613865967455,0.317787460476594,0.412277319349117,0.0290545230199737,0.0065358217012416
0.347745734301801,0.14146645463532,0.0490609017062792,0.461726909356599,0.0,0.0
0.133023354116031,0.355257317975272,0.0335411603085702,0.476593046602557,0.0,0.0015851209975694
0.208064552893711,0.322513733445784,0.0664448040847028,0.381413690136992,0.0215632194388092,0.0
0.157353899174144,0.259902914661567,0.060730871876773,0.522012314287515,0.0,0.0
0.441612945913757,0.0920089986199595,0.0612889199765582,0.405089135489725,0.0,0.0
0.452703374495416,0.091013939430094,0.0711686452305673,0.385114040843922,0.0,0.0
0.148311840326129,0.220298278541301,0.0633892353332929,0.537748985893322,0.0242578353615466,0.0059938245444087
0.22178972127974,0.24264690576799,0.0805145604795903,0.45477821027872,0.0,0.0002706021939593
0.217536005071416,0.231561639493651,0.0680480992095722,0.472810475643337,0.0,0.0100437805820242
0.351373809996929,0.123832577632458,0.0754014849070578,0.449392127463555,0.0,0.0
0.159764841406979,0.280899322727363,0.0715605076565572,0.486643230252835,0.0,0.0011320979562652
0.190497438734896,0.218858764524247,0.135220518678494,0.444125153943634,0.0090670569546825,0.0022310671640459
0.167565432098765,0.481422222222222,0.0786172839506172,0.272395061728395,0.0,0.0
0.252585223921676,0.147013722329257,0.097727362088625,0.488145323005544,0.0122871859395273,0.0022411827153697
0.175199649928892,0.0968894723407358,0.379681289428582,0.347117383218466,0.000893410640703,0.0002187944426211
0.264377791418834,0.12744745253265,0.0745295599348051,0.528184069597612,0.0037254196388883,0.0017357068772093
0.125676606633205,0.336285798641866,0.0461322704458222,0.491683889380966,0.0002214348981399,0.0
0.105797802501555,0.341856126045194,0.058047128740239,0.488885817612236,0.0054131251007762,0.0
0.120225815444661,0.369993495028343,0.0364510733203233,0.473329616206672,0.0,0.0
0.131905471764293,0.302744650999649,0.0595405121010171,0.495527884952648,0.0102814801823921,0.0
0.113065203546759,0.341669524322735,0.0425954048890412,0.48542595404889,0.0172439131925733,0.0
0.143207245604688,0.292999467234949,0.068407032498668,0.493596164091636,0.0017900905700586,0.0
0.174915161591546,0.250096795499579,0.0636117247819254,0.481836609196711,0.0295397089302389,0.0
0.429029103996339,0.0520501778693128,0.0961118392311052,0.422808878903243,0.0,0.0
0.26092678806451,0.246744062702575,0.0567505451116742,0.431178423399533,0.0,0.0044001807217082
0.168801777297926,0.284180802690862,0.0657766335153541,0.481240786495858,0.0,0.0
0.25611419389795,0.0722119462660912,0.155521925153672,0.490592829250976,0.0194682659791117,0.0060908394521981
0.242636098339317,0.189141525477105,0.0513111209086519,0.508408389494237,0.0,0.008502865780689
0.229105150918635,0.224081364829396,0.0650016404199475,0.481811843832021,0.0,0.0
0.265288344270863,0.295158449000135,0.0695743074510714,0.361557968910312,0.0,0.0084209303676171
0.144515718602555,0.104861368817261,0.350121048260263,0.389439643747018,0.0,0.0110622205729028
0.217063105286079,0.297131954957384,0.0703635345596317,0.415441405196906,0.0,0.0
0.406428708501247,0.058146229130685,0.0655152561888313,0.457935137209749,0.0060640951832661,0.0059105737862214
0.201399279286873,0.292689608665416,0.0426105831032811,0.452890228225823,0.0,0.0104103007186057
0.222145472128203,0.282724321337294,0.0440008289010154,0.451129377633488,0.0,0.0
0.315795068027211,0.142474489795918,0.0447916666666666,0.496938775510204,0.0,0.0
0.13373046875,0.05705078125,0.39259765625,0.4134375,0.00318359375,0.0
0.098747841105354,0.0669257340241796,0.448229706390328,0.339982728842832,0.038860103626943,0.0072538860103626
0.207252970537568,0.247824550554353,0.0685321789831706,0.473430805247582,0.0029594946773267,0.0
0.181633956695081,0.251525363994802,0.0684156038679266,0.49842507544219,0.0,0.0
0.374507085366512,0.061346489727569,0.0642454579829663,0.489997659218179,0.0073284477015323,0.002574860003241
0.176275305400655,0.322715733287044,0.0527046672597478,0.438431661856923,0.0,0.00987263219563
0.345626568835682,0.0830100581017746,0.0554687637135986,0.515297793536836,0.0,0.0005968158121083
0.426506701659012,0.0455712812822195,0.117218108538757,0.410703908520011,0.0,0.0
0.145577756956398,0.289913494432702,0.0435796308805264,0.505501928398666,0.0,0.0154271893317063
